duration_bin,log10_total_gametocyte_density_bin,prob,duration_bin_min,duration_bin_max,log10_total_gametocyte_density_bin_min,log10_total_gametocyte_density_bin_max,immunity_bin
"(135, 140]","(3.6, 3.7]",0.003236245954692557,135,140,3.6,3.7,"(-0.001, 0.05]"
"(140, 145]","(3.5, 3.6]",0.009708737864077669,140,145,3.5,3.6,"(-0.001, 0.05]"
"(145, 150]","(3.4, 3.5]",0.003236245954692557,145,150,3.4,3.5,"(-0.001, 0.05]"
"(145, 150]","(3.5, 3.6]",0.012944983818770227,145,150,3.5,3.6,"(-0.001, 0.05]"
"(150, 155]","(3.0, 3.1]",0.003236245954692557,150,155,3.0,3.1,"(-0.001, 0.05]"
"(150, 155]","(3.3, 3.4]",0.003236245954692557,150,155,3.3,3.4,"(-0.001, 0.05]"
"(150, 155]","(3.4, 3.5]",0.003236245954692557,150,155,3.4,3.5,"(-0.001, 0.05]"
"(150, 155]","(3.5, 3.6]",0.022653721682847898,150,155,3.5,3.6,"(-0.001, 0.05]"
"(155, 160]","(3.2, 3.3]",0.003236245954692557,155,160,3.2,3.3,"(-0.001, 0.05]"
"(155, 160]","(3.4, 3.5]",0.003236245954692557,155,160,3.4,3.5,"(-0.001, 0.05]"
"(155, 160]","(3.5, 3.6]",0.016181229773462782,155,160,3.5,3.6,"(-0.001, 0.05]"
"(160, 165]","(3.5, 3.6]",0.019417475728155338,160,165,3.5,3.6,"(-0.001, 0.05]"
"(160, 165]","(3.6, 3.7]",0.009708737864077669,160,165,3.6,3.7,"(-0.001, 0.05]"
"(165, 170]","(3.2, 3.3]",0.003236245954692557,165,170,3.2,3.3,"(-0.001, 0.05]"
"(165, 170]","(3.3, 3.4]",0.003236245954692557,165,170,3.3,3.4,"(-0.001, 0.05]"
"(165, 170]","(3.5, 3.6]",0.006472491909385114,165,170,3.5,3.6,"(-0.001, 0.05]"
"(165, 170]","(3.6, 3.7]",0.006472491909385114,165,170,3.6,3.7,"(-0.001, 0.05]"
"(170, 175]","(3.4, 3.5]",0.006472491909385114,170,175,3.4,3.5,"(-0.001, 0.05]"
"(170, 175]","(3.5, 3.6]",0.016181229773462782,170,175,3.5,3.6,"(-0.001, 0.05]"
"(170, 175]","(3.6, 3.7]",0.012944983818770227,170,175,3.6,3.7,"(-0.001, 0.05]"
"(175, 180]","(2.9, 3.0]",0.003236245954692557,175,180,2.9,3.0,"(-0.001, 0.05]"
"(175, 180]","(3.3, 3.4]",0.003236245954692557,175,180,3.3,3.4,"(-0.001, 0.05]"
"(175, 180]","(3.6, 3.7]",0.006472491909385114,175,180,3.6,3.7,"(-0.001, 0.05]"
"(180, 185]","(3.2, 3.3]",0.003236245954692557,180,185,3.2,3.3,"(-0.001, 0.05]"
"(180, 185]","(3.4, 3.5]",0.003236245954692557,180,185,3.4,3.5,"(-0.001, 0.05]"
"(180, 185]","(3.5, 3.6]",0.019417475728155338,180,185,3.5,3.6,"(-0.001, 0.05]"
"(180, 185]","(3.6, 3.7]",0.006472491909385114,180,185,3.6,3.7,"(-0.001, 0.05]"
"(185, 190]","(3.2, 3.3]",0.003236245954692557,185,190,3.2,3.3,"(-0.001, 0.05]"
"(185, 190]","(3.5, 3.6]",0.042071197411003236,185,190,3.5,3.6,"(-0.001, 0.05]"
"(185, 190]","(3.6, 3.7]",0.009708737864077669,185,190,3.6,3.7,"(-0.001, 0.05]"
"(190, 195]","(3.2, 3.3]",0.003236245954692557,190,195,3.2,3.3,"(-0.001, 0.05]"
"(190, 195]","(3.4, 3.5]",0.003236245954692557,190,195,3.4,3.5,"(-0.001, 0.05]"
"(190, 195]","(3.5, 3.6]",0.019417475728155338,190,195,3.5,3.6,"(-0.001, 0.05]"
"(190, 195]","(3.6, 3.7]",0.016181229773462782,190,195,3.6,3.7,"(-0.001, 0.05]"
"(195, 200]","(3.0, 3.1]",0.003236245954692557,195,200,3.0,3.1,"(-0.001, 0.05]"
"(195, 200]","(3.3, 3.4]",0.003236245954692557,195,200,3.3,3.4,"(-0.001, 0.05]"
"(195, 200]","(3.4, 3.5]",0.009708737864077669,195,200,3.4,3.5,"(-0.001, 0.05]"
"(195, 200]","(3.5, 3.6]",0.025889967637540454,195,200,3.5,3.6,"(-0.001, 0.05]"
"(195, 200]","(3.6, 3.7]",0.025889967637540454,195,200,3.6,3.7,"(-0.001, 0.05]"
"(195, 200]","(3.7, 3.8]",0.003236245954692557,195,200,3.7,3.8,"(-0.001, 0.05]"
"(200, 205]","(3.3, 3.4]",0.003236245954692557,200,205,3.3,3.4,"(-0.001, 0.05]"
"(200, 205]","(3.5, 3.6]",0.038834951456310676,200,205,3.5,3.6,"(-0.001, 0.05]"
"(200, 205]","(3.6, 3.7]",0.009708737864077669,200,205,3.6,3.7,"(-0.001, 0.05]"
"(205, 210]","(3.0, 3.1]",0.003236245954692557,205,210,3.0,3.1,"(-0.001, 0.05]"
"(205, 210]","(3.3, 3.4]",0.006472491909385114,205,210,3.3,3.4,"(-0.001, 0.05]"
"(205, 210]","(3.4, 3.5]",0.016181229773462782,205,210,3.4,3.5,"(-0.001, 0.05]"
"(205, 210]","(3.5, 3.6]",0.025889967637540454,205,210,3.5,3.6,"(-0.001, 0.05]"
"(205, 210]","(3.6, 3.7]",0.009708737864077669,205,210,3.6,3.7,"(-0.001, 0.05]"
"(210, 215]","(3.4, 3.5]",0.003236245954692557,210,215,3.4,3.5,"(-0.001, 0.05]"
"(210, 215]","(3.5, 3.6]",0.016181229773462782,210,215,3.5,3.6,"(-0.001, 0.05]"
"(210, 215]","(3.6, 3.7]",0.012944983818770227,210,215,3.6,3.7,"(-0.001, 0.05]"
"(215, 220]","(3.4, 3.5]",0.006472491909385114,215,220,3.4,3.5,"(-0.001, 0.05]"
"(215, 220]","(3.5, 3.6]",0.006472491909385114,215,220,3.5,3.6,"(-0.001, 0.05]"
"(215, 220]","(3.6, 3.7]",0.009708737864077669,215,220,3.6,3.7,"(-0.001, 0.05]"
"(220, 225]","(3.3, 3.4]",0.009708737864077669,220,225,3.3,3.4,"(-0.001, 0.05]"
"(220, 225]","(3.4, 3.5]",0.006472491909385114,220,225,3.4,3.5,"(-0.001, 0.05]"
"(220, 225]","(3.5, 3.6]",0.012944983818770227,220,225,3.5,3.6,"(-0.001, 0.05]"
"(220, 225]","(3.6, 3.7]",0.009708737864077669,220,225,3.6,3.7,"(-0.001, 0.05]"
"(225, 230]","(3.1, 3.2]",0.003236245954692557,225,230,3.1,3.2,"(-0.001, 0.05]"
"(225, 230]","(3.4, 3.5]",0.003236245954692557,225,230,3.4,3.5,"(-0.001, 0.05]"
"(225, 230]","(3.5, 3.6]",0.009708737864077669,225,230,3.5,3.6,"(-0.001, 0.05]"
"(225, 230]","(3.6, 3.7]",0.009708737864077669,225,230,3.6,3.7,"(-0.001, 0.05]"
"(230, 235]","(3.0, 3.1]",0.003236245954692557,230,235,3.0,3.1,"(-0.001, 0.05]"
"(230, 235]","(3.4, 3.5]",0.003236245954692557,230,235,3.4,3.5,"(-0.001, 0.05]"
"(230, 235]","(3.5, 3.6]",0.009708737864077669,230,235,3.5,3.6,"(-0.001, 0.05]"
"(230, 235]","(3.6, 3.7]",0.003236245954692557,230,235,3.6,3.7,"(-0.001, 0.05]"
"(235, 240]","(3.3, 3.4]",0.003236245954692557,235,240,3.3,3.4,"(-0.001, 0.05]"
"(235, 240]","(3.4, 3.5]",0.003236245954692557,235,240,3.4,3.5,"(-0.001, 0.05]"
"(235, 240]","(3.5, 3.6]",0.012944983818770227,235,240,3.5,3.6,"(-0.001, 0.05]"
"(235, 240]","(3.6, 3.7]",0.006472491909385114,235,240,3.6,3.7,"(-0.001, 0.05]"
"(240, 245]","(3.0, 3.1]",0.003236245954692557,240,245,3.0,3.1,"(-0.001, 0.05]"
"(240, 245]","(3.2, 3.3]",0.006472491909385114,240,245,3.2,3.3,"(-0.001, 0.05]"
"(240, 245]","(3.5, 3.6]",0.012944983818770227,240,245,3.5,3.6,"(-0.001, 0.05]"
"(240, 245]","(3.6, 3.7]",0.016181229773462782,240,245,3.6,3.7,"(-0.001, 0.05]"
"(245, 250]","(3.3, 3.4]",0.003236245954692557,245,250,3.3,3.4,"(-0.001, 0.05]"
"(245, 250]","(3.5, 3.6]",0.012944983818770227,245,250,3.5,3.6,"(-0.001, 0.05]"
"(245, 250]","(3.6, 3.7]",0.012944983818770227,245,250,3.6,3.7,"(-0.001, 0.05]"
"(250, 255]","(3.3, 3.4]",0.003236245954692557,250,255,3.3,3.4,"(-0.001, 0.05]"
"(250, 255]","(3.4, 3.5]",0.003236245954692557,250,255,3.4,3.5,"(-0.001, 0.05]"
"(250, 255]","(3.5, 3.6]",0.009708737864077669,250,255,3.5,3.6,"(-0.001, 0.05]"
"(250, 255]","(3.6, 3.7]",0.003236245954692557,250,255,3.6,3.7,"(-0.001, 0.05]"
"(255, 260]","(3.2, 3.3]",0.006472491909385114,255,260,3.2,3.3,"(-0.001, 0.05]"
"(255, 260]","(3.5, 3.6]",0.012944983818770227,255,260,3.5,3.6,"(-0.001, 0.05]"
"(255, 260]","(3.6, 3.7]",0.009708737864077669,255,260,3.6,3.7,"(-0.001, 0.05]"
"(260, 265]","(3.2, 3.3]",0.003236245954692557,260,265,3.2,3.3,"(-0.001, 0.05]"
"(260, 265]","(3.5, 3.6]",0.012944983818770227,260,265,3.5,3.6,"(-0.001, 0.05]"
"(260, 265]","(3.6, 3.7]",0.006472491909385114,260,265,3.6,3.7,"(-0.001, 0.05]"
"(265, 270]","(3.5, 3.6]",0.009708737864077669,265,270,3.5,3.6,"(-0.001, 0.05]"
"(265, 270]","(3.6, 3.7]",0.006472491909385114,265,270,3.6,3.7,"(-0.001, 0.05]"
"(270, 275]","(3.4, 3.5]",0.003236245954692557,270,275,3.4,3.5,"(-0.001, 0.05]"
"(270, 275]","(3.5, 3.6]",0.012944983818770227,270,275,3.5,3.6,"(-0.001, 0.05]"
"(270, 275]","(3.6, 3.7]",0.006472491909385114,270,275,3.6,3.7,"(-0.001, 0.05]"
"(275, 280]","(3.3, 3.4]",0.003236245954692557,275,280,3.3,3.4,"(-0.001, 0.05]"
"(275, 280]","(3.5, 3.6]",0.003236245954692557,275,280,3.5,3.6,"(-0.001, 0.05]"
"(275, 280]","(3.6, 3.7]",0.003236245954692557,275,280,3.6,3.7,"(-0.001, 0.05]"
"(280, 285]","(3.2, 3.3]",0.003236245954692557,280,285,3.2,3.3,"(-0.001, 0.05]"
"(280, 285]","(3.5, 3.6]",0.009708737864077669,280,285,3.5,3.6,"(-0.001, 0.05]"
"(280, 285]","(3.6, 3.7]",0.006472491909385114,280,285,3.6,3.7,"(-0.001, 0.05]"
"(285, 290]","(3.5, 3.6]",0.009708737864077669,285,290,3.5,3.6,"(-0.001, 0.05]"
"(285, 290]","(3.6, 3.7]",0.006472491909385114,285,290,3.6,3.7,"(-0.001, 0.05]"
"(290, 295]","(3.3, 3.4]",0.003236245954692557,290,295,3.3,3.4,"(-0.001, 0.05]"
"(290, 295]","(3.5, 3.6]",0.006472491909385114,290,295,3.5,3.6,"(-0.001, 0.05]"
"(295, 300]","(3.5, 3.6]",0.003236245954692557,295,300,3.5,3.6,"(-0.001, 0.05]"
"(295, 300]","(3.6, 3.7]",0.006472491909385114,295,300,3.6,3.7,"(-0.001, 0.05]"
"(300, 305]","(3.5, 3.6]",0.003236245954692557,300,305,3.5,3.6,"(-0.001, 0.05]"
"(305, 310]","(3.6, 3.7]",0.003236245954692557,305,310,3.6,3.7,"(-0.001, 0.05]"
"(310, 315]","(3.5, 3.6]",0.003236245954692557,310,315,3.5,3.6,"(-0.001, 0.05]"
"(315, 320]","(3.5, 3.6]",0.006472491909385114,315,320,3.5,3.6,"(-0.001, 0.05]"
"(325, 330]","(3.6, 3.7]",0.003236245954692557,325,330,3.6,3.7,"(-0.001, 0.05]"
"(330, 335]","(3.2, 3.3]",0.003236245954692557,330,335,3.2,3.3,"(-0.001, 0.05]"
"(330, 335]","(3.5, 3.6]",0.003236245954692557,330,335,3.5,3.6,"(-0.001, 0.05]"
"(340, 345]","(3.4, 3.5]",0.006472491909385114,340,345,3.4,3.5,"(-0.001, 0.05]"
"(340, 345]","(3.6, 3.7]",0.006472491909385114,340,345,3.6,3.7,"(-0.001, 0.05]"
"(345, 350]","(3.1, 3.2]",0.003236245954692557,345,350,3.1,3.2,"(-0.001, 0.05]"
"(345, 350]","(3.5, 3.6]",0.003236245954692557,345,350,3.5,3.6,"(-0.001, 0.05]"
"(350, 355]","(3.5, 3.6]",0.006472491909385114,350,355,3.5,3.6,"(-0.001, 0.05]"
"(355, 360]","(3.5, 3.6]",0.006472491909385114,355,360,3.5,3.6,"(-0.001, 0.05]"
"(365, 370]","(3.4, 3.5]",0.003236245954692557,365,370,3.4,3.5,"(-0.001, 0.05]"
"(370, 375]","(3.4, 3.5]",0.003236245954692557,370,375,3.4,3.5,"(-0.001, 0.05]"
"(385, 390]","(3.5, 3.6]",0.003236245954692557,385,390,3.5,3.6,"(-0.001, 0.05]"
"(395, 400]","(3.5, 3.6]",0.003236245954692557,395,400,3.5,3.6,"(-0.001, 0.05]"
"(400, 405]","(3.5, 3.6]",0.003236245954692557,400,405,3.5,3.6,"(-0.001, 0.05]"
"(430, 435]","(3.2, 3.3]",0.003236245954692557,430,435,3.2,3.3,"(-0.001, 0.05]"
"(435, 440]","(3.5, 3.6]",0.003236245954692557,435,440,3.5,3.6,"(-0.001, 0.05]"
"(440, 445]","(3.7, 3.8]",0.003236245954692557,440,445,3.7,3.8,"(-0.001, 0.05]"
"(445, 450]","(3.5, 3.6]",0.003236245954692557,445,450,3.5,3.6,"(-0.001, 0.05]"
"(515, 520]","(3.5, 3.6]",0.003236245954692557,515,520,3.5,3.6,"(-0.001, 0.05]"
"(525, 530]","(3.5, 3.6]",0.003236245954692557,525,530,3.5,3.6,"(-0.001, 0.05]"
"(530, 535]","(3.5, 3.6]",0.003236245954692557,530,535,3.5,3.6,"(-0.001, 0.05]"
"(135, 140]","(3.5, 3.6]",0.0036363636363636364,135,140,3.5,3.6,"(0.05, 0.1]"
"(140, 145]","(3.5, 3.6]",0.0036363636363636364,140,145,3.5,3.6,"(0.05, 0.1]"
"(140, 145]","(3.6, 3.7]",0.0036363636363636364,140,145,3.6,3.7,"(0.05, 0.1]"
"(145, 150]","(2.7, 2.8]",0.0036363636363636364,145,150,2.7,2.8,"(0.05, 0.1]"
"(145, 150]","(3.5, 3.6]",0.01090909090909091,145,150,3.5,3.6,"(0.05, 0.1]"
"(145, 150]","(3.6, 3.7]",0.0036363636363636364,145,150,3.6,3.7,"(0.05, 0.1]"
"(150, 155]","(1.5, 1.6]",0.0036363636363636364,150,155,1.5,1.6,"(0.05, 0.1]"
"(150, 155]","(3.3, 3.4]",0.0036363636363636364,150,155,3.3,3.4,"(0.05, 0.1]"
"(150, 155]","(3.4, 3.5]",0.0036363636363636364,150,155,3.4,3.5,"(0.05, 0.1]"
"(150, 155]","(3.5, 3.6]",0.01818181818181818,150,155,3.5,3.6,"(0.05, 0.1]"
"(150, 155]","(3.6, 3.7]",0.007272727272727273,150,155,3.6,3.7,"(0.05, 0.1]"
"(155, 160]","(2.7, 2.8]",0.0036363636363636364,155,160,2.7,2.8,"(0.05, 0.1]"
"(155, 160]","(3.3, 3.4]",0.0036363636363636364,155,160,3.3,3.4,"(0.05, 0.1]"
"(155, 160]","(3.5, 3.6]",0.01818181818181818,155,160,3.5,3.6,"(0.05, 0.1]"
"(155, 160]","(3.6, 3.7]",0.0036363636363636364,155,160,3.6,3.7,"(0.05, 0.1]"
"(160, 165]","(2.7, 2.8]",0.0036363636363636364,160,165,2.7,2.8,"(0.05, 0.1]"
"(160, 165]","(2.9, 3.0]",0.007272727272727273,160,165,2.9,3.0,"(0.05, 0.1]"
"(160, 165]","(3.0, 3.1]",0.0036363636363636364,160,165,3.0,3.1,"(0.05, 0.1]"
"(160, 165]","(3.4, 3.5]",0.014545454545454545,160,165,3.4,3.5,"(0.05, 0.1]"
"(160, 165]","(3.5, 3.6]",0.014545454545454545,160,165,3.5,3.6,"(0.05, 0.1]"
"(160, 165]","(3.6, 3.7]",0.007272727272727273,160,165,3.6,3.7,"(0.05, 0.1]"
"(165, 170]","(3.1, 3.2]",0.0036363636363636364,165,170,3.1,3.2,"(0.05, 0.1]"
"(165, 170]","(3.4, 3.5]",0.0036363636363636364,165,170,3.4,3.5,"(0.05, 0.1]"
"(165, 170]","(3.5, 3.6]",0.01090909090909091,165,170,3.5,3.6,"(0.05, 0.1]"
"(165, 170]","(3.6, 3.7]",0.007272727272727273,165,170,3.6,3.7,"(0.05, 0.1]"
"(170, 175]","(3.0, 3.1]",0.0036363636363636364,170,175,3.0,3.1,"(0.05, 0.1]"
"(170, 175]","(3.5, 3.6]",0.01090909090909091,170,175,3.5,3.6,"(0.05, 0.1]"
"(170, 175]","(3.6, 3.7]",0.01090909090909091,170,175,3.6,3.7,"(0.05, 0.1]"
"(175, 180]","(2.7, 2.8]",0.0036363636363636364,175,180,2.7,2.8,"(0.05, 0.1]"
"(175, 180]","(3.2, 3.3]",0.0036363636363636364,175,180,3.2,3.3,"(0.05, 0.1]"
"(175, 180]","(3.5, 3.6]",0.014545454545454545,175,180,3.5,3.6,"(0.05, 0.1]"
"(175, 180]","(3.6, 3.7]",0.007272727272727273,175,180,3.6,3.7,"(0.05, 0.1]"
"(180, 185]","(3.4, 3.5]",0.0036363636363636364,180,185,3.4,3.5,"(0.05, 0.1]"
"(180, 185]","(3.5, 3.6]",0.007272727272727273,180,185,3.5,3.6,"(0.05, 0.1]"
"(180, 185]","(3.6, 3.7]",0.01090909090909091,180,185,3.6,3.7,"(0.05, 0.1]"
"(185, 190]","(3.2, 3.3]",0.0036363636363636364,185,190,3.2,3.3,"(0.05, 0.1]"
"(185, 190]","(3.4, 3.5]",0.007272727272727273,185,190,3.4,3.5,"(0.05, 0.1]"
"(185, 190]","(3.5, 3.6]",0.01818181818181818,185,190,3.5,3.6,"(0.05, 0.1]"
"(185, 190]","(3.6, 3.7]",0.007272727272727273,185,190,3.6,3.7,"(0.05, 0.1]"
"(190, 195]","(2.6, 2.7]",0.0036363636363636364,190,195,2.6,2.7,"(0.05, 0.1]"
"(190, 195]","(3.1, 3.2]",0.0036363636363636364,190,195,3.1,3.2,"(0.05, 0.1]"
"(190, 195]","(3.4, 3.5]",0.007272727272727273,190,195,3.4,3.5,"(0.05, 0.1]"
"(190, 195]","(3.5, 3.6]",0.02909090909090909,190,195,3.5,3.6,"(0.05, 0.1]"
"(190, 195]","(3.6, 3.7]",0.0036363636363636364,190,195,3.6,3.7,"(0.05, 0.1]"
"(195, 200]","(3.4, 3.5]",0.014545454545454545,195,200,3.4,3.5,"(0.05, 0.1]"
"(195, 200]","(3.5, 3.6]",0.02909090909090909,195,200,3.5,3.6,"(0.05, 0.1]"
"(195, 200]","(3.6, 3.7]",0.01090909090909091,195,200,3.6,3.7,"(0.05, 0.1]"
"(200, 205]","(2.5, 2.6]",0.0036363636363636364,200,205,2.5,2.6,"(0.05, 0.1]"
"(200, 205]","(2.8, 2.9]",0.0036363636363636364,200,205,2.8,2.9,"(0.05, 0.1]"
"(200, 205]","(3.4, 3.5]",0.014545454545454545,200,205,3.4,3.5,"(0.05, 0.1]"
"(200, 205]","(3.5, 3.6]",0.02909090909090909,200,205,3.5,3.6,"(0.05, 0.1]"
"(200, 205]","(3.6, 3.7]",0.014545454545454545,200,205,3.6,3.7,"(0.05, 0.1]"
"(205, 210]","(3.0, 3.1]",0.0036363636363636364,205,210,3.0,3.1,"(0.05, 0.1]"
"(205, 210]","(3.1, 3.2]",0.007272727272727273,205,210,3.1,3.2,"(0.05, 0.1]"
"(205, 210]","(3.2, 3.3]",0.0036363636363636364,205,210,3.2,3.3,"(0.05, 0.1]"
"(205, 210]","(3.3, 3.4]",0.007272727272727273,205,210,3.3,3.4,"(0.05, 0.1]"
"(205, 210]","(3.4, 3.5]",0.007272727272727273,205,210,3.4,3.5,"(0.05, 0.1]"
"(205, 210]","(3.5, 3.6]",0.01090909090909091,205,210,3.5,3.6,"(0.05, 0.1]"
"(205, 210]","(3.6, 3.7]",0.01090909090909091,205,210,3.6,3.7,"(0.05, 0.1]"
"(210, 215]","(2.8, 2.9]",0.0036363636363636364,210,215,2.8,2.9,"(0.05, 0.1]"
"(210, 215]","(3.0, 3.1]",0.0036363636363636364,210,215,3.0,3.1,"(0.05, 0.1]"
"(210, 215]","(3.1, 3.2]",0.0036363636363636364,210,215,3.1,3.2,"(0.05, 0.1]"
"(210, 215]","(3.2, 3.3]",0.0036363636363636364,210,215,3.2,3.3,"(0.05, 0.1]"
"(210, 215]","(3.4, 3.5]",0.0036363636363636364,210,215,3.4,3.5,"(0.05, 0.1]"
"(210, 215]","(3.5, 3.6]",0.01090909090909091,210,215,3.5,3.6,"(0.05, 0.1]"
"(210, 215]","(3.6, 3.7]",0.007272727272727273,210,215,3.6,3.7,"(0.05, 0.1]"
"(215, 220]","(3.0, 3.1]",0.0036363636363636364,215,220,3.0,3.1,"(0.05, 0.1]"
"(215, 220]","(3.4, 3.5]",0.007272727272727273,215,220,3.4,3.5,"(0.05, 0.1]"
"(215, 220]","(3.5, 3.6]",0.014545454545454545,215,220,3.5,3.6,"(0.05, 0.1]"
"(220, 225]","(2.8, 2.9]",0.0036363636363636364,220,225,2.8,2.9,"(0.05, 0.1]"
"(220, 225]","(3.2, 3.3]",0.0036363636363636364,220,225,3.2,3.3,"(0.05, 0.1]"
"(220, 225]","(3.5, 3.6]",0.01818181818181818,220,225,3.5,3.6,"(0.05, 0.1]"
"(220, 225]","(3.6, 3.7]",0.007272727272727273,220,225,3.6,3.7,"(0.05, 0.1]"
"(225, 230]","(2.7, 2.8]",0.0036363636363636364,225,230,2.7,2.8,"(0.05, 0.1]"
"(225, 230]","(2.9, 3.0]",0.0036363636363636364,225,230,2.9,3.0,"(0.05, 0.1]"
"(225, 230]","(3.4, 3.5]",0.007272727272727273,225,230,3.4,3.5,"(0.05, 0.1]"
"(225, 230]","(3.5, 3.6]",0.02181818181818182,225,230,3.5,3.6,"(0.05, 0.1]"
"(225, 230]","(3.6, 3.7]",0.01090909090909091,225,230,3.6,3.7,"(0.05, 0.1]"
"(230, 235]","(3.4, 3.5]",0.0036363636363636364,230,235,3.4,3.5,"(0.05, 0.1]"
"(230, 235]","(3.5, 3.6]",0.014545454545454545,230,235,3.5,3.6,"(0.05, 0.1]"
"(235, 240]","(3.5, 3.6]",0.014545454545454545,235,240,3.5,3.6,"(0.05, 0.1]"
"(235, 240]","(3.6, 3.7]",0.0036363636363636364,235,240,3.6,3.7,"(0.05, 0.1]"
"(240, 245]","(2.9, 3.0]",0.0036363636363636364,240,245,2.9,3.0,"(0.05, 0.1]"
"(240, 245]","(3.1, 3.2]",0.0036363636363636364,240,245,3.1,3.2,"(0.05, 0.1]"
"(240, 245]","(3.4, 3.5]",0.0036363636363636364,240,245,3.4,3.5,"(0.05, 0.1]"
"(240, 245]","(3.5, 3.6]",0.01090909090909091,240,245,3.5,3.6,"(0.05, 0.1]"
"(240, 245]","(3.6, 3.7]",0.01090909090909091,240,245,3.6,3.7,"(0.05, 0.1]"
"(245, 250]","(3.4, 3.5]",0.0036363636363636364,245,250,3.4,3.5,"(0.05, 0.1]"
"(245, 250]","(3.5, 3.6]",0.007272727272727273,245,250,3.5,3.6,"(0.05, 0.1]"
"(245, 250]","(3.6, 3.7]",0.014545454545454545,245,250,3.6,3.7,"(0.05, 0.1]"
"(245, 250]","(3.7, 3.8]",0.0036363636363636364,245,250,3.7,3.8,"(0.05, 0.1]"
"(250, 255]","(3.0, 3.1]",0.0036363636363636364,250,255,3.0,3.1,"(0.05, 0.1]"
"(250, 255]","(3.4, 3.5]",0.0036363636363636364,250,255,3.4,3.5,"(0.05, 0.1]"
"(250, 255]","(3.5, 3.6]",0.007272727272727273,250,255,3.5,3.6,"(0.05, 0.1]"
"(250, 255]","(3.6, 3.7]",0.007272727272727273,250,255,3.6,3.7,"(0.05, 0.1]"
"(255, 260]","(3.5, 3.6]",0.02909090909090909,255,260,3.5,3.6,"(0.05, 0.1]"
"(255, 260]","(3.6, 3.7]",0.0036363636363636364,255,260,3.6,3.7,"(0.05, 0.1]"
"(260, 265]","(3.4, 3.5]",0.0036363636363636364,260,265,3.4,3.5,"(0.05, 0.1]"
"(260, 265]","(3.5, 3.6]",0.014545454545454545,260,265,3.5,3.6,"(0.05, 0.1]"
"(265, 270]","(3.5, 3.6]",0.014545454545454545,265,270,3.5,3.6,"(0.05, 0.1]"
"(265, 270]","(3.6, 3.7]",0.0036363636363636364,265,270,3.6,3.7,"(0.05, 0.1]"
"(270, 275]","(2.7, 2.8]",0.007272727272727273,270,275,2.7,2.8,"(0.05, 0.1]"
"(270, 275]","(2.8, 2.9]",0.0036363636363636364,270,275,2.8,2.9,"(0.05, 0.1]"
"(270, 275]","(3.0, 3.1]",0.0036363636363636364,270,275,3.0,3.1,"(0.05, 0.1]"
"(270, 275]","(3.5, 3.6]",0.007272727272727273,270,275,3.5,3.6,"(0.05, 0.1]"
"(270, 275]","(3.6, 3.7]",0.0036363636363636364,270,275,3.6,3.7,"(0.05, 0.1]"
"(275, 280]","(2.4, 2.5]",0.0036363636363636364,275,280,2.4,2.5,"(0.05, 0.1]"
"(275, 280]","(2.5, 2.6]",0.0036363636363636364,275,280,2.5,2.6,"(0.05, 0.1]"
"(275, 280]","(3.4, 3.5]",0.0036363636363636364,275,280,3.4,3.5,"(0.05, 0.1]"
"(275, 280]","(3.5, 3.6]",0.007272727272727273,275,280,3.5,3.6,"(0.05, 0.1]"
"(275, 280]","(3.6, 3.7]",0.01090909090909091,275,280,3.6,3.7,"(0.05, 0.1]"
"(280, 285]","(3.4, 3.5]",0.0036363636363636364,280,285,3.4,3.5,"(0.05, 0.1]"
"(280, 285]","(3.5, 3.6]",0.01090909090909091,280,285,3.5,3.6,"(0.05, 0.1]"
"(285, 290]","(3.5, 3.6]",0.007272727272727273,285,290,3.5,3.6,"(0.05, 0.1]"
"(290, 295]","(3.4, 3.5]",0.007272727272727273,290,295,3.4,3.5,"(0.05, 0.1]"
"(290, 295]","(3.5, 3.6]",0.007272727272727273,290,295,3.5,3.6,"(0.05, 0.1]"
"(295, 300]","(3.0, 3.1]",0.0036363636363636364,295,300,3.0,3.1,"(0.05, 0.1]"
"(295, 300]","(3.5, 3.6]",0.007272727272727273,295,300,3.5,3.6,"(0.05, 0.1]"
"(300, 305]","(3.6, 3.7]",0.0036363636363636364,300,305,3.6,3.7,"(0.05, 0.1]"
"(305, 310]","(3.6, 3.7]",0.0036363636363636364,305,310,3.6,3.7,"(0.05, 0.1]"
"(310, 315]","(3.5, 3.6]",0.01090909090909091,310,315,3.5,3.6,"(0.05, 0.1]"
"(310, 315]","(3.6, 3.7]",0.0036363636363636364,310,315,3.6,3.7,"(0.05, 0.1]"
"(315, 320]","(3.5, 3.6]",0.0036363636363636364,315,320,3.5,3.6,"(0.05, 0.1]"
"(320, 325]","(3.5, 3.6]",0.0036363636363636364,320,325,3.5,3.6,"(0.05, 0.1]"
"(320, 325]","(3.6, 3.7]",0.0036363636363636364,320,325,3.6,3.7,"(0.05, 0.1]"
"(330, 335]","(3.4, 3.5]",0.0036363636363636364,330,335,3.4,3.5,"(0.05, 0.1]"
"(335, 340]","(3.2, 3.3]",0.0036363636363636364,335,340,3.2,3.3,"(0.05, 0.1]"
"(335, 340]","(3.5, 3.6]",0.0036363636363636364,335,340,3.5,3.6,"(0.05, 0.1]"
"(355, 360]","(3.1, 3.2]",0.0036363636363636364,355,360,3.1,3.2,"(0.05, 0.1]"
"(370, 375]","(3.5, 3.6]",0.0036363636363636364,370,375,3.5,3.6,"(0.05, 0.1]"
"(385, 390]","(3.6, 3.7]",0.0036363636363636364,385,390,3.6,3.7,"(0.05, 0.1]"
"(420, 425]","(3.6, 3.7]",0.0036363636363636364,420,425,3.6,3.7,"(0.05, 0.1]"
"(430, 435]","(3.4, 3.5]",0.0036363636363636364,430,435,3.4,3.5,"(0.05, 0.1]"
"(430, 435]","(3.5, 3.6]",0.0036363636363636364,430,435,3.5,3.6,"(0.05, 0.1]"
"(110, 115]","(3.4, 3.5]",0.003484320557491289,110,115,3.4,3.5,"(0.1, 0.15]"
"(120, 125]","(2.7, 2.8]",0.003484320557491289,120,125,2.7,2.8,"(0.1, 0.15]"
"(120, 125]","(3.5, 3.6]",0.003484320557491289,120,125,3.5,3.6,"(0.1, 0.15]"
"(135, 140]","(3.1, 3.2]",0.003484320557491289,135,140,3.1,3.2,"(0.1, 0.15]"
"(140, 145]","(3.4, 3.5]",0.003484320557491289,140,145,3.4,3.5,"(0.1, 0.15]"
"(140, 145]","(3.5, 3.6]",0.003484320557491289,140,145,3.5,3.6,"(0.1, 0.15]"
"(140, 145]","(3.6, 3.7]",0.006968641114982578,140,145,3.6,3.7,"(0.1, 0.15]"
"(145, 150]","(2.8, 2.9]",0.003484320557491289,145,150,2.8,2.9,"(0.1, 0.15]"
"(145, 150]","(3.4, 3.5]",0.003484320557491289,145,150,3.4,3.5,"(0.1, 0.15]"
"(145, 150]","(3.5, 3.6]",0.010452961672473868,145,150,3.5,3.6,"(0.1, 0.15]"
"(150, 155]","(2.8, 2.9]",0.003484320557491289,150,155,2.8,2.9,"(0.1, 0.15]"
"(150, 155]","(2.9, 3.0]",0.003484320557491289,150,155,2.9,3.0,"(0.1, 0.15]"
"(150, 155]","(3.1, 3.2]",0.006968641114982578,150,155,3.1,3.2,"(0.1, 0.15]"
"(150, 155]","(3.4, 3.5]",0.010452961672473868,150,155,3.4,3.5,"(0.1, 0.15]"
"(150, 155]","(3.5, 3.6]",0.017421602787456445,150,155,3.5,3.6,"(0.1, 0.15]"
"(150, 155]","(3.6, 3.7]",0.013937282229965157,150,155,3.6,3.7,"(0.1, 0.15]"
"(155, 160]","(2.7, 2.8]",0.003484320557491289,155,160,2.7,2.8,"(0.1, 0.15]"
"(155, 160]","(2.8, 2.9]",0.003484320557491289,155,160,2.8,2.9,"(0.1, 0.15]"
"(155, 160]","(3.0, 3.1]",0.003484320557491289,155,160,3.0,3.1,"(0.1, 0.15]"
"(155, 160]","(3.1, 3.2]",0.003484320557491289,155,160,3.1,3.2,"(0.1, 0.15]"
"(155, 160]","(3.4, 3.5]",0.003484320557491289,155,160,3.4,3.5,"(0.1, 0.15]"
"(155, 160]","(3.5, 3.6]",0.03484320557491289,155,160,3.5,3.6,"(0.1, 0.15]"
"(160, 165]","(2.7, 2.8]",0.003484320557491289,160,165,2.7,2.8,"(0.1, 0.15]"
"(160, 165]","(2.8, 2.9]",0.003484320557491289,160,165,2.8,2.9,"(0.1, 0.15]"
"(160, 165]","(3.2, 3.3]",0.003484320557491289,160,165,3.2,3.3,"(0.1, 0.15]"
"(160, 165]","(3.3, 3.4]",0.003484320557491289,160,165,3.3,3.4,"(0.1, 0.15]"
"(160, 165]","(3.5, 3.6]",0.013937282229965157,160,165,3.5,3.6,"(0.1, 0.15]"
"(165, 170]","(2.9, 3.0]",0.003484320557491289,165,170,2.9,3.0,"(0.1, 0.15]"
"(165, 170]","(3.4, 3.5]",0.006968641114982578,165,170,3.4,3.5,"(0.1, 0.15]"
"(165, 170]","(3.5, 3.6]",0.020905923344947737,165,170,3.5,3.6,"(0.1, 0.15]"
"(165, 170]","(3.6, 3.7]",0.003484320557491289,165,170,3.6,3.7,"(0.1, 0.15]"
"(170, 175]","(2.4, 2.5]",0.003484320557491289,170,175,2.4,2.5,"(0.1, 0.15]"
"(170, 175]","(3.5, 3.6]",0.010452961672473868,170,175,3.5,3.6,"(0.1, 0.15]"
"(170, 175]","(3.6, 3.7]",0.006968641114982578,170,175,3.6,3.7,"(0.1, 0.15]"
"(175, 180]","(3.0, 3.1]",0.006968641114982578,175,180,3.0,3.1,"(0.1, 0.15]"
"(175, 180]","(3.1, 3.2]",0.003484320557491289,175,180,3.1,3.2,"(0.1, 0.15]"
"(175, 180]","(3.4, 3.5]",0.003484320557491289,175,180,3.4,3.5,"(0.1, 0.15]"
"(175, 180]","(3.5, 3.6]",0.013937282229965157,175,180,3.5,3.6,"(0.1, 0.15]"
"(180, 185]","(2.8, 2.9]",0.003484320557491289,180,185,2.8,2.9,"(0.1, 0.15]"
"(180, 185]","(3.1, 3.2]",0.003484320557491289,180,185,3.1,3.2,"(0.1, 0.15]"
"(180, 185]","(3.2, 3.3]",0.006968641114982578,180,185,3.2,3.3,"(0.1, 0.15]"
"(180, 185]","(3.5, 3.6]",0.003484320557491289,180,185,3.5,3.6,"(0.1, 0.15]"
"(180, 185]","(3.6, 3.7]",0.003484320557491289,180,185,3.6,3.7,"(0.1, 0.15]"
"(185, 190]","(2.7, 2.8]",0.003484320557491289,185,190,2.7,2.8,"(0.1, 0.15]"
"(185, 190]","(2.9, 3.0]",0.003484320557491289,185,190,2.9,3.0,"(0.1, 0.15]"
"(185, 190]","(3.0, 3.1]",0.003484320557491289,185,190,3.0,3.1,"(0.1, 0.15]"
"(185, 190]","(3.1, 3.2]",0.003484320557491289,185,190,3.1,3.2,"(0.1, 0.15]"
"(185, 190]","(3.5, 3.6]",0.013937282229965157,185,190,3.5,3.6,"(0.1, 0.15]"
"(185, 190]","(3.6, 3.7]",0.006968641114982578,185,190,3.6,3.7,"(0.1, 0.15]"
"(185, 190]","(3.7, 3.8]",0.003484320557491289,185,190,3.7,3.8,"(0.1, 0.15]"
"(190, 195]","(3.2, 3.3]",0.006968641114982578,190,195,3.2,3.3,"(0.1, 0.15]"
"(190, 195]","(3.4, 3.5]",0.006968641114982578,190,195,3.4,3.5,"(0.1, 0.15]"
"(190, 195]","(3.5, 3.6]",0.020905923344947737,190,195,3.5,3.6,"(0.1, 0.15]"
"(190, 195]","(3.6, 3.7]",0.010452961672473868,190,195,3.6,3.7,"(0.1, 0.15]"
"(195, 200]","(2.7, 2.8]",0.003484320557491289,195,200,2.7,2.8,"(0.1, 0.15]"
"(195, 200]","(3.0, 3.1]",0.003484320557491289,195,200,3.0,3.1,"(0.1, 0.15]"
"(195, 200]","(3.2, 3.3]",0.003484320557491289,195,200,3.2,3.3,"(0.1, 0.15]"
"(195, 200]","(3.4, 3.5]",0.010452961672473868,195,200,3.4,3.5,"(0.1, 0.15]"
"(195, 200]","(3.5, 3.6]",0.010452961672473868,195,200,3.5,3.6,"(0.1, 0.15]"
"(195, 200]","(3.6, 3.7]",0.010452961672473868,195,200,3.6,3.7,"(0.1, 0.15]"
"(200, 205]","(2.8, 2.9]",0.003484320557491289,200,205,2.8,2.9,"(0.1, 0.15]"
"(200, 205]","(2.9, 3.0]",0.006968641114982578,200,205,2.9,3.0,"(0.1, 0.15]"
"(200, 205]","(3.0, 3.1]",0.006968641114982578,200,205,3.0,3.1,"(0.1, 0.15]"
"(200, 205]","(3.3, 3.4]",0.006968641114982578,200,205,3.3,3.4,"(0.1, 0.15]"
"(200, 205]","(3.4, 3.5]",0.017421602787456445,200,205,3.4,3.5,"(0.1, 0.15]"
"(200, 205]","(3.5, 3.6]",0.03484320557491289,200,205,3.5,3.6,"(0.1, 0.15]"
"(205, 210]","(2.4, 2.5]",0.003484320557491289,205,210,2.4,2.5,"(0.1, 0.15]"
"(205, 210]","(2.6, 2.7]",0.003484320557491289,205,210,2.6,2.7,"(0.1, 0.15]"
"(205, 210]","(2.9, 3.0]",0.006968641114982578,205,210,2.9,3.0,"(0.1, 0.15]"
"(205, 210]","(3.0, 3.1]",0.003484320557491289,205,210,3.0,3.1,"(0.1, 0.15]"
"(205, 210]","(3.4, 3.5]",0.006968641114982578,205,210,3.4,3.5,"(0.1, 0.15]"
"(205, 210]","(3.5, 3.6]",0.020905923344947737,205,210,3.5,3.6,"(0.1, 0.15]"
"(205, 210]","(3.6, 3.7]",0.003484320557491289,205,210,3.6,3.7,"(0.1, 0.15]"
"(210, 215]","(2.5, 2.6]",0.003484320557491289,210,215,2.5,2.6,"(0.1, 0.15]"
"(210, 215]","(2.9, 3.0]",0.003484320557491289,210,215,2.9,3.0,"(0.1, 0.15]"
"(210, 215]","(3.1, 3.2]",0.006968641114982578,210,215,3.1,3.2,"(0.1, 0.15]"
"(210, 215]","(3.4, 3.5]",0.006968641114982578,210,215,3.4,3.5,"(0.1, 0.15]"
"(210, 215]","(3.5, 3.6]",0.013937282229965157,210,215,3.5,3.6,"(0.1, 0.15]"
"(210, 215]","(3.6, 3.7]",0.003484320557491289,210,215,3.6,3.7,"(0.1, 0.15]"
"(215, 220]","(1.2, 1.3]",0.003484320557491289,215,220,1.2,1.3,"(0.1, 0.15]"
"(215, 220]","(2.4, 2.5]",0.003484320557491289,215,220,2.4,2.5,"(0.1, 0.15]"
"(215, 220]","(3.0, 3.1]",0.003484320557491289,215,220,3.0,3.1,"(0.1, 0.15]"
"(215, 220]","(3.1, 3.2]",0.003484320557491289,215,220,3.1,3.2,"(0.1, 0.15]"
"(215, 220]","(3.4, 3.5]",0.003484320557491289,215,220,3.4,3.5,"(0.1, 0.15]"
"(215, 220]","(3.5, 3.6]",0.020905923344947737,215,220,3.5,3.6,"(0.1, 0.15]"
"(215, 220]","(3.6, 3.7]",0.006968641114982578,215,220,3.6,3.7,"(0.1, 0.15]"
"(220, 225]","(2.5, 2.6]",0.003484320557491289,220,225,2.5,2.6,"(0.1, 0.15]"
"(220, 225]","(3.1, 3.2]",0.003484320557491289,220,225,3.1,3.2,"(0.1, 0.15]"
"(220, 225]","(3.2, 3.3]",0.003484320557491289,220,225,3.2,3.3,"(0.1, 0.15]"
"(220, 225]","(3.3, 3.4]",0.003484320557491289,220,225,3.3,3.4,"(0.1, 0.15]"
"(220, 225]","(3.4, 3.5]",0.006968641114982578,220,225,3.4,3.5,"(0.1, 0.15]"
"(220, 225]","(3.6, 3.7]",0.003484320557491289,220,225,3.6,3.7,"(0.1, 0.15]"
"(225, 230]","(2.5, 2.6]",0.003484320557491289,225,230,2.5,2.6,"(0.1, 0.15]"
"(225, 230]","(3.4, 3.5]",0.006968641114982578,225,230,3.4,3.5,"(0.1, 0.15]"
"(225, 230]","(3.5, 3.6]",0.003484320557491289,225,230,3.5,3.6,"(0.1, 0.15]"
"(225, 230]","(3.6, 3.7]",0.006968641114982578,225,230,3.6,3.7,"(0.1, 0.15]"
"(230, 235]","(2.8, 2.9]",0.003484320557491289,230,235,2.8,2.9,"(0.1, 0.15]"
"(230, 235]","(3.5, 3.6]",0.010452961672473868,230,235,3.5,3.6,"(0.1, 0.15]"
"(230, 235]","(3.6, 3.7]",0.003484320557491289,230,235,3.6,3.7,"(0.1, 0.15]"
"(235, 240]","(2.9, 3.0]",0.003484320557491289,235,240,2.9,3.0,"(0.1, 0.15]"
"(235, 240]","(3.1, 3.2]",0.003484320557491289,235,240,3.1,3.2,"(0.1, 0.15]"
"(235, 240]","(3.4, 3.5]",0.010452961672473868,235,240,3.4,3.5,"(0.1, 0.15]"
"(235, 240]","(3.5, 3.6]",0.006968641114982578,235,240,3.5,3.6,"(0.1, 0.15]"
"(235, 240]","(3.6, 3.7]",0.003484320557491289,235,240,3.6,3.7,"(0.1, 0.15]"
"(240, 245]","(2.5, 2.6]",0.003484320557491289,240,245,2.5,2.6,"(0.1, 0.15]"
"(240, 245]","(2.6, 2.7]",0.003484320557491289,240,245,2.6,2.7,"(0.1, 0.15]"
"(240, 245]","(3.0, 3.1]",0.003484320557491289,240,245,3.0,3.1,"(0.1, 0.15]"
"(240, 245]","(3.4, 3.5]",0.003484320557491289,240,245,3.4,3.5,"(0.1, 0.15]"
"(240, 245]","(3.5, 3.6]",0.003484320557491289,240,245,3.5,3.6,"(0.1, 0.15]"
"(250, 255]","(3.1, 3.2]",0.003484320557491289,250,255,3.1,3.2,"(0.1, 0.15]"
"(250, 255]","(3.4, 3.5]",0.010452961672473868,250,255,3.4,3.5,"(0.1, 0.15]"
"(250, 255]","(3.5, 3.6]",0.020905923344947737,250,255,3.5,3.6,"(0.1, 0.15]"
"(255, 260]","(2.9, 3.0]",0.003484320557491289,255,260,2.9,3.0,"(0.1, 0.15]"
"(255, 260]","(3.0, 3.1]",0.003484320557491289,255,260,3.0,3.1,"(0.1, 0.15]"
"(255, 260]","(3.5, 3.6]",0.003484320557491289,255,260,3.5,3.6,"(0.1, 0.15]"
"(260, 265]","(3.0, 3.1]",0.003484320557491289,260,265,3.0,3.1,"(0.1, 0.15]"
"(260, 265]","(3.4, 3.5]",0.003484320557491289,260,265,3.4,3.5,"(0.1, 0.15]"
"(260, 265]","(3.5, 3.6]",0.006968641114982578,260,265,3.5,3.6,"(0.1, 0.15]"
"(260, 265]","(3.6, 3.7]",0.003484320557491289,260,265,3.6,3.7,"(0.1, 0.15]"
"(265, 270]","(3.5, 3.6]",0.013937282229965157,265,270,3.5,3.6,"(0.1, 0.15]"
"(265, 270]","(3.6, 3.7]",0.003484320557491289,265,270,3.6,3.7,"(0.1, 0.15]"
"(270, 275]","(2.8, 2.9]",0.003484320557491289,270,275,2.8,2.9,"(0.1, 0.15]"
"(270, 275]","(2.9, 3.0]",0.003484320557491289,270,275,2.9,3.0,"(0.1, 0.15]"
"(270, 275]","(3.3, 3.4]",0.003484320557491289,270,275,3.3,3.4,"(0.1, 0.15]"
"(270, 275]","(3.5, 3.6]",0.010452961672473868,270,275,3.5,3.6,"(0.1, 0.15]"
"(275, 280]","(2.7, 2.8]",0.003484320557491289,275,280,2.7,2.8,"(0.1, 0.15]"
"(275, 280]","(3.1, 3.2]",0.003484320557491289,275,280,3.1,3.2,"(0.1, 0.15]"
"(275, 280]","(3.4, 3.5]",0.006968641114982578,275,280,3.4,3.5,"(0.1, 0.15]"
"(275, 280]","(3.5, 3.6]",0.003484320557491289,275,280,3.5,3.6,"(0.1, 0.15]"
"(275, 280]","(3.6, 3.7]",0.006968641114982578,275,280,3.6,3.7,"(0.1, 0.15]"
"(280, 285]","(3.0, 3.1]",0.003484320557491289,280,285,3.0,3.1,"(0.1, 0.15]"
"(285, 290]","(2.8, 2.9]",0.003484320557491289,285,290,2.8,2.9,"(0.1, 0.15]"
"(285, 290]","(3.4, 3.5]",0.006968641114982578,285,290,3.4,3.5,"(0.1, 0.15]"
"(285, 290]","(3.5, 3.6]",0.010452961672473868,285,290,3.5,3.6,"(0.1, 0.15]"
"(285, 290]","(3.6, 3.7]",0.003484320557491289,285,290,3.6,3.7,"(0.1, 0.15]"
"(290, 295]","(3.6, 3.7]",0.003484320557491289,290,295,3.6,3.7,"(0.1, 0.15]"
"(300, 305]","(3.5, 3.6]",0.013937282229965157,300,305,3.5,3.6,"(0.1, 0.15]"
"(305, 310]","(3.4, 3.5]",0.003484320557491289,305,310,3.4,3.5,"(0.1, 0.15]"
"(305, 310]","(3.5, 3.6]",0.003484320557491289,305,310,3.5,3.6,"(0.1, 0.15]"
"(310, 315]","(3.1, 3.2]",0.003484320557491289,310,315,3.1,3.2,"(0.1, 0.15]"
"(310, 315]","(3.5, 3.6]",0.010452961672473868,310,315,3.5,3.6,"(0.1, 0.15]"
"(315, 320]","(3.5, 3.6]",0.006968641114982578,315,320,3.5,3.6,"(0.1, 0.15]"
"(320, 325]","(2.9, 3.0]",0.003484320557491289,320,325,2.9,3.0,"(0.1, 0.15]"
"(325, 330]","(3.5, 3.6]",0.003484320557491289,325,330,3.5,3.6,"(0.1, 0.15]"
"(325, 330]","(3.6, 3.7]",0.003484320557491289,325,330,3.6,3.7,"(0.1, 0.15]"
"(335, 340]","(2.8, 2.9]",0.003484320557491289,335,340,2.8,2.9,"(0.1, 0.15]"
"(340, 345]","(3.6, 3.7]",0.003484320557491289,340,345,3.6,3.7,"(0.1, 0.15]"
"(355, 360]","(3.5, 3.6]",0.006968641114982578,355,360,3.5,3.6,"(0.1, 0.15]"
"(360, 365]","(3.1, 3.2]",0.003484320557491289,360,365,3.1,3.2,"(0.1, 0.15]"
"(360, 365]","(3.6, 3.7]",0.003484320557491289,360,365,3.6,3.7,"(0.1, 0.15]"
"(360, 365]","(3.8, 3.9]",0.003484320557491289,360,365,3.8,3.9,"(0.1, 0.15]"
"(365, 370]","(2.8, 2.9]",0.003484320557491289,365,370,2.8,2.9,"(0.1, 0.15]"
"(365, 370]","(3.0, 3.1]",0.003484320557491289,365,370,3.0,3.1,"(0.1, 0.15]"
"(365, 370]","(3.5, 3.6]",0.003484320557491289,365,370,3.5,3.6,"(0.1, 0.15]"
"(375, 380]","(3.0, 3.1]",0.003484320557491289,375,380,3.0,3.1,"(0.1, 0.15]"
"(380, 385]","(2.7, 2.8]",0.003484320557491289,380,385,2.7,2.8,"(0.1, 0.15]"
"(380, 385]","(3.4, 3.5]",0.003484320557491289,380,385,3.4,3.5,"(0.1, 0.15]"
"(385, 390]","(2.9, 3.0]",0.003484320557491289,385,390,2.9,3.0,"(0.1, 0.15]"
"(385, 390]","(3.6, 3.7]",0.003484320557491289,385,390,3.6,3.7,"(0.1, 0.15]"
"(405, 410]","(2.9, 3.0]",0.003484320557491289,405,410,2.9,3.0,"(0.1, 0.15]"
"(420, 425]","(3.4, 3.5]",0.003484320557491289,420,425,3.4,3.5,"(0.1, 0.15]"
"(465, 470]","(3.4, 3.5]",0.003484320557491289,465,470,3.4,3.5,"(0.1, 0.15]"
"(85, 90]","(0.5, 0.6]",0.003215434083601286,85,90,0.5,0.6,"(0.15, 0.2]"
"(110, 115]","(3.3, 3.4]",0.003215434083601286,110,115,3.3,3.4,"(0.15, 0.2]"
"(115, 120]","(2.8, 2.9]",0.003215434083601286,115,120,2.8,2.9,"(0.15, 0.2]"
"(120, 125]","(2.9, 3.0]",0.006430868167202572,120,125,2.9,3.0,"(0.15, 0.2]"
"(120, 125]","(3.5, 3.6]",0.003215434083601286,120,125,3.5,3.6,"(0.15, 0.2]"
"(130, 135]","(1.8, 1.9]",0.003215434083601286,130,135,1.8,1.9,"(0.15, 0.2]"
"(130, 135]","(2.8, 2.9]",0.003215434083601286,130,135,2.8,2.9,"(0.15, 0.2]"
"(135, 140]","(3.5, 3.6]",0.003215434083601286,135,140,3.5,3.6,"(0.15, 0.2]"
"(140, 145]","(3.5, 3.6]",0.006430868167202572,140,145,3.5,3.6,"(0.15, 0.2]"
"(140, 145]","(3.6, 3.7]",0.003215434083601286,140,145,3.6,3.7,"(0.15, 0.2]"
"(145, 150]","(1.0, 1.1]",0.003215434083601286,145,150,1.0,1.1,"(0.15, 0.2]"
"(145, 150]","(2.9, 3.0]",0.003215434083601286,145,150,2.9,3.0,"(0.15, 0.2]"
"(145, 150]","(3.0, 3.1]",0.003215434083601286,145,150,3.0,3.1,"(0.15, 0.2]"
"(145, 150]","(3.4, 3.5]",0.006430868167202572,145,150,3.4,3.5,"(0.15, 0.2]"
"(145, 150]","(3.5, 3.6]",0.01929260450160772,145,150,3.5,3.6,"(0.15, 0.2]"
"(145, 150]","(3.6, 3.7]",0.00964630225080386,145,150,3.6,3.7,"(0.15, 0.2]"
"(145, 150]","(3.7, 3.8]",0.006430868167202572,145,150,3.7,3.8,"(0.15, 0.2]"
"(150, 155]","(3.0, 3.1]",0.006430868167202572,150,155,3.0,3.1,"(0.15, 0.2]"
"(150, 155]","(3.4, 3.5]",0.003215434083601286,150,155,3.4,3.5,"(0.15, 0.2]"
"(150, 155]","(3.5, 3.6]",0.006430868167202572,150,155,3.5,3.6,"(0.15, 0.2]"
"(150, 155]","(3.6, 3.7]",0.00964630225080386,150,155,3.6,3.7,"(0.15, 0.2]"
"(155, 160]","(2.7, 2.8]",0.003215434083601286,155,160,2.7,2.8,"(0.15, 0.2]"
"(155, 160]","(2.8, 2.9]",0.00964630225080386,155,160,2.8,2.9,"(0.15, 0.2]"
"(155, 160]","(2.9, 3.0]",0.003215434083601286,155,160,2.9,3.0,"(0.15, 0.2]"
"(155, 160]","(3.0, 3.1]",0.006430868167202572,155,160,3.0,3.1,"(0.15, 0.2]"
"(155, 160]","(3.1, 3.2]",0.003215434083601286,155,160,3.1,3.2,"(0.15, 0.2]"
"(155, 160]","(3.5, 3.6]",0.01607717041800643,155,160,3.5,3.6,"(0.15, 0.2]"
"(155, 160]","(3.6, 3.7]",0.003215434083601286,155,160,3.6,3.7,"(0.15, 0.2]"
"(160, 165]","(2.8, 2.9]",0.006430868167202572,160,165,2.8,2.9,"(0.15, 0.2]"
"(160, 165]","(3.0, 3.1]",0.006430868167202572,160,165,3.0,3.1,"(0.15, 0.2]"
"(160, 165]","(3.1, 3.2]",0.003215434083601286,160,165,3.1,3.2,"(0.15, 0.2]"
"(160, 165]","(3.4, 3.5]",0.006430868167202572,160,165,3.4,3.5,"(0.15, 0.2]"
"(160, 165]","(3.5, 3.6]",0.012861736334405145,160,165,3.5,3.6,"(0.15, 0.2]"
"(160, 165]","(3.6, 3.7]",0.006430868167202572,160,165,3.6,3.7,"(0.15, 0.2]"
"(165, 170]","(1.8, 1.9]",0.003215434083601286,165,170,1.8,1.9,"(0.15, 0.2]"
"(165, 170]","(2.5, 2.6]",0.003215434083601286,165,170,2.5,2.6,"(0.15, 0.2]"
"(165, 170]","(2.7, 2.8]",0.006430868167202572,165,170,2.7,2.8,"(0.15, 0.2]"
"(165, 170]","(2.8, 2.9]",0.003215434083601286,165,170,2.8,2.9,"(0.15, 0.2]"
"(165, 170]","(3.0, 3.1]",0.012861736334405145,165,170,3.0,3.1,"(0.15, 0.2]"
"(165, 170]","(3.1, 3.2]",0.00964630225080386,165,170,3.1,3.2,"(0.15, 0.2]"
"(165, 170]","(3.4, 3.5]",0.006430868167202572,165,170,3.4,3.5,"(0.15, 0.2]"
"(165, 170]","(3.5, 3.6]",0.00964630225080386,165,170,3.5,3.6,"(0.15, 0.2]"
"(165, 170]","(3.6, 3.7]",0.003215434083601286,165,170,3.6,3.7,"(0.15, 0.2]"
"(170, 175]","(2.1, 2.2]",0.003215434083601286,170,175,2.1,2.2,"(0.15, 0.2]"
"(170, 175]","(3.0, 3.1]",0.003215434083601286,170,175,3.0,3.1,"(0.15, 0.2]"
"(170, 175]","(3.4, 3.5]",0.00964630225080386,170,175,3.4,3.5,"(0.15, 0.2]"
"(170, 175]","(3.5, 3.6]",0.01607717041800643,170,175,3.5,3.6,"(0.15, 0.2]"
"(175, 180]","(3.0, 3.1]",0.012861736334405145,175,180,3.0,3.1,"(0.15, 0.2]"
"(175, 180]","(3.1, 3.2]",0.006430868167202572,175,180,3.1,3.2,"(0.15, 0.2]"
"(175, 180]","(3.4, 3.5]",0.003215434083601286,175,180,3.4,3.5,"(0.15, 0.2]"
"(175, 180]","(3.5, 3.6]",0.012861736334405145,175,180,3.5,3.6,"(0.15, 0.2]"
"(175, 180]","(3.6, 3.7]",0.006430868167202572,175,180,3.6,3.7,"(0.15, 0.2]"
"(180, 185]","(2.7, 2.8]",0.003215434083601286,180,185,2.7,2.8,"(0.15, 0.2]"
"(180, 185]","(2.9, 3.0]",0.003215434083601286,180,185,2.9,3.0,"(0.15, 0.2]"
"(180, 185]","(3.1, 3.2]",0.00964630225080386,180,185,3.1,3.2,"(0.15, 0.2]"
"(180, 185]","(3.4, 3.5]",0.006430868167202572,180,185,3.4,3.5,"(0.15, 0.2]"
"(180, 185]","(3.5, 3.6]",0.012861736334405145,180,185,3.5,3.6,"(0.15, 0.2]"
"(180, 185]","(3.6, 3.7]",0.006430868167202572,180,185,3.6,3.7,"(0.15, 0.2]"
"(185, 190]","(2.6, 2.7]",0.003215434083601286,185,190,2.6,2.7,"(0.15, 0.2]"
"(185, 190]","(2.7, 2.8]",0.003215434083601286,185,190,2.7,2.8,"(0.15, 0.2]"
"(185, 190]","(3.0, 3.1]",0.003215434083601286,185,190,3.0,3.1,"(0.15, 0.2]"
"(185, 190]","(3.1, 3.2]",0.003215434083601286,185,190,3.1,3.2,"(0.15, 0.2]"
"(185, 190]","(3.5, 3.6]",0.01929260450160772,185,190,3.5,3.6,"(0.15, 0.2]"
"(185, 190]","(3.6, 3.7]",0.003215434083601286,185,190,3.6,3.7,"(0.15, 0.2]"
"(190, 195]","(1.9, 2.0]",0.003215434083601286,190,195,1.9,2.0,"(0.15, 0.2]"
"(190, 195]","(2.4, 2.5]",0.003215434083601286,190,195,2.4,2.5,"(0.15, 0.2]"
"(190, 195]","(2.8, 2.9]",0.006430868167202572,190,195,2.8,2.9,"(0.15, 0.2]"
"(190, 195]","(3.0, 3.1]",0.006430868167202572,190,195,3.0,3.1,"(0.15, 0.2]"
"(190, 195]","(3.1, 3.2]",0.006430868167202572,190,195,3.1,3.2,"(0.15, 0.2]"
"(190, 195]","(3.4, 3.5]",0.006430868167202572,190,195,3.4,3.5,"(0.15, 0.2]"
"(190, 195]","(3.5, 3.6]",0.003215434083601286,190,195,3.5,3.6,"(0.15, 0.2]"
"(190, 195]","(3.6, 3.7]",0.003215434083601286,190,195,3.6,3.7,"(0.15, 0.2]"
"(195, 200]","(2.8, 2.9]",0.003215434083601286,195,200,2.8,2.9,"(0.15, 0.2]"
"(195, 200]","(2.9, 3.0]",0.003215434083601286,195,200,2.9,3.0,"(0.15, 0.2]"
"(195, 200]","(3.1, 3.2]",0.003215434083601286,195,200,3.1,3.2,"(0.15, 0.2]"
"(195, 200]","(3.3, 3.4]",0.003215434083601286,195,200,3.3,3.4,"(0.15, 0.2]"
"(195, 200]","(3.4, 3.5]",0.003215434083601286,195,200,3.4,3.5,"(0.15, 0.2]"
"(195, 200]","(3.5, 3.6]",0.02572347266881029,195,200,3.5,3.6,"(0.15, 0.2]"
"(195, 200]","(3.6, 3.7]",0.00964630225080386,195,200,3.6,3.7,"(0.15, 0.2]"
"(200, 205]","(2.9, 3.0]",0.006430868167202572,200,205,2.9,3.0,"(0.15, 0.2]"
"(200, 205]","(3.0, 3.1]",0.003215434083601286,200,205,3.0,3.1,"(0.15, 0.2]"
"(200, 205]","(3.1, 3.2]",0.006430868167202572,200,205,3.1,3.2,"(0.15, 0.2]"
"(200, 205]","(3.4, 3.5]",0.006430868167202572,200,205,3.4,3.5,"(0.15, 0.2]"
"(200, 205]","(3.5, 3.6]",0.012861736334405145,200,205,3.5,3.6,"(0.15, 0.2]"
"(205, 210]","(2.5, 2.6]",0.003215434083601286,205,210,2.5,2.6,"(0.15, 0.2]"
"(205, 210]","(2.8, 2.9]",0.003215434083601286,205,210,2.8,2.9,"(0.15, 0.2]"
"(205, 210]","(2.9, 3.0]",0.006430868167202572,205,210,2.9,3.0,"(0.15, 0.2]"
"(205, 210]","(3.0, 3.1]",0.006430868167202572,205,210,3.0,3.1,"(0.15, 0.2]"
"(205, 210]","(3.1, 3.2]",0.006430868167202572,205,210,3.1,3.2,"(0.15, 0.2]"
"(205, 210]","(3.4, 3.5]",0.012861736334405145,205,210,3.4,3.5,"(0.15, 0.2]"
"(205, 210]","(3.5, 3.6]",0.006430868167202572,205,210,3.5,3.6,"(0.15, 0.2]"
"(205, 210]","(3.6, 3.7]",0.003215434083601286,205,210,3.6,3.7,"(0.15, 0.2]"
"(210, 215]","(1.6, 1.7]",0.003215434083601286,210,215,1.6,1.7,"(0.15, 0.2]"
"(210, 215]","(2.5, 2.6]",0.003215434083601286,210,215,2.5,2.6,"(0.15, 0.2]"
"(210, 215]","(2.9, 3.0]",0.006430868167202572,210,215,2.9,3.0,"(0.15, 0.2]"
"(210, 215]","(3.0, 3.1]",0.003215434083601286,210,215,3.0,3.1,"(0.15, 0.2]"
"(210, 215]","(3.4, 3.5]",0.00964630225080386,210,215,3.4,3.5,"(0.15, 0.2]"
"(210, 215]","(3.5, 3.6]",0.00964630225080386,210,215,3.5,3.6,"(0.15, 0.2]"
"(210, 215]","(3.6, 3.7]",0.003215434083601286,210,215,3.6,3.7,"(0.15, 0.2]"
"(215, 220]","(2.8, 2.9]",0.003215434083601286,215,220,2.8,2.9,"(0.15, 0.2]"
"(215, 220]","(2.9, 3.0]",0.003215434083601286,215,220,2.9,3.0,"(0.15, 0.2]"
"(215, 220]","(3.0, 3.1]",0.003215434083601286,215,220,3.0,3.1,"(0.15, 0.2]"
"(215, 220]","(3.1, 3.2]",0.006430868167202572,215,220,3.1,3.2,"(0.15, 0.2]"
"(215, 220]","(3.4, 3.5]",0.006430868167202572,215,220,3.4,3.5,"(0.15, 0.2]"
"(215, 220]","(3.5, 3.6]",0.01929260450160772,215,220,3.5,3.6,"(0.15, 0.2]"
"(215, 220]","(3.6, 3.7]",0.003215434083601286,215,220,3.6,3.7,"(0.15, 0.2]"
"(220, 225]","(2.9, 3.0]",0.00964630225080386,220,225,2.9,3.0,"(0.15, 0.2]"
"(220, 225]","(3.0, 3.1]",0.003215434083601286,220,225,3.0,3.1,"(0.15, 0.2]"
"(220, 225]","(3.1, 3.2]",0.006430868167202572,220,225,3.1,3.2,"(0.15, 0.2]"
"(220, 225]","(3.4, 3.5]",0.006430868167202572,220,225,3.4,3.5,"(0.15, 0.2]"
"(220, 225]","(3.5, 3.6]",0.012861736334405145,220,225,3.5,3.6,"(0.15, 0.2]"
"(220, 225]","(3.6, 3.7]",0.00964630225080386,220,225,3.6,3.7,"(0.15, 0.2]"
"(225, 230]","(2.9, 3.0]",0.003215434083601286,225,230,2.9,3.0,"(0.15, 0.2]"
"(225, 230]","(3.5, 3.6]",0.022508038585209004,225,230,3.5,3.6,"(0.15, 0.2]"
"(225, 230]","(3.6, 3.7]",0.003215434083601286,225,230,3.6,3.7,"(0.15, 0.2]"
"(230, 235]","(2.9, 3.0]",0.003215434083601286,230,235,2.9,3.0,"(0.15, 0.2]"
"(230, 235]","(3.2, 3.3]",0.003215434083601286,230,235,3.2,3.3,"(0.15, 0.2]"
"(230, 235]","(3.4, 3.5]",0.00964630225080386,230,235,3.4,3.5,"(0.15, 0.2]"
"(230, 235]","(3.5, 3.6]",0.00964630225080386,230,235,3.5,3.6,"(0.15, 0.2]"
"(235, 240]","(3.2, 3.3]",0.003215434083601286,235,240,3.2,3.3,"(0.15, 0.2]"
"(235, 240]","(3.5, 3.6]",0.00964630225080386,235,240,3.5,3.6,"(0.15, 0.2]"
"(240, 245]","(2.9, 3.0]",0.00964630225080386,240,245,2.9,3.0,"(0.15, 0.2]"
"(240, 245]","(3.4, 3.5]",0.00964630225080386,240,245,3.4,3.5,"(0.15, 0.2]"
"(240, 245]","(3.5, 3.6]",0.006430868167202572,240,245,3.5,3.6,"(0.15, 0.2]"
"(240, 245]","(3.6, 3.7]",0.003215434083601286,240,245,3.6,3.7,"(0.15, 0.2]"
"(245, 250]","(2.6, 2.7]",0.003215434083601286,245,250,2.6,2.7,"(0.15, 0.2]"
"(245, 250]","(3.0, 3.1]",0.006430868167202572,245,250,3.0,3.1,"(0.15, 0.2]"
"(245, 250]","(3.4, 3.5]",0.003215434083601286,245,250,3.4,3.5,"(0.15, 0.2]"
"(245, 250]","(3.5, 3.6]",0.003215434083601286,245,250,3.5,3.6,"(0.15, 0.2]"
"(245, 250]","(3.6, 3.7]",0.003215434083601286,245,250,3.6,3.7,"(0.15, 0.2]"
"(250, 255]","(2.5, 2.6]",0.003215434083601286,250,255,2.5,2.6,"(0.15, 0.2]"
"(250, 255]","(2.9, 3.0]",0.003215434083601286,250,255,2.9,3.0,"(0.15, 0.2]"
"(250, 255]","(3.3, 3.4]",0.006430868167202572,250,255,3.3,3.4,"(0.15, 0.2]"
"(250, 255]","(3.4, 3.5]",0.003215434083601286,250,255,3.4,3.5,"(0.15, 0.2]"
"(250, 255]","(3.5, 3.6]",0.003215434083601286,250,255,3.5,3.6,"(0.15, 0.2]"
"(255, 260]","(3.4, 3.5]",0.006430868167202572,255,260,3.4,3.5,"(0.15, 0.2]"
"(255, 260]","(3.5, 3.6]",0.00964630225080386,255,260,3.5,3.6,"(0.15, 0.2]"
"(260, 265]","(2.3, 2.4]",0.003215434083601286,260,265,2.3,2.4,"(0.15, 0.2]"
"(260, 265]","(2.9, 3.0]",0.003215434083601286,260,265,2.9,3.0,"(0.15, 0.2]"
"(260, 265]","(3.0, 3.1]",0.006430868167202572,260,265,3.0,3.1,"(0.15, 0.2]"
"(260, 265]","(3.2, 3.3]",0.003215434083601286,260,265,3.2,3.3,"(0.15, 0.2]"
"(260, 265]","(3.6, 3.7]",0.003215434083601286,260,265,3.6,3.7,"(0.15, 0.2]"
"(265, 270]","(2.7, 2.8]",0.003215434083601286,265,270,2.7,2.8,"(0.15, 0.2]"
"(265, 270]","(3.2, 3.3]",0.003215434083601286,265,270,3.2,3.3,"(0.15, 0.2]"
"(270, 275]","(3.6, 3.7]",0.003215434083601286,270,275,3.6,3.7,"(0.15, 0.2]"
"(275, 280]","(1.8, 1.9]",0.003215434083601286,275,280,1.8,1.9,"(0.15, 0.2]"
"(275, 280]","(3.3, 3.4]",0.003215434083601286,275,280,3.3,3.4,"(0.15, 0.2]"
"(275, 280]","(3.5, 3.6]",0.006430868167202572,275,280,3.5,3.6,"(0.15, 0.2]"
"(275, 280]","(3.6, 3.7]",0.003215434083601286,275,280,3.6,3.7,"(0.15, 0.2]"
"(280, 285]","(2.9, 3.0]",0.003215434083601286,280,285,2.9,3.0,"(0.15, 0.2]"
"(280, 285]","(3.3, 3.4]",0.003215434083601286,280,285,3.3,3.4,"(0.15, 0.2]"
"(280, 285]","(3.4, 3.5]",0.003215434083601286,280,285,3.4,3.5,"(0.15, 0.2]"
"(280, 285]","(3.5, 3.6]",0.003215434083601286,280,285,3.5,3.6,"(0.15, 0.2]"
"(285, 290]","(3.5, 3.6]",0.003215434083601286,285,290,3.5,3.6,"(0.15, 0.2]"
"(290, 295]","(3.6, 3.7]",0.003215434083601286,290,295,3.6,3.7,"(0.15, 0.2]"
"(295, 300]","(2.9, 3.0]",0.003215434083601286,295,300,2.9,3.0,"(0.15, 0.2]"
"(295, 300]","(3.0, 3.1]",0.003215434083601286,295,300,3.0,3.1,"(0.15, 0.2]"
"(295, 300]","(3.1, 3.2]",0.003215434083601286,295,300,3.1,3.2,"(0.15, 0.2]"
"(295, 300]","(3.5, 3.6]",0.003215434083601286,295,300,3.5,3.6,"(0.15, 0.2]"
"(300, 305]","(3.5, 3.6]",0.003215434083601286,300,305,3.5,3.6,"(0.15, 0.2]"
"(305, 310]","(2.9, 3.0]",0.003215434083601286,305,310,2.9,3.0,"(0.15, 0.2]"
"(315, 320]","(2.8, 2.9]",0.003215434083601286,315,320,2.8,2.9,"(0.15, 0.2]"
"(325, 330]","(2.7, 2.8]",0.003215434083601286,325,330,2.7,2.8,"(0.15, 0.2]"
"(330, 335]","(3.0, 3.1]",0.003215434083601286,330,335,3.0,3.1,"(0.15, 0.2]"
"(330, 335]","(3.5, 3.6]",0.003215434083601286,330,335,3.5,3.6,"(0.15, 0.2]"
"(335, 340]","(3.4, 3.5]",0.003215434083601286,335,340,3.4,3.5,"(0.15, 0.2]"
"(340, 345]","(2.0, 2.1]",0.003215434083601286,340,345,2.0,2.1,"(0.15, 0.2]"
"(340, 345]","(3.0, 3.1]",0.003215434083601286,340,345,3.0,3.1,"(0.15, 0.2]"
"(350, 355]","(3.5, 3.6]",0.003215434083601286,350,355,3.5,3.6,"(0.15, 0.2]"
"(355, 360]","(3.4, 3.5]",0.003215434083601286,355,360,3.4,3.5,"(0.15, 0.2]"
"(360, 365]","(3.4, 3.5]",0.003215434083601286,360,365,3.4,3.5,"(0.15, 0.2]"
"(380, 385]","(3.0, 3.1]",0.003215434083601286,380,385,3.0,3.1,"(0.15, 0.2]"
"(390, 395]","(3.7, 3.8]",0.003215434083601286,390,395,3.7,3.8,"(0.15, 0.2]"
"(395, 400]","(3.5, 3.6]",0.003215434083601286,395,400,3.5,3.6,"(0.15, 0.2]"
"(410, 415]","(3.5, 3.6]",0.003215434083601286,410,415,3.5,3.6,"(0.15, 0.2]"
"(460, 465]","(3.5, 3.6]",0.003215434083601286,460,465,3.5,3.6,"(0.15, 0.2]"
"(90, 95]","(1.4, 1.5]",0.003215434083601286,90,95,1.4,1.5,"(0.2, 0.25]"
"(115, 120]","(1.5, 1.6]",0.003215434083601286,115,120,1.5,1.6,"(0.2, 0.25]"
"(115, 120]","(3.3, 3.4]",0.003215434083601286,115,120,3.3,3.4,"(0.2, 0.25]"
"(120, 125]","(2.8, 2.9]",0.006430868167202572,120,125,2.8,2.9,"(0.2, 0.25]"
"(120, 125]","(3.0, 3.1]",0.003215434083601286,120,125,3.0,3.1,"(0.2, 0.25]"
"(125, 130]","(2.2, 2.3]",0.003215434083601286,125,130,2.2,2.3,"(0.2, 0.25]"
"(130, 135]","(2.1, 2.2]",0.003215434083601286,130,135,2.1,2.2,"(0.2, 0.25]"
"(130, 135]","(2.3, 2.4]",0.003215434083601286,130,135,2.3,2.4,"(0.2, 0.25]"
"(135, 140]","(1.9, 2.0]",0.003215434083601286,135,140,1.9,2.0,"(0.2, 0.25]"
"(135, 140]","(3.5, 3.6]",0.003215434083601286,135,140,3.5,3.6,"(0.2, 0.25]"
"(135, 140]","(3.6, 3.7]",0.003215434083601286,135,140,3.6,3.7,"(0.2, 0.25]"
"(140, 145]","(2.7, 2.8]",0.003215434083601286,140,145,2.7,2.8,"(0.2, 0.25]"
"(140, 145]","(2.9, 3.0]",0.003215434083601286,140,145,2.9,3.0,"(0.2, 0.25]"
"(140, 145]","(3.0, 3.1]",0.003215434083601286,140,145,3.0,3.1,"(0.2, 0.25]"
"(140, 145]","(3.1, 3.2]",0.003215434083601286,140,145,3.1,3.2,"(0.2, 0.25]"
"(140, 145]","(3.3, 3.4]",0.003215434083601286,140,145,3.3,3.4,"(0.2, 0.25]"
"(140, 145]","(3.4, 3.5]",0.00964630225080386,140,145,3.4,3.5,"(0.2, 0.25]"
"(140, 145]","(3.5, 3.6]",0.006430868167202572,140,145,3.5,3.6,"(0.2, 0.25]"
"(140, 145]","(3.7, 3.8]",0.003215434083601286,140,145,3.7,3.8,"(0.2, 0.25]"
"(145, 150]","(3.0, 3.1]",0.012861736334405145,145,150,3.0,3.1,"(0.2, 0.25]"
"(145, 150]","(3.3, 3.4]",0.003215434083601286,145,150,3.3,3.4,"(0.2, 0.25]"
"(145, 150]","(3.4, 3.5]",0.00964630225080386,145,150,3.4,3.5,"(0.2, 0.25]"
"(145, 150]","(3.5, 3.6]",0.01607717041800643,145,150,3.5,3.6,"(0.2, 0.25]"
"(145, 150]","(3.6, 3.7]",0.00964630225080386,145,150,3.6,3.7,"(0.2, 0.25]"
"(150, 155]","(2.9, 3.0]",0.00964630225080386,150,155,2.9,3.0,"(0.2, 0.25]"
"(150, 155]","(3.0, 3.1]",0.003215434083601286,150,155,3.0,3.1,"(0.2, 0.25]"
"(150, 155]","(3.1, 3.2]",0.003215434083601286,150,155,3.1,3.2,"(0.2, 0.25]"
"(150, 155]","(3.2, 3.3]",0.003215434083601286,150,155,3.2,3.3,"(0.2, 0.25]"
"(150, 155]","(3.4, 3.5]",0.00964630225080386,150,155,3.4,3.5,"(0.2, 0.25]"
"(150, 155]","(3.5, 3.6]",0.00964630225080386,150,155,3.5,3.6,"(0.2, 0.25]"
"(150, 155]","(3.6, 3.7]",0.003215434083601286,150,155,3.6,3.7,"(0.2, 0.25]"
"(155, 160]","(1.2, 1.3]",0.003215434083601286,155,160,1.2,1.3,"(0.2, 0.25]"
"(155, 160]","(2.3, 2.4]",0.003215434083601286,155,160,2.3,2.4,"(0.2, 0.25]"
"(155, 160]","(2.7, 2.8]",0.003215434083601286,155,160,2.7,2.8,"(0.2, 0.25]"
"(155, 160]","(2.8, 2.9]",0.003215434083601286,155,160,2.8,2.9,"(0.2, 0.25]"
"(155, 160]","(3.0, 3.1]",0.003215434083601286,155,160,3.0,3.1,"(0.2, 0.25]"
"(155, 160]","(3.5, 3.6]",0.01929260450160772,155,160,3.5,3.6,"(0.2, 0.25]"
"(160, 165]","(2.4, 2.5]",0.003215434083601286,160,165,2.4,2.5,"(0.2, 0.25]"
"(160, 165]","(2.7, 2.8]",0.003215434083601286,160,165,2.7,2.8,"(0.2, 0.25]"
"(160, 165]","(2.9, 3.0]",0.003215434083601286,160,165,2.9,3.0,"(0.2, 0.25]"
"(160, 165]","(3.0, 3.1]",0.006430868167202572,160,165,3.0,3.1,"(0.2, 0.25]"
"(160, 165]","(3.1, 3.2]",0.003215434083601286,160,165,3.1,3.2,"(0.2, 0.25]"
"(160, 165]","(3.4, 3.5]",0.003215434083601286,160,165,3.4,3.5,"(0.2, 0.25]"
"(160, 165]","(3.5, 3.6]",0.003215434083601286,160,165,3.5,3.6,"(0.2, 0.25]"
"(160, 165]","(3.6, 3.7]",0.006430868167202572,160,165,3.6,3.7,"(0.2, 0.25]"
"(165, 170]","(2.4, 2.5]",0.003215434083601286,165,170,2.4,2.5,"(0.2, 0.25]"
"(165, 170]","(2.8, 2.9]",0.003215434083601286,165,170,2.8,2.9,"(0.2, 0.25]"
"(165, 170]","(2.9, 3.0]",0.006430868167202572,165,170,2.9,3.0,"(0.2, 0.25]"
"(165, 170]","(3.0, 3.1]",0.003215434083601286,165,170,3.0,3.1,"(0.2, 0.25]"
"(165, 170]","(3.4, 3.5]",0.00964630225080386,165,170,3.4,3.5,"(0.2, 0.25]"
"(165, 170]","(3.5, 3.6]",0.012861736334405145,165,170,3.5,3.6,"(0.2, 0.25]"
"(170, 175]","(3.1, 3.2]",0.006430868167202572,170,175,3.1,3.2,"(0.2, 0.25]"
"(170, 175]","(3.3, 3.4]",0.003215434083601286,170,175,3.3,3.4,"(0.2, 0.25]"
"(170, 175]","(3.4, 3.5]",0.02572347266881029,170,175,3.4,3.5,"(0.2, 0.25]"
"(170, 175]","(3.5, 3.6]",0.01607717041800643,170,175,3.5,3.6,"(0.2, 0.25]"
"(175, 180]","(2.8, 2.9]",0.003215434083601286,175,180,2.8,2.9,"(0.2, 0.25]"
"(175, 180]","(2.9, 3.0]",0.003215434083601286,175,180,2.9,3.0,"(0.2, 0.25]"
"(175, 180]","(3.0, 3.1]",0.003215434083601286,175,180,3.0,3.1,"(0.2, 0.25]"
"(175, 180]","(3.1, 3.2]",0.00964630225080386,175,180,3.1,3.2,"(0.2, 0.25]"
"(175, 180]","(3.2, 3.3]",0.003215434083601286,175,180,3.2,3.3,"(0.2, 0.25]"
"(175, 180]","(3.3, 3.4]",0.003215434083601286,175,180,3.3,3.4,"(0.2, 0.25]"
"(175, 180]","(3.4, 3.5]",0.003215434083601286,175,180,3.4,3.5,"(0.2, 0.25]"
"(175, 180]","(3.5, 3.6]",0.01607717041800643,175,180,3.5,3.6,"(0.2, 0.25]"
"(180, 185]","(2.3, 2.4]",0.003215434083601286,180,185,2.3,2.4,"(0.2, 0.25]"
"(180, 185]","(2.7, 2.8]",0.003215434083601286,180,185,2.7,2.8,"(0.2, 0.25]"
"(180, 185]","(2.9, 3.0]",0.003215434083601286,180,185,2.9,3.0,"(0.2, 0.25]"
"(180, 185]","(3.2, 3.3]",0.003215434083601286,180,185,3.2,3.3,"(0.2, 0.25]"
"(180, 185]","(3.4, 3.5]",0.006430868167202572,180,185,3.4,3.5,"(0.2, 0.25]"
"(180, 185]","(3.5, 3.6]",0.006430868167202572,180,185,3.5,3.6,"(0.2, 0.25]"
"(180, 185]","(3.6, 3.7]",0.00964630225080386,180,185,3.6,3.7,"(0.2, 0.25]"
"(185, 190]","(2.7, 2.8]",0.003215434083601286,185,190,2.7,2.8,"(0.2, 0.25]"
"(185, 190]","(2.8, 2.9]",0.003215434083601286,185,190,2.8,2.9,"(0.2, 0.25]"
"(185, 190]","(3.0, 3.1]",0.003215434083601286,185,190,3.0,3.1,"(0.2, 0.25]"
"(185, 190]","(3.1, 3.2]",0.003215434083601286,185,190,3.1,3.2,"(0.2, 0.25]"
"(185, 190]","(3.3, 3.4]",0.003215434083601286,185,190,3.3,3.4,"(0.2, 0.25]"
"(185, 190]","(3.4, 3.5]",0.006430868167202572,185,190,3.4,3.5,"(0.2, 0.25]"
"(185, 190]","(3.5, 3.6]",0.022508038585209004,185,190,3.5,3.6,"(0.2, 0.25]"
"(190, 195]","(2.8, 2.9]",0.003215434083601286,190,195,2.8,2.9,"(0.2, 0.25]"
"(190, 195]","(3.0, 3.1]",0.003215434083601286,190,195,3.0,3.1,"(0.2, 0.25]"
"(190, 195]","(3.1, 3.2]",0.003215434083601286,190,195,3.1,3.2,"(0.2, 0.25]"
"(190, 195]","(3.2, 3.3]",0.006430868167202572,190,195,3.2,3.3,"(0.2, 0.25]"
"(190, 195]","(3.5, 3.6]",0.03858520900321544,190,195,3.5,3.6,"(0.2, 0.25]"
"(195, 200]","(2.3, 2.4]",0.003215434083601286,195,200,2.3,2.4,"(0.2, 0.25]"
"(195, 200]","(2.8, 2.9]",0.003215434083601286,195,200,2.8,2.9,"(0.2, 0.25]"
"(195, 200]","(2.9, 3.0]",0.003215434083601286,195,200,2.9,3.0,"(0.2, 0.25]"
"(195, 200]","(3.0, 3.1]",0.00964630225080386,195,200,3.0,3.1,"(0.2, 0.25]"
"(195, 200]","(3.2, 3.3]",0.003215434083601286,195,200,3.2,3.3,"(0.2, 0.25]"
"(195, 200]","(3.4, 3.5]",0.012861736334405145,195,200,3.4,3.5,"(0.2, 0.25]"
"(195, 200]","(3.5, 3.6]",0.00964630225080386,195,200,3.5,3.6,"(0.2, 0.25]"
"(195, 200]","(3.6, 3.7]",0.003215434083601286,195,200,3.6,3.7,"(0.2, 0.25]"
"(195, 200]","(3.7, 3.8]",0.006430868167202572,195,200,3.7,3.8,"(0.2, 0.25]"
"(200, 205]","(2.8, 2.9]",0.006430868167202572,200,205,2.8,2.9,"(0.2, 0.25]"
"(200, 205]","(3.0, 3.1]",0.003215434083601286,200,205,3.0,3.1,"(0.2, 0.25]"
"(200, 205]","(3.1, 3.2]",0.003215434083601286,200,205,3.1,3.2,"(0.2, 0.25]"
"(200, 205]","(3.3, 3.4]",0.003215434083601286,200,205,3.3,3.4,"(0.2, 0.25]"
"(200, 205]","(3.5, 3.6]",0.01607717041800643,200,205,3.5,3.6,"(0.2, 0.25]"
"(200, 205]","(3.6, 3.7]",0.003215434083601286,200,205,3.6,3.7,"(0.2, 0.25]"
"(200, 205]","(3.7, 3.8]",0.003215434083601286,200,205,3.7,3.8,"(0.2, 0.25]"
"(205, 210]","(2.0, 2.1]",0.003215434083601286,205,210,2.0,2.1,"(0.2, 0.25]"
"(205, 210]","(2.8, 2.9]",0.003215434083601286,205,210,2.8,2.9,"(0.2, 0.25]"
"(205, 210]","(2.9, 3.0]",0.003215434083601286,205,210,2.9,3.0,"(0.2, 0.25]"
"(205, 210]","(3.0, 3.1]",0.00964630225080386,205,210,3.0,3.1,"(0.2, 0.25]"
"(205, 210]","(3.5, 3.6]",0.01607717041800643,205,210,3.5,3.6,"(0.2, 0.25]"
"(210, 215]","(2.3, 2.4]",0.003215434083601286,210,215,2.3,2.4,"(0.2, 0.25]"
"(210, 215]","(2.8, 2.9]",0.003215434083601286,210,215,2.8,2.9,"(0.2, 0.25]"
"(210, 215]","(3.5, 3.6]",0.006430868167202572,210,215,3.5,3.6,"(0.2, 0.25]"
"(215, 220]","(3.1, 3.2]",0.006430868167202572,215,220,3.1,3.2,"(0.2, 0.25]"
"(215, 220]","(3.4, 3.5]",0.003215434083601286,215,220,3.4,3.5,"(0.2, 0.25]"
"(215, 220]","(3.5, 3.6]",0.00964630225080386,215,220,3.5,3.6,"(0.2, 0.25]"
"(220, 225]","(2.4, 2.5]",0.003215434083601286,220,225,2.4,2.5,"(0.2, 0.25]"
"(220, 225]","(3.0, 3.1]",0.003215434083601286,220,225,3.0,3.1,"(0.2, 0.25]"
"(220, 225]","(3.1, 3.2]",0.00964630225080386,220,225,3.1,3.2,"(0.2, 0.25]"
"(220, 225]","(3.4, 3.5]",0.00964630225080386,220,225,3.4,3.5,"(0.2, 0.25]"
"(220, 225]","(3.5, 3.6]",0.003215434083601286,220,225,3.5,3.6,"(0.2, 0.25]"
"(225, 230]","(2.3, 2.4]",0.003215434083601286,225,230,2.3,2.4,"(0.2, 0.25]"
"(225, 230]","(3.0, 3.1]",0.00964630225080386,225,230,3.0,3.1,"(0.2, 0.25]"
"(225, 230]","(3.4, 3.5]",0.00964630225080386,225,230,3.4,3.5,"(0.2, 0.25]"
"(225, 230]","(3.5, 3.6]",0.003215434083601286,225,230,3.5,3.6,"(0.2, 0.25]"
"(230, 235]","(2.2, 2.3]",0.003215434083601286,230,235,2.2,2.3,"(0.2, 0.25]"
"(230, 235]","(2.8, 2.9]",0.003215434083601286,230,235,2.8,2.9,"(0.2, 0.25]"
"(230, 235]","(2.9, 3.0]",0.006430868167202572,230,235,2.9,3.0,"(0.2, 0.25]"
"(230, 235]","(3.0, 3.1]",0.003215434083601286,230,235,3.0,3.1,"(0.2, 0.25]"
"(230, 235]","(3.4, 3.5]",0.00964630225080386,230,235,3.4,3.5,"(0.2, 0.25]"
"(230, 235]","(3.5, 3.6]",0.003215434083601286,230,235,3.5,3.6,"(0.2, 0.25]"
"(235, 240]","(2.8, 2.9]",0.003215434083601286,235,240,2.8,2.9,"(0.2, 0.25]"
"(235, 240]","(2.9, 3.0]",0.003215434083601286,235,240,2.9,3.0,"(0.2, 0.25]"
"(235, 240]","(3.5, 3.6]",0.006430868167202572,235,240,3.5,3.6,"(0.2, 0.25]"
"(235, 240]","(3.6, 3.7]",0.003215434083601286,235,240,3.6,3.7,"(0.2, 0.25]"
"(240, 245]","(2.4, 2.5]",0.003215434083601286,240,245,2.4,2.5,"(0.2, 0.25]"
"(240, 245]","(2.9, 3.0]",0.003215434083601286,240,245,2.9,3.0,"(0.2, 0.25]"
"(240, 245]","(3.0, 3.1]",0.003215434083601286,240,245,3.0,3.1,"(0.2, 0.25]"
"(240, 245]","(3.1, 3.2]",0.006430868167202572,240,245,3.1,3.2,"(0.2, 0.25]"
"(240, 245]","(3.2, 3.3]",0.003215434083601286,240,245,3.2,3.3,"(0.2, 0.25]"
"(240, 245]","(3.3, 3.4]",0.003215434083601286,240,245,3.3,3.4,"(0.2, 0.25]"
"(240, 245]","(3.5, 3.6]",0.00964630225080386,240,245,3.5,3.6,"(0.2, 0.25]"
"(245, 250]","(2.5, 2.6]",0.003215434083601286,245,250,2.5,2.6,"(0.2, 0.25]"
"(245, 250]","(3.0, 3.1]",0.003215434083601286,245,250,3.0,3.1,"(0.2, 0.25]"
"(245, 250]","(3.4, 3.5]",0.006430868167202572,245,250,3.4,3.5,"(0.2, 0.25]"
"(245, 250]","(3.5, 3.6]",0.00964630225080386,245,250,3.5,3.6,"(0.2, 0.25]"
"(250, 255]","(3.2, 3.3]",0.003215434083601286,250,255,3.2,3.3,"(0.2, 0.25]"
"(250, 255]","(3.4, 3.5]",0.003215434083601286,250,255,3.4,3.5,"(0.2, 0.25]"
"(250, 255]","(3.5, 3.6]",0.003215434083601286,250,255,3.5,3.6,"(0.2, 0.25]"
"(255, 260]","(3.0, 3.1]",0.00964630225080386,255,260,3.0,3.1,"(0.2, 0.25]"
"(255, 260]","(3.3, 3.4]",0.003215434083601286,255,260,3.3,3.4,"(0.2, 0.25]"
"(255, 260]","(3.5, 3.6]",0.00964630225080386,255,260,3.5,3.6,"(0.2, 0.25]"
"(260, 265]","(2.9, 3.0]",0.003215434083601286,260,265,2.9,3.0,"(0.2, 0.25]"
"(260, 265]","(3.5, 3.6]",0.00964630225080386,260,265,3.5,3.6,"(0.2, 0.25]"
"(265, 270]","(2.6, 2.7]",0.003215434083601286,265,270,2.6,2.7,"(0.2, 0.25]"
"(265, 270]","(3.0, 3.1]",0.003215434083601286,265,270,3.0,3.1,"(0.2, 0.25]"
"(265, 270]","(3.1, 3.2]",0.003215434083601286,265,270,3.1,3.2,"(0.2, 0.25]"
"(265, 270]","(3.2, 3.3]",0.003215434083601286,265,270,3.2,3.3,"(0.2, 0.25]"
"(265, 270]","(3.4, 3.5]",0.006430868167202572,265,270,3.4,3.5,"(0.2, 0.25]"
"(265, 270]","(3.6, 3.7]",0.003215434083601286,265,270,3.6,3.7,"(0.2, 0.25]"
"(270, 275]","(2.4, 2.5]",0.003215434083601286,270,275,2.4,2.5,"(0.2, 0.25]"
"(270, 275]","(2.6, 2.7]",0.003215434083601286,270,275,2.6,2.7,"(0.2, 0.25]"
"(270, 275]","(2.9, 3.0]",0.006430868167202572,270,275,2.9,3.0,"(0.2, 0.25]"
"(270, 275]","(3.1, 3.2]",0.006430868167202572,270,275,3.1,3.2,"(0.2, 0.25]"
"(270, 275]","(3.2, 3.3]",0.003215434083601286,270,275,3.2,3.3,"(0.2, 0.25]"
"(270, 275]","(3.4, 3.5]",0.003215434083601286,270,275,3.4,3.5,"(0.2, 0.25]"
"(270, 275]","(3.5, 3.6]",0.003215434083601286,270,275,3.5,3.6,"(0.2, 0.25]"
"(275, 280]","(2.7, 2.8]",0.003215434083601286,275,280,2.7,2.8,"(0.2, 0.25]"
"(275, 280]","(2.8, 2.9]",0.003215434083601286,275,280,2.8,2.9,"(0.2, 0.25]"
"(280, 285]","(2.8, 2.9]",0.003215434083601286,280,285,2.8,2.9,"(0.2, 0.25]"
"(285, 290]","(3.1, 3.2]",0.003215434083601286,285,290,3.1,3.2,"(0.2, 0.25]"
"(285, 290]","(3.6, 3.7]",0.003215434083601286,285,290,3.6,3.7,"(0.2, 0.25]"
"(290, 295]","(2.7, 2.8]",0.003215434083601286,290,295,2.7,2.8,"(0.2, 0.25]"
"(290, 295]","(3.6, 3.7]",0.003215434083601286,290,295,3.6,3.7,"(0.2, 0.25]"
"(295, 300]","(3.1, 3.2]",0.003215434083601286,295,300,3.1,3.2,"(0.2, 0.25]"
"(300, 305]","(3.0, 3.1]",0.003215434083601286,300,305,3.0,3.1,"(0.2, 0.25]"
"(300, 305]","(3.1, 3.2]",0.003215434083601286,300,305,3.1,3.2,"(0.2, 0.25]"
"(300, 305]","(3.8, 3.9]",0.003215434083601286,300,305,3.8,3.9,"(0.2, 0.25]"
"(310, 315]","(2.9, 3.0]",0.003215434083601286,310,315,2.9,3.0,"(0.2, 0.25]"
"(310, 315]","(3.4, 3.5]",0.003215434083601286,310,315,3.4,3.5,"(0.2, 0.25]"
"(310, 315]","(3.5, 3.6]",0.003215434083601286,310,315,3.5,3.6,"(0.2, 0.25]"
"(310, 315]","(3.6, 3.7]",0.003215434083601286,310,315,3.6,3.7,"(0.2, 0.25]"
"(315, 320]","(3.5, 3.6]",0.003215434083601286,315,320,3.5,3.6,"(0.2, 0.25]"
"(320, 325]","(2.8, 2.9]",0.003215434083601286,320,325,2.8,2.9,"(0.2, 0.25]"
"(320, 325]","(3.5, 3.6]",0.003215434083601286,320,325,3.5,3.6,"(0.2, 0.25]"
"(320, 325]","(3.6, 3.7]",0.003215434083601286,320,325,3.6,3.7,"(0.2, 0.25]"
"(330, 335]","(3.5, 3.6]",0.003215434083601286,330,335,3.5,3.6,"(0.2, 0.25]"
"(335, 340]","(3.3, 3.4]",0.003215434083601286,335,340,3.3,3.4,"(0.2, 0.25]"
"(340, 345]","(3.1, 3.2]",0.003215434083601286,340,345,3.1,3.2,"(0.2, 0.25]"
"(360, 365]","(3.4, 3.5]",0.003215434083601286,360,365,3.4,3.5,"(0.2, 0.25]"
"(425, 430]","(3.3, 3.4]",0.003215434083601286,425,430,3.3,3.4,"(0.2, 0.25]"
"(460, 465]","(3.4, 3.5]",0.003215434083601286,460,465,3.4,3.5,"(0.2, 0.25]"
"(465, 470]","(3.8, 3.9]",0.003215434083601286,465,470,3.8,3.9,"(0.2, 0.25]"
"(85, 90]","(0.6, 0.7]",0.002680965147453083,85,90,0.6,0.7,"(0.25, 0.3]"
"(110, 115]","(2.8, 2.9]",0.002680965147453083,110,115,2.8,2.9,"(0.25, 0.3]"
"(115, 120]","(1.2, 1.3]",0.002680965147453083,115,120,1.2,1.3,"(0.25, 0.3]"
"(115, 120]","(2.9, 3.0]",0.002680965147453083,115,120,2.9,3.0,"(0.25, 0.3]"
"(115, 120]","(3.5, 3.6]",0.002680965147453083,115,120,3.5,3.6,"(0.25, 0.3]"
"(120, 125]","(2.6, 2.7]",0.002680965147453083,120,125,2.6,2.7,"(0.25, 0.3]"
"(120, 125]","(2.7, 2.8]",0.002680965147453083,120,125,2.7,2.8,"(0.25, 0.3]"
"(120, 125]","(2.8, 2.9]",0.005361930294906166,120,125,2.8,2.9,"(0.25, 0.3]"
"(120, 125]","(2.9, 3.0]",0.005361930294906166,120,125,2.9,3.0,"(0.25, 0.3]"
"(120, 125]","(3.5, 3.6]",0.002680965147453083,120,125,3.5,3.6,"(0.25, 0.3]"
"(130, 135]","(2.1, 2.2]",0.002680965147453083,130,135,2.1,2.2,"(0.25, 0.3]"
"(130, 135]","(2.5, 2.6]",0.002680965147453083,130,135,2.5,2.6,"(0.25, 0.3]"
"(135, 140]","(2.3, 2.4]",0.002680965147453083,135,140,2.3,2.4,"(0.25, 0.3]"
"(135, 140]","(2.5, 2.6]",0.002680965147453083,135,140,2.5,2.6,"(0.25, 0.3]"
"(135, 140]","(2.7, 2.8]",0.002680965147453083,135,140,2.7,2.8,"(0.25, 0.3]"
"(135, 140]","(2.8, 2.9]",0.002680965147453083,135,140,2.8,2.9,"(0.25, 0.3]"
"(135, 140]","(3.3, 3.4]",0.002680965147453083,135,140,3.3,3.4,"(0.25, 0.3]"
"(135, 140]","(3.5, 3.6]",0.002680965147453083,135,140,3.5,3.6,"(0.25, 0.3]"
"(140, 145]","(1.8, 1.9]",0.002680965147453083,140,145,1.8,1.9,"(0.25, 0.3]"
"(140, 145]","(2.8, 2.9]",0.005361930294906166,140,145,2.8,2.9,"(0.25, 0.3]"
"(140, 145]","(3.1, 3.2]",0.005361930294906166,140,145,3.1,3.2,"(0.25, 0.3]"
"(140, 145]","(3.4, 3.5]",0.005361930294906166,140,145,3.4,3.5,"(0.25, 0.3]"
"(140, 145]","(3.5, 3.6]",0.010723860589812333,140,145,3.5,3.6,"(0.25, 0.3]"
"(145, 150]","(2.3, 2.4]",0.002680965147453083,145,150,2.3,2.4,"(0.25, 0.3]"
"(145, 150]","(2.8, 2.9]",0.002680965147453083,145,150,2.8,2.9,"(0.25, 0.3]"
"(145, 150]","(3.0, 3.1]",0.002680965147453083,145,150,3.0,3.1,"(0.25, 0.3]"
"(145, 150]","(3.1, 3.2]",0.00804289544235925,145,150,3.1,3.2,"(0.25, 0.3]"
"(145, 150]","(3.2, 3.3]",0.002680965147453083,145,150,3.2,3.3,"(0.25, 0.3]"
"(145, 150]","(3.3, 3.4]",0.002680965147453083,145,150,3.3,3.4,"(0.25, 0.3]"
"(145, 150]","(3.4, 3.5]",0.013404825737265416,145,150,3.4,3.5,"(0.25, 0.3]"
"(145, 150]","(3.5, 3.6]",0.01876675603217158,145,150,3.5,3.6,"(0.25, 0.3]"
"(145, 150]","(3.6, 3.7]",0.002680965147453083,145,150,3.6,3.7,"(0.25, 0.3]"
"(145, 150]","(3.7, 3.8]",0.002680965147453083,145,150,3.7,3.8,"(0.25, 0.3]"
"(150, 155]","(2.8, 2.9]",0.002680965147453083,150,155,2.8,2.9,"(0.25, 0.3]"
"(150, 155]","(2.9, 3.0]",0.010723860589812333,150,155,2.9,3.0,"(0.25, 0.3]"
"(150, 155]","(3.0, 3.1]",0.002680965147453083,150,155,3.0,3.1,"(0.25, 0.3]"
"(150, 155]","(3.4, 3.5]",0.00804289544235925,150,155,3.4,3.5,"(0.25, 0.3]"
"(150, 155]","(3.5, 3.6]",0.002680965147453083,150,155,3.5,3.6,"(0.25, 0.3]"
"(150, 155]","(3.6, 3.7]",0.005361930294906166,150,155,3.6,3.7,"(0.25, 0.3]"
"(155, 160]","(2.4, 2.5]",0.005361930294906166,155,160,2.4,2.5,"(0.25, 0.3]"
"(155, 160]","(2.5, 2.6]",0.002680965147453083,155,160,2.5,2.6,"(0.25, 0.3]"
"(155, 160]","(2.6, 2.7]",0.002680965147453083,155,160,2.6,2.7,"(0.25, 0.3]"
"(155, 160]","(2.8, 2.9]",0.005361930294906166,155,160,2.8,2.9,"(0.25, 0.3]"
"(155, 160]","(2.9, 3.0]",0.00804289544235925,155,160,2.9,3.0,"(0.25, 0.3]"
"(155, 160]","(3.0, 3.1]",0.021447721179624665,155,160,3.0,3.1,"(0.25, 0.3]"
"(155, 160]","(3.1, 3.2]",0.005361930294906166,155,160,3.1,3.2,"(0.25, 0.3]"
"(155, 160]","(3.3, 3.4]",0.002680965147453083,155,160,3.3,3.4,"(0.25, 0.3]"
"(155, 160]","(3.4, 3.5]",0.013404825737265416,155,160,3.4,3.5,"(0.25, 0.3]"
"(155, 160]","(3.5, 3.6]",0.005361930294906166,155,160,3.5,3.6,"(0.25, 0.3]"
"(155, 160]","(3.6, 3.7]",0.002680965147453083,155,160,3.6,3.7,"(0.25, 0.3]"
"(160, 165]","(2.4, 2.5]",0.005361930294906166,160,165,2.4,2.5,"(0.25, 0.3]"
"(160, 165]","(2.6, 2.7]",0.002680965147453083,160,165,2.6,2.7,"(0.25, 0.3]"
"(160, 165]","(2.8, 2.9]",0.002680965147453083,160,165,2.8,2.9,"(0.25, 0.3]"
"(160, 165]","(2.9, 3.0]",0.00804289544235925,160,165,2.9,3.0,"(0.25, 0.3]"
"(160, 165]","(3.1, 3.2]",0.010723860589812333,160,165,3.1,3.2,"(0.25, 0.3]"
"(160, 165]","(3.3, 3.4]",0.002680965147453083,160,165,3.3,3.4,"(0.25, 0.3]"
"(160, 165]","(3.4, 3.5]",0.005361930294906166,160,165,3.4,3.5,"(0.25, 0.3]"
"(160, 165]","(3.5, 3.6]",0.005361930294906166,160,165,3.5,3.6,"(0.25, 0.3]"
"(165, 170]","(2.7, 2.8]",0.002680965147453083,165,170,2.7,2.8,"(0.25, 0.3]"
"(165, 170]","(2.8, 2.9]",0.002680965147453083,165,170,2.8,2.9,"(0.25, 0.3]"
"(165, 170]","(2.9, 3.0]",0.002680965147453083,165,170,2.9,3.0,"(0.25, 0.3]"
"(165, 170]","(3.0, 3.1]",0.00804289544235925,165,170,3.0,3.1,"(0.25, 0.3]"
"(165, 170]","(3.1, 3.2]",0.002680965147453083,165,170,3.1,3.2,"(0.25, 0.3]"
"(165, 170]","(3.4, 3.5]",0.005361930294906166,165,170,3.4,3.5,"(0.25, 0.3]"
"(165, 170]","(3.5, 3.6]",0.01876675603217158,165,170,3.5,3.6,"(0.25, 0.3]"
"(165, 170]","(3.6, 3.7]",0.005361930294906166,165,170,3.6,3.7,"(0.25, 0.3]"
"(170, 175]","(2.0, 2.1]",0.002680965147453083,170,175,2.0,2.1,"(0.25, 0.3]"
"(170, 175]","(2.8, 2.9]",0.002680965147453083,170,175,2.8,2.9,"(0.25, 0.3]"
"(170, 175]","(3.0, 3.1]",0.005361930294906166,170,175,3.0,3.1,"(0.25, 0.3]"
"(170, 175]","(3.1, 3.2]",0.002680965147453083,170,175,3.1,3.2,"(0.25, 0.3]"
"(170, 175]","(3.2, 3.3]",0.002680965147453083,170,175,3.2,3.3,"(0.25, 0.3]"
"(170, 175]","(3.3, 3.4]",0.002680965147453083,170,175,3.3,3.4,"(0.25, 0.3]"
"(170, 175]","(3.4, 3.5]",0.010723860589812333,170,175,3.4,3.5,"(0.25, 0.3]"
"(170, 175]","(3.5, 3.6]",0.005361930294906166,170,175,3.5,3.6,"(0.25, 0.3]"
"(170, 175]","(3.6, 3.7]",0.002680965147453083,170,175,3.6,3.7,"(0.25, 0.3]"
"(175, 180]","(2.8, 2.9]",0.002680965147453083,175,180,2.8,2.9,"(0.25, 0.3]"
"(175, 180]","(2.9, 3.0]",0.00804289544235925,175,180,2.9,3.0,"(0.25, 0.3]"
"(175, 180]","(3.0, 3.1]",0.002680965147453083,175,180,3.0,3.1,"(0.25, 0.3]"
"(175, 180]","(3.1, 3.2]",0.005361930294906166,175,180,3.1,3.2,"(0.25, 0.3]"
"(175, 180]","(3.3, 3.4]",0.002680965147453083,175,180,3.3,3.4,"(0.25, 0.3]"
"(175, 180]","(3.4, 3.5]",0.002680965147453083,175,180,3.4,3.5,"(0.25, 0.3]"
"(175, 180]","(3.5, 3.6]",0.013404825737265416,175,180,3.5,3.6,"(0.25, 0.3]"
"(180, 185]","(2.5, 2.6]",0.002680965147453083,180,185,2.5,2.6,"(0.25, 0.3]"
"(180, 185]","(2.8, 2.9]",0.010723860589812333,180,185,2.8,2.9,"(0.25, 0.3]"
"(180, 185]","(2.9, 3.0]",0.005361930294906166,180,185,2.9,3.0,"(0.25, 0.3]"
"(180, 185]","(3.0, 3.1]",0.005361930294906166,180,185,3.0,3.1,"(0.25, 0.3]"
"(180, 185]","(3.1, 3.2]",0.005361930294906166,180,185,3.1,3.2,"(0.25, 0.3]"
"(180, 185]","(3.2, 3.3]",0.002680965147453083,180,185,3.2,3.3,"(0.25, 0.3]"
"(180, 185]","(3.3, 3.4]",0.005361930294906166,180,185,3.3,3.4,"(0.25, 0.3]"
"(180, 185]","(3.4, 3.5]",0.00804289544235925,180,185,3.4,3.5,"(0.25, 0.3]"
"(180, 185]","(3.5, 3.6]",0.005361930294906166,180,185,3.5,3.6,"(0.25, 0.3]"
"(185, 190]","(1.9, 2.0]",0.002680965147453083,185,190,1.9,2.0,"(0.25, 0.3]"
"(185, 190]","(2.8, 2.9]",0.002680965147453083,185,190,2.8,2.9,"(0.25, 0.3]"
"(185, 190]","(2.9, 3.0]",0.002680965147453083,185,190,2.9,3.0,"(0.25, 0.3]"
"(185, 190]","(3.0, 3.1]",0.005361930294906166,185,190,3.0,3.1,"(0.25, 0.3]"
"(185, 190]","(3.1, 3.2]",0.002680965147453083,185,190,3.1,3.2,"(0.25, 0.3]"
"(185, 190]","(3.4, 3.5]",0.013404825737265416,185,190,3.4,3.5,"(0.25, 0.3]"
"(185, 190]","(3.5, 3.6]",0.010723860589812333,185,190,3.5,3.6,"(0.25, 0.3]"
"(190, 195]","(2.3, 2.4]",0.002680965147453083,190,195,2.3,2.4,"(0.25, 0.3]"
"(190, 195]","(2.8, 2.9]",0.002680965147453083,190,195,2.8,2.9,"(0.25, 0.3]"
"(190, 195]","(2.9, 3.0]",0.002680965147453083,190,195,2.9,3.0,"(0.25, 0.3]"
"(190, 195]","(3.0, 3.1]",0.002680965147453083,190,195,3.0,3.1,"(0.25, 0.3]"
"(190, 195]","(3.1, 3.2]",0.002680965147453083,190,195,3.1,3.2,"(0.25, 0.3]"
"(190, 195]","(3.3, 3.4]",0.005361930294906166,190,195,3.3,3.4,"(0.25, 0.3]"
"(190, 195]","(3.4, 3.5]",0.002680965147453083,190,195,3.4,3.5,"(0.25, 0.3]"
"(190, 195]","(3.5, 3.6]",0.024128686327077747,190,195,3.5,3.6,"(0.25, 0.3]"
"(190, 195]","(3.6, 3.7]",0.002680965147453083,190,195,3.6,3.7,"(0.25, 0.3]"
"(195, 200]","(1.8, 1.9]",0.002680965147453083,195,200,1.8,1.9,"(0.25, 0.3]"
"(195, 200]","(1.9, 2.0]",0.002680965147453083,195,200,1.9,2.0,"(0.25, 0.3]"
"(195, 200]","(2.3, 2.4]",0.002680965147453083,195,200,2.3,2.4,"(0.25, 0.3]"
"(195, 200]","(2.5, 2.6]",0.002680965147453083,195,200,2.5,2.6,"(0.25, 0.3]"
"(195, 200]","(2.8, 2.9]",0.002680965147453083,195,200,2.8,2.9,"(0.25, 0.3]"
"(195, 200]","(2.9, 3.0]",0.00804289544235925,195,200,2.9,3.0,"(0.25, 0.3]"
"(195, 200]","(3.0, 3.1]",0.005361930294906166,195,200,3.0,3.1,"(0.25, 0.3]"
"(195, 200]","(3.1, 3.2]",0.010723860589812333,195,200,3.1,3.2,"(0.25, 0.3]"
"(195, 200]","(3.4, 3.5]",0.002680965147453083,195,200,3.4,3.5,"(0.25, 0.3]"
"(195, 200]","(3.5, 3.6]",0.00804289544235925,195,200,3.5,3.6,"(0.25, 0.3]"
"(195, 200]","(3.6, 3.7]",0.002680965147453083,195,200,3.6,3.7,"(0.25, 0.3]"
"(200, 205]","(3.0, 3.1]",0.010723860589812333,200,205,3.0,3.1,"(0.25, 0.3]"
"(200, 205]","(3.1, 3.2]",0.005361930294906166,200,205,3.1,3.2,"(0.25, 0.3]"
"(200, 205]","(3.2, 3.3]",0.005361930294906166,200,205,3.2,3.3,"(0.25, 0.3]"
"(200, 205]","(3.3, 3.4]",0.002680965147453083,200,205,3.3,3.4,"(0.25, 0.3]"
"(200, 205]","(3.4, 3.5]",0.00804289544235925,200,205,3.4,3.5,"(0.25, 0.3]"
"(200, 205]","(3.5, 3.6]",0.013404825737265416,200,205,3.5,3.6,"(0.25, 0.3]"
"(200, 205]","(3.6, 3.7]",0.002680965147453083,200,205,3.6,3.7,"(0.25, 0.3]"
"(205, 210]","(2.5, 2.6]",0.002680965147453083,205,210,2.5,2.6,"(0.25, 0.3]"
"(205, 210]","(2.9, 3.0]",0.00804289544235925,205,210,2.9,3.0,"(0.25, 0.3]"
"(205, 210]","(3.0, 3.1]",0.002680965147453083,205,210,3.0,3.1,"(0.25, 0.3]"
"(205, 210]","(3.1, 3.2]",0.00804289544235925,205,210,3.1,3.2,"(0.25, 0.3]"
"(205, 210]","(3.2, 3.3]",0.002680965147453083,205,210,3.2,3.3,"(0.25, 0.3]"
"(205, 210]","(3.4, 3.5]",0.00804289544235925,205,210,3.4,3.5,"(0.25, 0.3]"
"(205, 210]","(3.5, 3.6]",0.0160857908847185,205,210,3.5,3.6,"(0.25, 0.3]"
"(210, 215]","(2.4, 2.5]",0.005361930294906166,210,215,2.4,2.5,"(0.25, 0.3]"
"(210, 215]","(2.8, 2.9]",0.005361930294906166,210,215,2.8,2.9,"(0.25, 0.3]"
"(210, 215]","(3.1, 3.2]",0.005361930294906166,210,215,3.1,3.2,"(0.25, 0.3]"
"(210, 215]","(3.3, 3.4]",0.002680965147453083,210,215,3.3,3.4,"(0.25, 0.3]"
"(210, 215]","(3.5, 3.6]",0.00804289544235925,210,215,3.5,3.6,"(0.25, 0.3]"
"(215, 220]","(2.2, 2.3]",0.002680965147453083,215,220,2.2,2.3,"(0.25, 0.3]"
"(215, 220]","(2.4, 2.5]",0.002680965147453083,215,220,2.4,2.5,"(0.25, 0.3]"
"(215, 220]","(2.9, 3.0]",0.002680965147453083,215,220,2.9,3.0,"(0.25, 0.3]"
"(215, 220]","(3.0, 3.1]",0.005361930294906166,215,220,3.0,3.1,"(0.25, 0.3]"
"(215, 220]","(3.4, 3.5]",0.002680965147453083,215,220,3.4,3.5,"(0.25, 0.3]"
"(220, 225]","(2.3, 2.4]",0.002680965147453083,220,225,2.3,2.4,"(0.25, 0.3]"
"(220, 225]","(2.6, 2.7]",0.002680965147453083,220,225,2.6,2.7,"(0.25, 0.3]"
"(220, 225]","(3.1, 3.2]",0.002680965147453083,220,225,3.1,3.2,"(0.25, 0.3]"
"(220, 225]","(3.2, 3.3]",0.002680965147453083,220,225,3.2,3.3,"(0.25, 0.3]"
"(220, 225]","(3.4, 3.5]",0.002680965147453083,220,225,3.4,3.5,"(0.25, 0.3]"
"(220, 225]","(3.5, 3.6]",0.005361930294906166,220,225,3.5,3.6,"(0.25, 0.3]"
"(220, 225]","(3.6, 3.7]",0.002680965147453083,220,225,3.6,3.7,"(0.25, 0.3]"
"(225, 230]","(1.9, 2.0]",0.002680965147453083,225,230,1.9,2.0,"(0.25, 0.3]"
"(225, 230]","(3.0, 3.1]",0.002680965147453083,225,230,3.0,3.1,"(0.25, 0.3]"
"(225, 230]","(3.1, 3.2]",0.00804289544235925,225,230,3.1,3.2,"(0.25, 0.3]"
"(225, 230]","(3.4, 3.5]",0.002680965147453083,225,230,3.4,3.5,"(0.25, 0.3]"
"(225, 230]","(3.5, 3.6]",0.002680965147453083,225,230,3.5,3.6,"(0.25, 0.3]"
"(225, 230]","(3.6, 3.7]",0.002680965147453083,225,230,3.6,3.7,"(0.25, 0.3]"
"(230, 235]","(1.9, 2.0]",0.002680965147453083,230,235,1.9,2.0,"(0.25, 0.3]"
"(230, 235]","(3.4, 3.5]",0.024128686327077747,230,235,3.4,3.5,"(0.25, 0.3]"
"(230, 235]","(3.5, 3.6]",0.002680965147453083,230,235,3.5,3.6,"(0.25, 0.3]"
"(235, 240]","(3.0, 3.1]",0.002680965147453083,235,240,3.0,3.1,"(0.25, 0.3]"
"(235, 240]","(3.1, 3.2]",0.002680965147453083,235,240,3.1,3.2,"(0.25, 0.3]"
"(235, 240]","(3.6, 3.7]",0.005361930294906166,235,240,3.6,3.7,"(0.25, 0.3]"
"(240, 245]","(2.4, 2.5]",0.002680965147453083,240,245,2.4,2.5,"(0.25, 0.3]"
"(240, 245]","(2.9, 3.0]",0.002680965147453083,240,245,2.9,3.0,"(0.25, 0.3]"
"(240, 245]","(3.0, 3.1]",0.002680965147453083,240,245,3.0,3.1,"(0.25, 0.3]"
"(240, 245]","(3.1, 3.2]",0.002680965147453083,240,245,3.1,3.2,"(0.25, 0.3]"
"(240, 245]","(3.4, 3.5]",0.002680965147453083,240,245,3.4,3.5,"(0.25, 0.3]"
"(240, 245]","(3.5, 3.6]",0.005361930294906166,240,245,3.5,3.6,"(0.25, 0.3]"
"(245, 250]","(2.7, 2.8]",0.005361930294906166,245,250,2.7,2.8,"(0.25, 0.3]"
"(245, 250]","(2.8, 2.9]",0.002680965147453083,245,250,2.8,2.9,"(0.25, 0.3]"
"(245, 250]","(2.9, 3.0]",0.005361930294906166,245,250,2.9,3.0,"(0.25, 0.3]"
"(245, 250]","(3.1, 3.2]",0.002680965147453083,245,250,3.1,3.2,"(0.25, 0.3]"
"(245, 250]","(3.5, 3.6]",0.002680965147453083,245,250,3.5,3.6,"(0.25, 0.3]"
"(250, 255]","(2.8, 2.9]",0.00804289544235925,250,255,2.8,2.9,"(0.25, 0.3]"
"(250, 255]","(3.4, 3.5]",0.002680965147453083,250,255,3.4,3.5,"(0.25, 0.3]"
"(250, 255]","(3.5, 3.6]",0.00804289544235925,250,255,3.5,3.6,"(0.25, 0.3]"
"(255, 260]","(2.4, 2.5]",0.002680965147453083,255,260,2.4,2.5,"(0.25, 0.3]"
"(255, 260]","(2.9, 3.0]",0.002680965147453083,255,260,2.9,3.0,"(0.25, 0.3]"
"(255, 260]","(3.4, 3.5]",0.002680965147453083,255,260,3.4,3.5,"(0.25, 0.3]"
"(260, 265]","(2.7, 2.8]",0.002680965147453083,260,265,2.7,2.8,"(0.25, 0.3]"
"(260, 265]","(3.4, 3.5]",0.002680965147453083,260,265,3.4,3.5,"(0.25, 0.3]"
"(260, 265]","(3.5, 3.6]",0.002680965147453083,260,265,3.5,3.6,"(0.25, 0.3]"
"(260, 265]","(3.6, 3.7]",0.005361930294906166,260,265,3.6,3.7,"(0.25, 0.3]"
"(265, 270]","(3.1, 3.2]",0.002680965147453083,265,270,3.1,3.2,"(0.25, 0.3]"
"(265, 270]","(3.5, 3.6]",0.002680965147453083,265,270,3.5,3.6,"(0.25, 0.3]"
"(270, 275]","(3.1, 3.2]",0.005361930294906166,270,275,3.1,3.2,"(0.25, 0.3]"
"(270, 275]","(3.5, 3.6]",0.002680965147453083,270,275,3.5,3.6,"(0.25, 0.3]"
"(270, 275]","(3.6, 3.7]",0.002680965147453083,270,275,3.6,3.7,"(0.25, 0.3]"
"(275, 280]","(3.0, 3.1]",0.002680965147453083,275,280,3.0,3.1,"(0.25, 0.3]"
"(275, 280]","(3.5, 3.6]",0.005361930294906166,275,280,3.5,3.6,"(0.25, 0.3]"
"(280, 285]","(2.7, 2.8]",0.002680965147453083,280,285,2.7,2.8,"(0.25, 0.3]"
"(285, 290]","(2.3, 2.4]",0.002680965147453083,285,290,2.3,2.4,"(0.25, 0.3]"
"(285, 290]","(3.1, 3.2]",0.002680965147453083,285,290,3.1,3.2,"(0.25, 0.3]"
"(285, 290]","(3.4, 3.5]",0.002680965147453083,285,290,3.4,3.5,"(0.25, 0.3]"
"(295, 300]","(3.0, 3.1]",0.002680965147453083,295,300,3.0,3.1,"(0.25, 0.3]"
"(295, 300]","(3.1, 3.2]",0.005361930294906166,295,300,3.1,3.2,"(0.25, 0.3]"
"(295, 300]","(3.5, 3.6]",0.002680965147453083,295,300,3.5,3.6,"(0.25, 0.3]"
"(300, 305]","(2.9, 3.0]",0.002680965147453083,300,305,2.9,3.0,"(0.25, 0.3]"
"(300, 305]","(3.1, 3.2]",0.002680965147453083,300,305,3.1,3.2,"(0.25, 0.3]"
"(305, 310]","(3.5, 3.6]",0.002680965147453083,305,310,3.5,3.6,"(0.25, 0.3]"
"(310, 315]","(3.2, 3.3]",0.002680965147453083,310,315,3.2,3.3,"(0.25, 0.3]"
"(310, 315]","(3.4, 3.5]",0.002680965147453083,310,315,3.4,3.5,"(0.25, 0.3]"
"(315, 320]","(3.6, 3.7]",0.002680965147453083,315,320,3.6,3.7,"(0.25, 0.3]"
"(325, 330]","(3.2, 3.3]",0.002680965147453083,325,330,3.2,3.3,"(0.25, 0.3]"
"(330, 335]","(3.4, 3.5]",0.002680965147453083,330,335,3.4,3.5,"(0.25, 0.3]"
"(335, 340]","(3.5, 3.6]",0.002680965147453083,335,340,3.5,3.6,"(0.25, 0.3]"
"(350, 355]","(2.8, 2.9]",0.002680965147453083,350,355,2.8,2.9,"(0.25, 0.3]"
"(350, 355]","(3.5, 3.6]",0.002680965147453083,350,355,3.5,3.6,"(0.25, 0.3]"
"(360, 365]","(3.3, 3.4]",0.002680965147453083,360,365,3.3,3.4,"(0.25, 0.3]"
"(370, 375]","(3.4, 3.5]",0.002680965147453083,370,375,3.4,3.5,"(0.25, 0.3]"
"(375, 380]","(2.8, 2.9]",0.002680965147453083,375,380,2.8,2.9,"(0.25, 0.3]"
"(385, 390]","(2.8, 2.9]",0.002680965147453083,385,390,2.8,2.9,"(0.25, 0.3]"
"(395, 400]","(3.3, 3.4]",0.002680965147453083,395,400,3.3,3.4,"(0.25, 0.3]"
"(410, 415]","(3.5, 3.6]",0.002680965147453083,410,415,3.5,3.6,"(0.25, 0.3]"
"(465, 470]","(3.4, 3.5]",0.002680965147453083,465,470,3.4,3.5,"(0.25, 0.3]"
"(100, 105]","(1.7, 1.8]",0.0025906735751295338,100,105,1.7,1.8,"(0.3, 0.35]"
"(105, 110]","(0.7, 0.8]",0.0025906735751295338,105,110,0.7,0.8,"(0.3, 0.35]"
"(110, 115]","(3.3, 3.4]",0.0025906735751295338,110,115,3.3,3.4,"(0.3, 0.35]"
"(115, 120]","(2.2, 2.3]",0.0025906735751295338,115,120,2.2,2.3,"(0.3, 0.35]"
"(115, 120]","(2.8, 2.9]",0.0051813471502590676,115,120,2.8,2.9,"(0.3, 0.35]"
"(120, 125]","(2.7, 2.8]",0.0025906735751295338,120,125,2.7,2.8,"(0.3, 0.35]"
"(120, 125]","(2.8, 2.9]",0.0051813471502590676,120,125,2.8,2.9,"(0.3, 0.35]"
"(125, 130]","(2.0, 2.1]",0.0025906735751295338,125,130,2.0,2.1,"(0.3, 0.35]"
"(125, 130]","(2.3, 2.4]",0.0025906735751295338,125,130,2.3,2.4,"(0.3, 0.35]"
"(130, 135]","(2.3, 2.4]",0.0025906735751295338,130,135,2.3,2.4,"(0.3, 0.35]"
"(130, 135]","(3.4, 3.5]",0.0025906735751295338,130,135,3.4,3.5,"(0.3, 0.35]"
"(135, 140]","(2.9, 3.0]",0.0025906735751295338,135,140,2.9,3.0,"(0.3, 0.35]"
"(135, 140]","(3.4, 3.5]",0.0051813471502590676,135,140,3.4,3.5,"(0.3, 0.35]"
"(140, 145]","(1.8, 1.9]",0.0025906735751295338,140,145,1.8,1.9,"(0.3, 0.35]"
"(140, 145]","(2.7, 2.8]",0.0025906735751295338,140,145,2.7,2.8,"(0.3, 0.35]"
"(140, 145]","(2.9, 3.0]",0.0025906735751295338,140,145,2.9,3.0,"(0.3, 0.35]"
"(140, 145]","(3.3, 3.4]",0.0051813471502590676,140,145,3.3,3.4,"(0.3, 0.35]"
"(140, 145]","(3.4, 3.5]",0.007772020725388601,140,145,3.4,3.5,"(0.3, 0.35]"
"(140, 145]","(3.5, 3.6]",0.010362694300518135,140,145,3.5,3.6,"(0.3, 0.35]"
"(145, 150]","(1.8, 1.9]",0.010362694300518135,145,150,1.8,1.9,"(0.3, 0.35]"
"(145, 150]","(2.8, 2.9]",0.0025906735751295338,145,150,2.8,2.9,"(0.3, 0.35]"
"(145, 150]","(2.9, 3.0]",0.0025906735751295338,145,150,2.9,3.0,"(0.3, 0.35]"
"(145, 150]","(3.0, 3.1]",0.007772020725388601,145,150,3.0,3.1,"(0.3, 0.35]"
"(145, 150]","(3.1, 3.2]",0.0025906735751295338,145,150,3.1,3.2,"(0.3, 0.35]"
"(145, 150]","(3.3, 3.4]",0.0051813471502590676,145,150,3.3,3.4,"(0.3, 0.35]"
"(145, 150]","(3.4, 3.5]",0.010362694300518135,145,150,3.4,3.5,"(0.3, 0.35]"
"(145, 150]","(3.5, 3.6]",0.023316062176165803,145,150,3.5,3.6,"(0.3, 0.35]"
"(145, 150]","(3.6, 3.7]",0.0051813471502590676,145,150,3.6,3.7,"(0.3, 0.35]"
"(150, 155]","(1.9, 2.0]",0.0025906735751295338,150,155,1.9,2.0,"(0.3, 0.35]"
"(150, 155]","(2.0, 2.1]",0.0025906735751295338,150,155,2.0,2.1,"(0.3, 0.35]"
"(150, 155]","(2.7, 2.8]",0.0025906735751295338,150,155,2.7,2.8,"(0.3, 0.35]"
"(150, 155]","(2.8, 2.9]",0.010362694300518135,150,155,2.8,2.9,"(0.3, 0.35]"
"(150, 155]","(2.9, 3.0]",0.018134715025906734,150,155,2.9,3.0,"(0.3, 0.35]"
"(150, 155]","(3.0, 3.1]",0.0025906735751295338,150,155,3.0,3.1,"(0.3, 0.35]"
"(150, 155]","(3.1, 3.2]",0.0051813471502590676,150,155,3.1,3.2,"(0.3, 0.35]"
"(150, 155]","(3.4, 3.5]",0.010362694300518135,150,155,3.4,3.5,"(0.3, 0.35]"
"(150, 155]","(3.5, 3.6]",0.010362694300518135,150,155,3.5,3.6,"(0.3, 0.35]"
"(155, 160]","(2.8, 2.9]",0.007772020725388601,155,160,2.8,2.9,"(0.3, 0.35]"
"(155, 160]","(2.9, 3.0]",0.0025906735751295338,155,160,2.9,3.0,"(0.3, 0.35]"
"(155, 160]","(3.0, 3.1]",0.007772020725388601,155,160,3.0,3.1,"(0.3, 0.35]"
"(155, 160]","(3.1, 3.2]",0.0051813471502590676,155,160,3.1,3.2,"(0.3, 0.35]"
"(155, 160]","(3.5, 3.6]",0.0025906735751295338,155,160,3.5,3.6,"(0.3, 0.35]"
"(160, 165]","(2.2, 2.3]",0.0025906735751295338,160,165,2.2,2.3,"(0.3, 0.35]"
"(160, 165]","(2.3, 2.4]",0.010362694300518135,160,165,2.3,2.4,"(0.3, 0.35]"
"(160, 165]","(2.4, 2.5]",0.0025906735751295338,160,165,2.4,2.5,"(0.3, 0.35]"
"(160, 165]","(2.7, 2.8]",0.0025906735751295338,160,165,2.7,2.8,"(0.3, 0.35]"
"(160, 165]","(2.8, 2.9]",0.010362694300518135,160,165,2.8,2.9,"(0.3, 0.35]"
"(160, 165]","(2.9, 3.0]",0.0051813471502590676,160,165,2.9,3.0,"(0.3, 0.35]"
"(160, 165]","(3.4, 3.5]",0.007772020725388601,160,165,3.4,3.5,"(0.3, 0.35]"
"(160, 165]","(3.5, 3.6]",0.0025906735751295338,160,165,3.5,3.6,"(0.3, 0.35]"
"(165, 170]","(1.8, 1.9]",0.0025906735751295338,165,170,1.8,1.9,"(0.3, 0.35]"
"(165, 170]","(1.9, 2.0]",0.0025906735751295338,165,170,1.9,2.0,"(0.3, 0.35]"
"(165, 170]","(2.2, 2.3]",0.0025906735751295338,165,170,2.2,2.3,"(0.3, 0.35]"
"(165, 170]","(2.3, 2.4]",0.0025906735751295338,165,170,2.3,2.4,"(0.3, 0.35]"
"(165, 170]","(2.4, 2.5]",0.0025906735751295338,165,170,2.4,2.5,"(0.3, 0.35]"
"(165, 170]","(2.5, 2.6]",0.0025906735751295338,165,170,2.5,2.6,"(0.3, 0.35]"
"(165, 170]","(2.8, 2.9]",0.010362694300518135,165,170,2.8,2.9,"(0.3, 0.35]"
"(165, 170]","(2.9, 3.0]",0.007772020725388601,165,170,2.9,3.0,"(0.3, 0.35]"
"(165, 170]","(3.0, 3.1]",0.0051813471502590676,165,170,3.0,3.1,"(0.3, 0.35]"
"(165, 170]","(3.1, 3.2]",0.0025906735751295338,165,170,3.1,3.2,"(0.3, 0.35]"
"(165, 170]","(3.3, 3.4]",0.0025906735751295338,165,170,3.3,3.4,"(0.3, 0.35]"
"(165, 170]","(3.4, 3.5]",0.0051813471502590676,165,170,3.4,3.5,"(0.3, 0.35]"
"(165, 170]","(3.5, 3.6]",0.015544041450777202,165,170,3.5,3.6,"(0.3, 0.35]"
"(165, 170]","(3.6, 3.7]",0.0025906735751295338,165,170,3.6,3.7,"(0.3, 0.35]"
"(170, 175]","(2.0, 2.1]",0.0025906735751295338,170,175,2.0,2.1,"(0.3, 0.35]"
"(170, 175]","(2.3, 2.4]",0.0025906735751295338,170,175,2.3,2.4,"(0.3, 0.35]"
"(170, 175]","(2.7, 2.8]",0.0025906735751295338,170,175,2.7,2.8,"(0.3, 0.35]"
"(170, 175]","(2.9, 3.0]",0.0025906735751295338,170,175,2.9,3.0,"(0.3, 0.35]"
"(170, 175]","(3.0, 3.1]",0.007772020725388601,170,175,3.0,3.1,"(0.3, 0.35]"
"(170, 175]","(3.1, 3.2]",0.0051813471502590676,170,175,3.1,3.2,"(0.3, 0.35]"
"(170, 175]","(3.2, 3.3]",0.0051813471502590676,170,175,3.2,3.3,"(0.3, 0.35]"
"(170, 175]","(3.3, 3.4]",0.0051813471502590676,170,175,3.3,3.4,"(0.3, 0.35]"
"(170, 175]","(3.4, 3.5]",0.0051813471502590676,170,175,3.4,3.5,"(0.3, 0.35]"
"(170, 175]","(3.5, 3.6]",0.010362694300518135,170,175,3.5,3.6,"(0.3, 0.35]"
"(175, 180]","(1.6, 1.7]",0.0025906735751295338,175,180,1.6,1.7,"(0.3, 0.35]"
"(175, 180]","(2.0, 2.1]",0.0025906735751295338,175,180,2.0,2.1,"(0.3, 0.35]"
"(175, 180]","(2.3, 2.4]",0.0025906735751295338,175,180,2.3,2.4,"(0.3, 0.35]"
"(175, 180]","(2.4, 2.5]",0.0025906735751295338,175,180,2.4,2.5,"(0.3, 0.35]"
"(175, 180]","(2.6, 2.7]",0.0025906735751295338,175,180,2.6,2.7,"(0.3, 0.35]"
"(175, 180]","(2.8, 2.9]",0.007772020725388601,175,180,2.8,2.9,"(0.3, 0.35]"
"(175, 180]","(3.0, 3.1]",0.010362694300518135,175,180,3.0,3.1,"(0.3, 0.35]"
"(175, 180]","(3.1, 3.2]",0.0051813471502590676,175,180,3.1,3.2,"(0.3, 0.35]"
"(175, 180]","(3.2, 3.3]",0.0025906735751295338,175,180,3.2,3.3,"(0.3, 0.35]"
"(175, 180]","(3.4, 3.5]",0.010362694300518135,175,180,3.4,3.5,"(0.3, 0.35]"
"(175, 180]","(3.5, 3.6]",0.0051813471502590676,175,180,3.5,3.6,"(0.3, 0.35]"
"(175, 180]","(3.6, 3.7]",0.0025906735751295338,175,180,3.6,3.7,"(0.3, 0.35]"
"(180, 185]","(2.0, 2.1]",0.0025906735751295338,180,185,2.0,2.1,"(0.3, 0.35]"
"(180, 185]","(2.3, 2.4]",0.015544041450777202,180,185,2.3,2.4,"(0.3, 0.35]"
"(180, 185]","(2.9, 3.0]",0.0051813471502590676,180,185,2.9,3.0,"(0.3, 0.35]"
"(180, 185]","(3.0, 3.1]",0.007772020725388601,180,185,3.0,3.1,"(0.3, 0.35]"
"(180, 185]","(3.1, 3.2]",0.0025906735751295338,180,185,3.1,3.2,"(0.3, 0.35]"
"(180, 185]","(3.3, 3.4]",0.007772020725388601,180,185,3.3,3.4,"(0.3, 0.35]"
"(180, 185]","(3.4, 3.5]",0.0025906735751295338,180,185,3.4,3.5,"(0.3, 0.35]"
"(180, 185]","(3.5, 3.6]",0.0051813471502590676,180,185,3.5,3.6,"(0.3, 0.35]"
"(180, 185]","(3.6, 3.7]",0.0025906735751295338,180,185,3.6,3.7,"(0.3, 0.35]"
"(180, 185]","(3.7, 3.8]",0.0025906735751295338,180,185,3.7,3.8,"(0.3, 0.35]"
"(185, 190]","(2.3, 2.4]",0.0051813471502590676,185,190,2.3,2.4,"(0.3, 0.35]"
"(185, 190]","(2.6, 2.7]",0.0025906735751295338,185,190,2.6,2.7,"(0.3, 0.35]"
"(185, 190]","(2.7, 2.8]",0.0025906735751295338,185,190,2.7,2.8,"(0.3, 0.35]"
"(185, 190]","(2.8, 2.9]",0.0025906735751295338,185,190,2.8,2.9,"(0.3, 0.35]"
"(185, 190]","(2.9, 3.0]",0.0025906735751295338,185,190,2.9,3.0,"(0.3, 0.35]"
"(185, 190]","(3.0, 3.1]",0.0051813471502590676,185,190,3.0,3.1,"(0.3, 0.35]"
"(185, 190]","(3.1, 3.2]",0.0025906735751295338,185,190,3.1,3.2,"(0.3, 0.35]"
"(185, 190]","(3.2, 3.3]",0.0025906735751295338,185,190,3.2,3.3,"(0.3, 0.35]"
"(185, 190]","(3.3, 3.4]",0.0025906735751295338,185,190,3.3,3.4,"(0.3, 0.35]"
"(185, 190]","(3.4, 3.5]",0.010362694300518135,185,190,3.4,3.5,"(0.3, 0.35]"
"(185, 190]","(3.5, 3.6]",0.0051813471502590676,185,190,3.5,3.6,"(0.3, 0.35]"
"(190, 195]","(1.8, 1.9]",0.0025906735751295338,190,195,1.8,1.9,"(0.3, 0.35]"
"(190, 195]","(2.0, 2.1]",0.0025906735751295338,190,195,2.0,2.1,"(0.3, 0.35]"
"(190, 195]","(2.3, 2.4]",0.0025906735751295338,190,195,2.3,2.4,"(0.3, 0.35]"
"(190, 195]","(2.7, 2.8]",0.0025906735751295338,190,195,2.7,2.8,"(0.3, 0.35]"
"(190, 195]","(2.8, 2.9]",0.0025906735751295338,190,195,2.8,2.9,"(0.3, 0.35]"
"(190, 195]","(2.9, 3.0]",0.0025906735751295338,190,195,2.9,3.0,"(0.3, 0.35]"
"(190, 195]","(3.0, 3.1]",0.007772020725388601,190,195,3.0,3.1,"(0.3, 0.35]"
"(190, 195]","(3.1, 3.2]",0.007772020725388601,190,195,3.1,3.2,"(0.3, 0.35]"
"(190, 195]","(3.2, 3.3]",0.010362694300518135,190,195,3.2,3.3,"(0.3, 0.35]"
"(190, 195]","(3.3, 3.4]",0.0025906735751295338,190,195,3.3,3.4,"(0.3, 0.35]"
"(190, 195]","(3.4, 3.5]",0.015544041450777202,190,195,3.4,3.5,"(0.3, 0.35]"
"(190, 195]","(3.5, 3.6]",0.007772020725388601,190,195,3.5,3.6,"(0.3, 0.35]"
"(190, 195]","(3.6, 3.7]",0.0025906735751295338,190,195,3.6,3.7,"(0.3, 0.35]"
"(195, 200]","(2.3, 2.4]",0.0051813471502590676,195,200,2.3,2.4,"(0.3, 0.35]"
"(195, 200]","(2.4, 2.5]",0.0025906735751295338,195,200,2.4,2.5,"(0.3, 0.35]"
"(195, 200]","(2.8, 2.9]",0.007772020725388601,195,200,2.8,2.9,"(0.3, 0.35]"
"(195, 200]","(3.1, 3.2]",0.0051813471502590676,195,200,3.1,3.2,"(0.3, 0.35]"
"(195, 200]","(3.2, 3.3]",0.0025906735751295338,195,200,3.2,3.3,"(0.3, 0.35]"
"(195, 200]","(3.3, 3.4]",0.0025906735751295338,195,200,3.3,3.4,"(0.3, 0.35]"
"(195, 200]","(3.4, 3.5]",0.0051813471502590676,195,200,3.4,3.5,"(0.3, 0.35]"
"(195, 200]","(3.5, 3.6]",0.0051813471502590676,195,200,3.5,3.6,"(0.3, 0.35]"
"(195, 200]","(3.6, 3.7]",0.0025906735751295338,195,200,3.6,3.7,"(0.3, 0.35]"
"(200, 205]","(3.0, 3.1]",0.0051813471502590676,200,205,3.0,3.1,"(0.3, 0.35]"
"(200, 205]","(3.1, 3.2]",0.0025906735751295338,200,205,3.1,3.2,"(0.3, 0.35]"
"(200, 205]","(3.3, 3.4]",0.0051813471502590676,200,205,3.3,3.4,"(0.3, 0.35]"
"(200, 205]","(3.4, 3.5]",0.007772020725388601,200,205,3.4,3.5,"(0.3, 0.35]"
"(205, 210]","(2.7, 2.8]",0.0025906735751295338,205,210,2.7,2.8,"(0.3, 0.35]"
"(205, 210]","(2.8, 2.9]",0.0025906735751295338,205,210,2.8,2.9,"(0.3, 0.35]"
"(205, 210]","(2.9, 3.0]",0.0025906735751295338,205,210,2.9,3.0,"(0.3, 0.35]"
"(205, 210]","(3.0, 3.1]",0.0051813471502590676,205,210,3.0,3.1,"(0.3, 0.35]"
"(205, 210]","(3.1, 3.2]",0.010362694300518135,205,210,3.1,3.2,"(0.3, 0.35]"
"(205, 210]","(3.3, 3.4]",0.0025906735751295338,205,210,3.3,3.4,"(0.3, 0.35]"
"(205, 210]","(3.4, 3.5]",0.007772020725388601,205,210,3.4,3.5,"(0.3, 0.35]"
"(205, 210]","(3.5, 3.6]",0.0025906735751295338,205,210,3.5,3.6,"(0.3, 0.35]"
"(205, 210]","(3.6, 3.7]",0.0051813471502590676,205,210,3.6,3.7,"(0.3, 0.35]"
"(210, 215]","(2.4, 2.5]",0.0051813471502590676,210,215,2.4,2.5,"(0.3, 0.35]"
"(210, 215]","(2.5, 2.6]",0.0025906735751295338,210,215,2.5,2.6,"(0.3, 0.35]"
"(210, 215]","(2.7, 2.8]",0.0025906735751295338,210,215,2.7,2.8,"(0.3, 0.35]"
"(210, 215]","(3.0, 3.1]",0.007772020725388601,210,215,3.0,3.1,"(0.3, 0.35]"
"(210, 215]","(3.1, 3.2]",0.0025906735751295338,210,215,3.1,3.2,"(0.3, 0.35]"
"(210, 215]","(3.4, 3.5]",0.010362694300518135,210,215,3.4,3.5,"(0.3, 0.35]"
"(210, 215]","(3.5, 3.6]",0.0051813471502590676,210,215,3.5,3.6,"(0.3, 0.35]"
"(215, 220]","(2.6, 2.7]",0.0025906735751295338,215,220,2.6,2.7,"(0.3, 0.35]"
"(215, 220]","(2.8, 2.9]",0.0025906735751295338,215,220,2.8,2.9,"(0.3, 0.35]"
"(215, 220]","(3.0, 3.1]",0.0051813471502590676,215,220,3.0,3.1,"(0.3, 0.35]"
"(215, 220]","(3.1, 3.2]",0.0051813471502590676,215,220,3.1,3.2,"(0.3, 0.35]"
"(215, 220]","(3.4, 3.5]",0.0025906735751295338,215,220,3.4,3.5,"(0.3, 0.35]"
"(215, 220]","(3.5, 3.6]",0.010362694300518135,215,220,3.5,3.6,"(0.3, 0.35]"
"(220, 225]","(2.2, 2.3]",0.0025906735751295338,220,225,2.2,2.3,"(0.3, 0.35]"
"(220, 225]","(2.8, 2.9]",0.0025906735751295338,220,225,2.8,2.9,"(0.3, 0.35]"
"(220, 225]","(3.0, 3.1]",0.0025906735751295338,220,225,3.0,3.1,"(0.3, 0.35]"
"(220, 225]","(3.1, 3.2]",0.0025906735751295338,220,225,3.1,3.2,"(0.3, 0.35]"
"(220, 225]","(3.3, 3.4]",0.0025906735751295338,220,225,3.3,3.4,"(0.3, 0.35]"
"(220, 225]","(3.4, 3.5]",0.0025906735751295338,220,225,3.4,3.5,"(0.3, 0.35]"
"(220, 225]","(3.5, 3.6]",0.007772020725388601,220,225,3.5,3.6,"(0.3, 0.35]"
"(225, 230]","(2.8, 2.9]",0.0025906735751295338,225,230,2.8,2.9,"(0.3, 0.35]"
"(225, 230]","(2.9, 3.0]",0.0025906735751295338,225,230,2.9,3.0,"(0.3, 0.35]"
"(225, 230]","(3.0, 3.1]",0.0025906735751295338,225,230,3.0,3.1,"(0.3, 0.35]"
"(225, 230]","(3.1, 3.2]",0.007772020725388601,225,230,3.1,3.2,"(0.3, 0.35]"
"(225, 230]","(3.5, 3.6]",0.012953367875647668,225,230,3.5,3.6,"(0.3, 0.35]"
"(230, 235]","(3.0, 3.1]",0.0051813471502590676,230,235,3.0,3.1,"(0.3, 0.35]"
"(230, 235]","(3.1, 3.2]",0.007772020725388601,230,235,3.1,3.2,"(0.3, 0.35]"
"(235, 240]","(2.8, 2.9]",0.0025906735751295338,235,240,2.8,2.9,"(0.3, 0.35]"
"(235, 240]","(2.9, 3.0]",0.0025906735751295338,235,240,2.9,3.0,"(0.3, 0.35]"
"(235, 240]","(3.1, 3.2]",0.0025906735751295338,235,240,3.1,3.2,"(0.3, 0.35]"
"(235, 240]","(3.4, 3.5]",0.0025906735751295338,235,240,3.4,3.5,"(0.3, 0.35]"
"(240, 245]","(3.1, 3.2]",0.0025906735751295338,240,245,3.1,3.2,"(0.3, 0.35]"
"(240, 245]","(3.4, 3.5]",0.0025906735751295338,240,245,3.4,3.5,"(0.3, 0.35]"
"(240, 245]","(3.5, 3.6]",0.0025906735751295338,240,245,3.5,3.6,"(0.3, 0.35]"
"(245, 250]","(2.8, 2.9]",0.0025906735751295338,245,250,2.8,2.9,"(0.3, 0.35]"
"(245, 250]","(3.3, 3.4]",0.0025906735751295338,245,250,3.3,3.4,"(0.3, 0.35]"
"(250, 255]","(2.3, 2.4]",0.0025906735751295338,250,255,2.3,2.4,"(0.3, 0.35]"
"(250, 255]","(2.4, 2.5]",0.0025906735751295338,250,255,2.4,2.5,"(0.3, 0.35]"
"(250, 255]","(2.8, 2.9]",0.0025906735751295338,250,255,2.8,2.9,"(0.3, 0.35]"
"(250, 255]","(2.9, 3.0]",0.0025906735751295338,250,255,2.9,3.0,"(0.3, 0.35]"
"(250, 255]","(3.5, 3.6]",0.0025906735751295338,250,255,3.5,3.6,"(0.3, 0.35]"
"(255, 260]","(2.8, 2.9]",0.0025906735751295338,255,260,2.8,2.9,"(0.3, 0.35]"
"(255, 260]","(3.2, 3.3]",0.0025906735751295338,255,260,3.2,3.3,"(0.3, 0.35]"
"(255, 260]","(3.5, 3.6]",0.0025906735751295338,255,260,3.5,3.6,"(0.3, 0.35]"
"(260, 265]","(3.0, 3.1]",0.0025906735751295338,260,265,3.0,3.1,"(0.3, 0.35]"
"(260, 265]","(3.1, 3.2]",0.0025906735751295338,260,265,3.1,3.2,"(0.3, 0.35]"
"(260, 265]","(3.4, 3.5]",0.0025906735751295338,260,265,3.4,3.5,"(0.3, 0.35]"
"(260, 265]","(3.5, 3.6]",0.0025906735751295338,260,265,3.5,3.6,"(0.3, 0.35]"
"(260, 265]","(3.6, 3.7]",0.0025906735751295338,260,265,3.6,3.7,"(0.3, 0.35]"
"(265, 270]","(2.4, 2.5]",0.0025906735751295338,265,270,2.4,2.5,"(0.3, 0.35]"
"(265, 270]","(3.4, 3.5]",0.0051813471502590676,265,270,3.4,3.5,"(0.3, 0.35]"
"(270, 275]","(3.1, 3.2]",0.0051813471502590676,270,275,3.1,3.2,"(0.3, 0.35]"
"(275, 280]","(3.0, 3.1]",0.0051813471502590676,275,280,3.0,3.1,"(0.3, 0.35]"
"(275, 280]","(3.4, 3.5]",0.0051813471502590676,275,280,3.4,3.5,"(0.3, 0.35]"
"(275, 280]","(3.5, 3.6]",0.0051813471502590676,275,280,3.5,3.6,"(0.3, 0.35]"
"(280, 285]","(2.4, 2.5]",0.0025906735751295338,280,285,2.4,2.5,"(0.3, 0.35]"
"(280, 285]","(2.6, 2.7]",0.0025906735751295338,280,285,2.6,2.7,"(0.3, 0.35]"
"(280, 285]","(3.1, 3.2]",0.0025906735751295338,280,285,3.1,3.2,"(0.3, 0.35]"
"(280, 285]","(3.6, 3.7]",0.0025906735751295338,280,285,3.6,3.7,"(0.3, 0.35]"
"(285, 290]","(2.8, 2.9]",0.0025906735751295338,285,290,2.8,2.9,"(0.3, 0.35]"
"(285, 290]","(3.1, 3.2]",0.0025906735751295338,285,290,3.1,3.2,"(0.3, 0.35]"
"(290, 295]","(2.8, 2.9]",0.0025906735751295338,290,295,2.8,2.9,"(0.3, 0.35]"
"(290, 295]","(3.0, 3.1]",0.0025906735751295338,290,295,3.0,3.1,"(0.3, 0.35]"
"(290, 295]","(3.1, 3.2]",0.0025906735751295338,290,295,3.1,3.2,"(0.3, 0.35]"
"(295, 300]","(3.1, 3.2]",0.0025906735751295338,295,300,3.1,3.2,"(0.3, 0.35]"
"(300, 305]","(3.1, 3.2]",0.0025906735751295338,300,305,3.1,3.2,"(0.3, 0.35]"
"(305, 310]","(2.9, 3.0]",0.0025906735751295338,305,310,2.9,3.0,"(0.3, 0.35]"
"(305, 310]","(3.0, 3.1]",0.0025906735751295338,305,310,3.0,3.1,"(0.3, 0.35]"
"(305, 310]","(3.4, 3.5]",0.0025906735751295338,305,310,3.4,3.5,"(0.3, 0.35]"
"(325, 330]","(3.1, 3.2]",0.0051813471502590676,325,330,3.1,3.2,"(0.3, 0.35]"
"(335, 340]","(3.1, 3.2]",0.0025906735751295338,335,340,3.1,3.2,"(0.3, 0.35]"
"(345, 350]","(3.3, 3.4]",0.0025906735751295338,345,350,3.3,3.4,"(0.3, 0.35]"
"(350, 355]","(3.1, 3.2]",0.0025906735751295338,350,355,3.1,3.2,"(0.3, 0.35]"
"(360, 365]","(3.6, 3.7]",0.0025906735751295338,360,365,3.6,3.7,"(0.3, 0.35]"
"(365, 370]","(3.1, 3.2]",0.0025906735751295338,365,370,3.1,3.2,"(0.3, 0.35]"
"(365, 370]","(3.4, 3.5]",0.0025906735751295338,365,370,3.4,3.5,"(0.3, 0.35]"
"(375, 380]","(2.8, 2.9]",0.0025906735751295338,375,380,2.8,2.9,"(0.3, 0.35]"
"(375, 380]","(3.1, 3.2]",0.0025906735751295338,375,380,3.1,3.2,"(0.3, 0.35]"
"(465, 470]","(3.4, 3.5]",0.0025906735751295338,465,470,3.4,3.5,"(0.3, 0.35]"
"(80, 85]","(0.2, 0.3]",0.00234192037470726,80,85,0.2,0.3,"(0.35, 0.4]"
"(95, 100]","(1.2, 1.3]",0.00234192037470726,95,100,1.2,1.3,"(0.35, 0.4]"
"(95, 100]","(1.8, 1.9]",0.00234192037470726,95,100,1.8,1.9,"(0.35, 0.4]"
"(100, 105]","(2.5, 2.6]",0.00234192037470726,100,105,2.5,2.6,"(0.35, 0.4]"
"(100, 105]","(2.8, 2.9]",0.00234192037470726,100,105,2.8,2.9,"(0.35, 0.4]"
"(110, 115]","(3.3, 3.4]",0.00702576112412178,110,115,3.3,3.4,"(0.35, 0.4]"
"(115, 120]","(1.1, 1.2]",0.00234192037470726,115,120,1.1,1.2,"(0.35, 0.4]"
"(115, 120]","(2.6, 2.7]",0.00234192037470726,115,120,2.6,2.7,"(0.35, 0.4]"
"(115, 120]","(2.9, 3.0]",0.00234192037470726,115,120,2.9,3.0,"(0.35, 0.4]"
"(115, 120]","(3.1, 3.2]",0.00234192037470726,115,120,3.1,3.2,"(0.35, 0.4]"
"(120, 125]","(2.4, 2.5]",0.00234192037470726,120,125,2.4,2.5,"(0.35, 0.4]"
"(120, 125]","(2.6, 2.7]",0.00234192037470726,120,125,2.6,2.7,"(0.35, 0.4]"
"(120, 125]","(2.7, 2.8]",0.00234192037470726,120,125,2.7,2.8,"(0.35, 0.4]"
"(120, 125]","(3.4, 3.5]",0.00468384074941452,120,125,3.4,3.5,"(0.35, 0.4]"
"(120, 125]","(3.5, 3.6]",0.00234192037470726,120,125,3.5,3.6,"(0.35, 0.4]"
"(125, 130]","(2.3, 2.4]",0.00234192037470726,125,130,2.3,2.4,"(0.35, 0.4]"
"(125, 130]","(2.7, 2.8]",0.00234192037470726,125,130,2.7,2.8,"(0.35, 0.4]"
"(125, 130]","(2.8, 2.9]",0.00234192037470726,125,130,2.8,2.9,"(0.35, 0.4]"
"(125, 130]","(2.9, 3.0]",0.00234192037470726,125,130,2.9,3.0,"(0.35, 0.4]"
"(125, 130]","(3.4, 3.5]",0.00468384074941452,125,130,3.4,3.5,"(0.35, 0.4]"
"(125, 130]","(3.5, 3.6]",0.00234192037470726,125,130,3.5,3.6,"(0.35, 0.4]"
"(130, 135]","(2.0, 2.1]",0.00234192037470726,130,135,2.0,2.1,"(0.35, 0.4]"
"(130, 135]","(2.3, 2.4]",0.00936768149882904,130,135,2.3,2.4,"(0.35, 0.4]"
"(130, 135]","(3.0, 3.1]",0.00234192037470726,130,135,3.0,3.1,"(0.35, 0.4]"
"(130, 135]","(3.5, 3.6]",0.00234192037470726,130,135,3.5,3.6,"(0.35, 0.4]"
"(135, 140]","(2.0, 2.1]",0.00468384074941452,135,140,2.0,2.1,"(0.35, 0.4]"
"(135, 140]","(2.2, 2.3]",0.00234192037470726,135,140,2.2,2.3,"(0.35, 0.4]"
"(135, 140]","(2.8, 2.9]",0.00234192037470726,135,140,2.8,2.9,"(0.35, 0.4]"
"(135, 140]","(3.1, 3.2]",0.00234192037470726,135,140,3.1,3.2,"(0.35, 0.4]"
"(135, 140]","(3.5, 3.6]",0.00702576112412178,135,140,3.5,3.6,"(0.35, 0.4]"
"(140, 145]","(1.7, 1.8]",0.00234192037470726,140,145,1.7,1.8,"(0.35, 0.4]"
"(140, 145]","(2.2, 2.3]",0.00234192037470726,140,145,2.2,2.3,"(0.35, 0.4]"
"(140, 145]","(2.3, 2.4]",0.00468384074941452,140,145,2.3,2.4,"(0.35, 0.4]"
"(140, 145]","(2.4, 2.5]",0.00234192037470726,140,145,2.4,2.5,"(0.35, 0.4]"
"(140, 145]","(2.7, 2.8]",0.00234192037470726,140,145,2.7,2.8,"(0.35, 0.4]"
"(140, 145]","(2.8, 2.9]",0.00468384074941452,140,145,2.8,2.9,"(0.35, 0.4]"
"(140, 145]","(2.9, 3.0]",0.00702576112412178,140,145,2.9,3.0,"(0.35, 0.4]"
"(140, 145]","(3.4, 3.5]",0.00702576112412178,140,145,3.4,3.5,"(0.35, 0.4]"
"(140, 145]","(3.5, 3.6]",0.01405152224824356,140,145,3.5,3.6,"(0.35, 0.4]"
"(140, 145]","(3.6, 3.7]",0.00234192037470726,140,145,3.6,3.7,"(0.35, 0.4]"
"(145, 150]","(1.6, 1.7]",0.00234192037470726,145,150,1.6,1.7,"(0.35, 0.4]"
"(145, 150]","(2.3, 2.4]",0.00234192037470726,145,150,2.3,2.4,"(0.35, 0.4]"
"(145, 150]","(2.8, 2.9]",0.00468384074941452,145,150,2.8,2.9,"(0.35, 0.4]"
"(145, 150]","(2.9, 3.0]",0.00468384074941452,145,150,2.9,3.0,"(0.35, 0.4]"
"(145, 150]","(3.0, 3.1]",0.00936768149882904,145,150,3.0,3.1,"(0.35, 0.4]"
"(145, 150]","(3.1, 3.2]",0.00468384074941452,145,150,3.1,3.2,"(0.35, 0.4]"
"(145, 150]","(3.3, 3.4]",0.00234192037470726,145,150,3.3,3.4,"(0.35, 0.4]"
"(145, 150]","(3.4, 3.5]",0.01405152224824356,145,150,3.4,3.5,"(0.35, 0.4]"
"(145, 150]","(3.5, 3.6]",0.01405152224824356,145,150,3.5,3.6,"(0.35, 0.4]"
"(145, 150]","(3.6, 3.7]",0.00234192037470726,145,150,3.6,3.7,"(0.35, 0.4]"
"(150, 155]","(2.7, 2.8]",0.00234192037470726,150,155,2.7,2.8,"(0.35, 0.4]"
"(150, 155]","(2.8, 2.9]",0.0117096018735363,150,155,2.8,2.9,"(0.35, 0.4]"
"(150, 155]","(3.0, 3.1]",0.01873536299765808,150,155,3.0,3.1,"(0.35, 0.4]"
"(150, 155]","(3.1, 3.2]",0.01405152224824356,150,155,3.1,3.2,"(0.35, 0.4]"
"(150, 155]","(3.2, 3.3]",0.00234192037470726,150,155,3.2,3.3,"(0.35, 0.4]"
"(150, 155]","(3.3, 3.4]",0.00234192037470726,150,155,3.3,3.4,"(0.35, 0.4]"
"(150, 155]","(3.4, 3.5]",0.00936768149882904,150,155,3.4,3.5,"(0.35, 0.4]"
"(150, 155]","(3.5, 3.6]",0.00468384074941452,150,155,3.5,3.6,"(0.35, 0.4]"
"(150, 155]","(3.6, 3.7]",0.00234192037470726,150,155,3.6,3.7,"(0.35, 0.4]"
"(155, 160]","(2.1, 2.2]",0.00234192037470726,155,160,2.1,2.2,"(0.35, 0.4]"
"(155, 160]","(2.3, 2.4]",0.00468384074941452,155,160,2.3,2.4,"(0.35, 0.4]"
"(155, 160]","(2.4, 2.5]",0.00468384074941452,155,160,2.4,2.5,"(0.35, 0.4]"
"(155, 160]","(2.6, 2.7]",0.00468384074941452,155,160,2.6,2.7,"(0.35, 0.4]"
"(155, 160]","(2.8, 2.9]",0.00468384074941452,155,160,2.8,2.9,"(0.35, 0.4]"
"(155, 160]","(3.0, 3.1]",0.0117096018735363,155,160,3.0,3.1,"(0.35, 0.4]"
"(155, 160]","(3.1, 3.2]",0.00468384074941452,155,160,3.1,3.2,"(0.35, 0.4]"
"(155, 160]","(3.3, 3.4]",0.00468384074941452,155,160,3.3,3.4,"(0.35, 0.4]"
"(155, 160]","(3.4, 3.5]",0.00468384074941452,155,160,3.4,3.5,"(0.35, 0.4]"
"(155, 160]","(3.5, 3.6]",0.00234192037470726,155,160,3.5,3.6,"(0.35, 0.4]"
"(155, 160]","(3.6, 3.7]",0.00234192037470726,155,160,3.6,3.7,"(0.35, 0.4]"
"(160, 165]","(2.0, 2.1]",0.00234192037470726,160,165,2.0,2.1,"(0.35, 0.4]"
"(160, 165]","(2.3, 2.4]",0.00702576112412178,160,165,2.3,2.4,"(0.35, 0.4]"
"(160, 165]","(2.4, 2.5]",0.00234192037470726,160,165,2.4,2.5,"(0.35, 0.4]"
"(160, 165]","(2.6, 2.7]",0.00234192037470726,160,165,2.6,2.7,"(0.35, 0.4]"
"(160, 165]","(2.7, 2.8]",0.00234192037470726,160,165,2.7,2.8,"(0.35, 0.4]"
"(160, 165]","(2.8, 2.9]",0.00234192037470726,160,165,2.8,2.9,"(0.35, 0.4]"
"(160, 165]","(2.9, 3.0]",0.00468384074941452,160,165,2.9,3.0,"(0.35, 0.4]"
"(160, 165]","(3.0, 3.1]",0.00468384074941452,160,165,3.0,3.1,"(0.35, 0.4]"
"(160, 165]","(3.1, 3.2]",0.00234192037470726,160,165,3.1,3.2,"(0.35, 0.4]"
"(160, 165]","(3.3, 3.4]",0.00234192037470726,160,165,3.3,3.4,"(0.35, 0.4]"
"(160, 165]","(3.4, 3.5]",0.00234192037470726,160,165,3.4,3.5,"(0.35, 0.4]"
"(160, 165]","(3.5, 3.6]",0.00936768149882904,160,165,3.5,3.6,"(0.35, 0.4]"
"(165, 170]","(2.4, 2.5]",0.00234192037470726,165,170,2.4,2.5,"(0.35, 0.4]"
"(165, 170]","(2.8, 2.9]",0.00234192037470726,165,170,2.8,2.9,"(0.35, 0.4]"
"(165, 170]","(2.9, 3.0]",0.00468384074941452,165,170,2.9,3.0,"(0.35, 0.4]"
"(165, 170]","(3.0, 3.1]",0.00234192037470726,165,170,3.0,3.1,"(0.35, 0.4]"
"(165, 170]","(3.1, 3.2]",0.00702576112412178,165,170,3.1,3.2,"(0.35, 0.4]"
"(165, 170]","(3.3, 3.4]",0.00234192037470726,165,170,3.3,3.4,"(0.35, 0.4]"
"(165, 170]","(3.4, 3.5]",0.0117096018735363,165,170,3.4,3.5,"(0.35, 0.4]"
"(165, 170]","(3.5, 3.6]",0.00468384074941452,165,170,3.5,3.6,"(0.35, 0.4]"
"(170, 175]","(1.8, 1.9]",0.00234192037470726,170,175,1.8,1.9,"(0.35, 0.4]"
"(170, 175]","(2.3, 2.4]",0.00468384074941452,170,175,2.3,2.4,"(0.35, 0.4]"
"(170, 175]","(2.4, 2.5]",0.00234192037470726,170,175,2.4,2.5,"(0.35, 0.4]"
"(170, 175]","(2.7, 2.8]",0.00234192037470726,170,175,2.7,2.8,"(0.35, 0.4]"
"(170, 175]","(2.8, 2.9]",0.00234192037470726,170,175,2.8,2.9,"(0.35, 0.4]"
"(170, 175]","(2.9, 3.0]",0.00234192037470726,170,175,2.9,3.0,"(0.35, 0.4]"
"(170, 175]","(3.0, 3.1]",0.00234192037470726,170,175,3.0,3.1,"(0.35, 0.4]"
"(170, 175]","(3.1, 3.2]",0.00702576112412178,170,175,3.1,3.2,"(0.35, 0.4]"
"(170, 175]","(3.2, 3.3]",0.00234192037470726,170,175,3.2,3.3,"(0.35, 0.4]"
"(170, 175]","(3.3, 3.4]",0.00234192037470726,170,175,3.3,3.4,"(0.35, 0.4]"
"(170, 175]","(3.4, 3.5]",0.00234192037470726,170,175,3.4,3.5,"(0.35, 0.4]"
"(170, 175]","(3.5, 3.6]",0.00936768149882904,170,175,3.5,3.6,"(0.35, 0.4]"
"(175, 180]","(2.3, 2.4]",0.00234192037470726,175,180,2.3,2.4,"(0.35, 0.4]"
"(175, 180]","(2.4, 2.5]",0.00234192037470726,175,180,2.4,2.5,"(0.35, 0.4]"
"(175, 180]","(2.7, 2.8]",0.00234192037470726,175,180,2.7,2.8,"(0.35, 0.4]"
"(175, 180]","(2.8, 2.9]",0.00234192037470726,175,180,2.8,2.9,"(0.35, 0.4]"
"(175, 180]","(2.9, 3.0]",0.00702576112412178,175,180,2.9,3.0,"(0.35, 0.4]"
"(175, 180]","(3.0, 3.1]",0.00468384074941452,175,180,3.0,3.1,"(0.35, 0.4]"
"(175, 180]","(3.1, 3.2]",0.0117096018735363,175,180,3.1,3.2,"(0.35, 0.4]"
"(175, 180]","(3.2, 3.3]",0.00234192037470726,175,180,3.2,3.3,"(0.35, 0.4]"
"(175, 180]","(3.4, 3.5]",0.00468384074941452,175,180,3.4,3.5,"(0.35, 0.4]"
"(175, 180]","(3.5, 3.6]",0.00468384074941452,175,180,3.5,3.6,"(0.35, 0.4]"
"(180, 185]","(2.5, 2.6]",0.00234192037470726,180,185,2.5,2.6,"(0.35, 0.4]"
"(180, 185]","(2.6, 2.7]",0.00234192037470726,180,185,2.6,2.7,"(0.35, 0.4]"
"(180, 185]","(2.9, 3.0]",0.00234192037470726,180,185,2.9,3.0,"(0.35, 0.4]"
"(180, 185]","(3.0, 3.1]",0.00468384074941452,180,185,3.0,3.1,"(0.35, 0.4]"
"(180, 185]","(3.1, 3.2]",0.00468384074941452,180,185,3.1,3.2,"(0.35, 0.4]"
"(180, 185]","(3.5, 3.6]",0.00936768149882904,180,185,3.5,3.6,"(0.35, 0.4]"
"(180, 185]","(3.6, 3.7]",0.00234192037470726,180,185,3.6,3.7,"(0.35, 0.4]"
"(185, 190]","(2.1, 2.2]",0.00234192037470726,185,190,2.1,2.2,"(0.35, 0.4]"
"(185, 190]","(2.7, 2.8]",0.00702576112412178,185,190,2.7,2.8,"(0.35, 0.4]"
"(185, 190]","(2.8, 2.9]",0.00234192037470726,185,190,2.8,2.9,"(0.35, 0.4]"
"(185, 190]","(2.9, 3.0]",0.00702576112412178,185,190,2.9,3.0,"(0.35, 0.4]"
"(185, 190]","(3.4, 3.5]",0.00702576112412178,185,190,3.4,3.5,"(0.35, 0.4]"
"(185, 190]","(3.5, 3.6]",0.00702576112412178,185,190,3.5,3.6,"(0.35, 0.4]"
"(185, 190]","(3.6, 3.7]",0.00234192037470726,185,190,3.6,3.7,"(0.35, 0.4]"
"(190, 195]","(1.9, 2.0]",0.00234192037470726,190,195,1.9,2.0,"(0.35, 0.4]"
"(190, 195]","(2.4, 2.5]",0.00468384074941452,190,195,2.4,2.5,"(0.35, 0.4]"
"(190, 195]","(2.8, 2.9]",0.00234192037470726,190,195,2.8,2.9,"(0.35, 0.4]"
"(190, 195]","(3.0, 3.1]",0.00234192037470726,190,195,3.0,3.1,"(0.35, 0.4]"
"(190, 195]","(3.1, 3.2]",0.00702576112412178,190,195,3.1,3.2,"(0.35, 0.4]"
"(190, 195]","(3.2, 3.3]",0.00234192037470726,190,195,3.2,3.3,"(0.35, 0.4]"
"(190, 195]","(3.5, 3.6]",0.00702576112412178,190,195,3.5,3.6,"(0.35, 0.4]"
"(190, 195]","(3.6, 3.7]",0.00234192037470726,190,195,3.6,3.7,"(0.35, 0.4]"
"(195, 200]","(1.7, 1.8]",0.00234192037470726,195,200,1.7,1.8,"(0.35, 0.4]"
"(195, 200]","(2.3, 2.4]",0.00234192037470726,195,200,2.3,2.4,"(0.35, 0.4]"
"(195, 200]","(2.4, 2.5]",0.00234192037470726,195,200,2.4,2.5,"(0.35, 0.4]"
"(195, 200]","(2.8, 2.9]",0.00234192037470726,195,200,2.8,2.9,"(0.35, 0.4]"
"(195, 200]","(2.9, 3.0]",0.00234192037470726,195,200,2.9,3.0,"(0.35, 0.4]"
"(195, 200]","(3.0, 3.1]",0.00936768149882904,195,200,3.0,3.1,"(0.35, 0.4]"
"(195, 200]","(3.1, 3.2]",0.00234192037470726,195,200,3.1,3.2,"(0.35, 0.4]"
"(195, 200]","(3.4, 3.5]",0.00936768149882904,195,200,3.4,3.5,"(0.35, 0.4]"
"(195, 200]","(3.5, 3.6]",0.01405152224824356,195,200,3.5,3.6,"(0.35, 0.4]"
"(200, 205]","(2.9, 3.0]",0.00936768149882904,200,205,2.9,3.0,"(0.35, 0.4]"
"(200, 205]","(3.1, 3.2]",0.00702576112412178,200,205,3.1,3.2,"(0.35, 0.4]"
"(200, 205]","(3.2, 3.3]",0.00234192037470726,200,205,3.2,3.3,"(0.35, 0.4]"
"(200, 205]","(3.4, 3.5]",0.0117096018735363,200,205,3.4,3.5,"(0.35, 0.4]"
"(205, 210]","(1.9, 2.0]",0.00234192037470726,205,210,1.9,2.0,"(0.35, 0.4]"
"(205, 210]","(2.8, 2.9]",0.00234192037470726,205,210,2.8,2.9,"(0.35, 0.4]"
"(205, 210]","(2.9, 3.0]",0.00936768149882904,205,210,2.9,3.0,"(0.35, 0.4]"
"(205, 210]","(3.0, 3.1]",0.00468384074941452,205,210,3.0,3.1,"(0.35, 0.4]"
"(205, 210]","(3.1, 3.2]",0.00468384074941452,205,210,3.1,3.2,"(0.35, 0.4]"
"(205, 210]","(3.4, 3.5]",0.00702576112412178,205,210,3.4,3.5,"(0.35, 0.4]"
"(205, 210]","(3.5, 3.6]",0.00936768149882904,205,210,3.5,3.6,"(0.35, 0.4]"
"(205, 210]","(3.6, 3.7]",0.00234192037470726,205,210,3.6,3.7,"(0.35, 0.4]"
"(210, 215]","(1.9, 2.0]",0.00234192037470726,210,215,1.9,2.0,"(0.35, 0.4]"
"(210, 215]","(2.2, 2.3]",0.00234192037470726,210,215,2.2,2.3,"(0.35, 0.4]"
"(210, 215]","(2.8, 2.9]",0.00468384074941452,210,215,2.8,2.9,"(0.35, 0.4]"
"(210, 215]","(3.0, 3.1]",0.0117096018735363,210,215,3.0,3.1,"(0.35, 0.4]"
"(210, 215]","(3.1, 3.2]",0.00234192037470726,210,215,3.1,3.2,"(0.35, 0.4]"
"(210, 215]","(3.2, 3.3]",0.00468384074941452,210,215,3.2,3.3,"(0.35, 0.4]"
"(210, 215]","(3.4, 3.5]",0.00936768149882904,210,215,3.4,3.5,"(0.35, 0.4]"
"(210, 215]","(3.5, 3.6]",0.00234192037470726,210,215,3.5,3.6,"(0.35, 0.4]"
"(215, 220]","(2.1, 2.2]",0.00234192037470726,215,220,2.1,2.2,"(0.35, 0.4]"
"(215, 220]","(2.7, 2.8]",0.00234192037470726,215,220,2.7,2.8,"(0.35, 0.4]"
"(215, 220]","(2.9, 3.0]",0.00234192037470726,215,220,2.9,3.0,"(0.35, 0.4]"
"(215, 220]","(3.0, 3.1]",0.00702576112412178,215,220,3.0,3.1,"(0.35, 0.4]"
"(215, 220]","(3.1, 3.2]",0.00234192037470726,215,220,3.1,3.2,"(0.35, 0.4]"
"(220, 225]","(1.9, 2.0]",0.00234192037470726,220,225,1.9,2.0,"(0.35, 0.4]"
"(220, 225]","(2.6, 2.7]",0.00234192037470726,220,225,2.6,2.7,"(0.35, 0.4]"
"(220, 225]","(2.8, 2.9]",0.00468384074941452,220,225,2.8,2.9,"(0.35, 0.4]"
"(220, 225]","(3.1, 3.2]",0.00234192037470726,220,225,3.1,3.2,"(0.35, 0.4]"
"(220, 225]","(3.2, 3.3]",0.00234192037470726,220,225,3.2,3.3,"(0.35, 0.4]"
"(220, 225]","(3.4, 3.5]",0.00702576112412178,220,225,3.4,3.5,"(0.35, 0.4]"
"(225, 230]","(1.2, 1.3]",0.00234192037470726,225,230,1.2,1.3,"(0.35, 0.4]"
"(225, 230]","(1.8, 1.9]",0.00234192037470726,225,230,1.8,1.9,"(0.35, 0.4]"
"(225, 230]","(1.9, 2.0]",0.00234192037470726,225,230,1.9,2.0,"(0.35, 0.4]"
"(225, 230]","(2.9, 3.0]",0.00234192037470726,225,230,2.9,3.0,"(0.35, 0.4]"
"(225, 230]","(3.1, 3.2]",0.00468384074941452,225,230,3.1,3.2,"(0.35, 0.4]"
"(225, 230]","(3.3, 3.4]",0.00234192037470726,225,230,3.3,3.4,"(0.35, 0.4]"
"(225, 230]","(3.4, 3.5]",0.00468384074941452,225,230,3.4,3.5,"(0.35, 0.4]"
"(225, 230]","(3.5, 3.6]",0.00702576112412178,225,230,3.5,3.6,"(0.35, 0.4]"
"(230, 235]","(2.9, 3.0]",0.00234192037470726,230,235,2.9,3.0,"(0.35, 0.4]"
"(230, 235]","(3.0, 3.1]",0.00234192037470726,230,235,3.0,3.1,"(0.35, 0.4]"
"(230, 235]","(3.1, 3.2]",0.00468384074941452,230,235,3.1,3.2,"(0.35, 0.4]"
"(230, 235]","(3.4, 3.5]",0.00234192037470726,230,235,3.4,3.5,"(0.35, 0.4]"
"(230, 235]","(3.5, 3.6]",0.00468384074941452,230,235,3.5,3.6,"(0.35, 0.4]"
"(235, 240]","(2.7, 2.8]",0.00234192037470726,235,240,2.7,2.8,"(0.35, 0.4]"
"(235, 240]","(2.9, 3.0]",0.00234192037470726,235,240,2.9,3.0,"(0.35, 0.4]"
"(235, 240]","(3.0, 3.1]",0.00234192037470726,235,240,3.0,3.1,"(0.35, 0.4]"
"(235, 240]","(3.5, 3.6]",0.00234192037470726,235,240,3.5,3.6,"(0.35, 0.4]"
"(240, 245]","(1.7, 1.8]",0.00234192037470726,240,245,1.7,1.8,"(0.35, 0.4]"
"(240, 245]","(2.4, 2.5]",0.00468384074941452,240,245,2.4,2.5,"(0.35, 0.4]"
"(240, 245]","(2.5, 2.6]",0.00234192037470726,240,245,2.5,2.6,"(0.35, 0.4]"
"(240, 245]","(2.9, 3.0]",0.00234192037470726,240,245,2.9,3.0,"(0.35, 0.4]"
"(240, 245]","(3.0, 3.1]",0.00234192037470726,240,245,3.0,3.1,"(0.35, 0.4]"
"(240, 245]","(3.1, 3.2]",0.00702576112412178,240,245,3.1,3.2,"(0.35, 0.4]"
"(240, 245]","(3.3, 3.4]",0.00234192037470726,240,245,3.3,3.4,"(0.35, 0.4]"
"(245, 250]","(2.2, 2.3]",0.00234192037470726,245,250,2.2,2.3,"(0.35, 0.4]"
"(245, 250]","(2.7, 2.8]",0.00234192037470726,245,250,2.7,2.8,"(0.35, 0.4]"
"(245, 250]","(2.8, 2.9]",0.00234192037470726,245,250,2.8,2.9,"(0.35, 0.4]"
"(245, 250]","(3.0, 3.1]",0.00234192037470726,245,250,3.0,3.1,"(0.35, 0.4]"
"(245, 250]","(3.2, 3.3]",0.00234192037470726,245,250,3.2,3.3,"(0.35, 0.4]"
"(245, 250]","(3.3, 3.4]",0.00234192037470726,245,250,3.3,3.4,"(0.35, 0.4]"
"(245, 250]","(3.4, 3.5]",0.00234192037470726,245,250,3.4,3.5,"(0.35, 0.4]"
"(245, 250]","(3.6, 3.7]",0.00234192037470726,245,250,3.6,3.7,"(0.35, 0.4]"
"(250, 255]","(3.0, 3.1]",0.00234192037470726,250,255,3.0,3.1,"(0.35, 0.4]"
"(250, 255]","(3.1, 3.2]",0.00468384074941452,250,255,3.1,3.2,"(0.35, 0.4]"
"(250, 255]","(3.5, 3.6]",0.00468384074941452,250,255,3.5,3.6,"(0.35, 0.4]"
"(255, 260]","(3.0, 3.1]",0.00234192037470726,255,260,3.0,3.1,"(0.35, 0.4]"
"(255, 260]","(3.1, 3.2]",0.00234192037470726,255,260,3.1,3.2,"(0.35, 0.4]"
"(260, 265]","(2.9, 3.0]",0.00234192037470726,260,265,2.9,3.0,"(0.35, 0.4]"
"(260, 265]","(3.0, 3.1]",0.00234192037470726,260,265,3.0,3.1,"(0.35, 0.4]"
"(260, 265]","(3.2, 3.3]",0.00468384074941452,260,265,3.2,3.3,"(0.35, 0.4]"
"(260, 265]","(3.4, 3.5]",0.00234192037470726,260,265,3.4,3.5,"(0.35, 0.4]"
"(265, 270]","(2.8, 2.9]",0.00234192037470726,265,270,2.8,2.9,"(0.35, 0.4]"
"(265, 270]","(3.1, 3.2]",0.00234192037470726,265,270,3.1,3.2,"(0.35, 0.4]"
"(265, 270]","(3.5, 3.6]",0.00234192037470726,265,270,3.5,3.6,"(0.35, 0.4]"
"(270, 275]","(2.7, 2.8]",0.00234192037470726,270,275,2.7,2.8,"(0.35, 0.4]"
"(270, 275]","(3.1, 3.2]",0.00234192037470726,270,275,3.1,3.2,"(0.35, 0.4]"
"(270, 275]","(3.3, 3.4]",0.00234192037470726,270,275,3.3,3.4,"(0.35, 0.4]"
"(270, 275]","(3.5, 3.6]",0.00234192037470726,270,275,3.5,3.6,"(0.35, 0.4]"
"(275, 280]","(2.8, 2.9]",0.00234192037470726,275,280,2.8,2.9,"(0.35, 0.4]"
"(275, 280]","(2.9, 3.0]",0.00234192037470726,275,280,2.9,3.0,"(0.35, 0.4]"
"(275, 280]","(3.5, 3.6]",0.00234192037470726,275,280,3.5,3.6,"(0.35, 0.4]"
"(285, 290]","(2.6, 2.7]",0.00234192037470726,285,290,2.6,2.7,"(0.35, 0.4]"
"(285, 290]","(3.4, 3.5]",0.00234192037470726,285,290,3.4,3.5,"(0.35, 0.4]"
"(290, 295]","(2.7, 2.8]",0.00468384074941452,290,295,2.7,2.8,"(0.35, 0.4]"
"(290, 295]","(2.8, 2.9]",0.00234192037470726,290,295,2.8,2.9,"(0.35, 0.4]"
"(290, 295]","(3.1, 3.2]",0.00468384074941452,290,295,3.1,3.2,"(0.35, 0.4]"
"(290, 295]","(3.4, 3.5]",0.00234192037470726,290,295,3.4,3.5,"(0.35, 0.4]"
"(295, 300]","(3.0, 3.1]",0.00234192037470726,295,300,3.0,3.1,"(0.35, 0.4]"
"(295, 300]","(3.4, 3.5]",0.00234192037470726,295,300,3.4,3.5,"(0.35, 0.4]"
"(300, 305]","(2.9, 3.0]",0.00234192037470726,300,305,2.9,3.0,"(0.35, 0.4]"
"(300, 305]","(3.0, 3.1]",0.00234192037470726,300,305,3.0,3.1,"(0.35, 0.4]"
"(300, 305]","(3.1, 3.2]",0.00234192037470726,300,305,3.1,3.2,"(0.35, 0.4]"
"(300, 305]","(3.4, 3.5]",0.00234192037470726,300,305,3.4,3.5,"(0.35, 0.4]"
"(305, 310]","(2.8, 2.9]",0.00234192037470726,305,310,2.8,2.9,"(0.35, 0.4]"
"(305, 310]","(3.5, 3.6]",0.00234192037470726,305,310,3.5,3.6,"(0.35, 0.4]"
"(310, 315]","(2.9, 3.0]",0.00234192037470726,310,315,2.9,3.0,"(0.35, 0.4]"
"(315, 320]","(3.0, 3.1]",0.00234192037470726,315,320,3.0,3.1,"(0.35, 0.4]"
"(315, 320]","(3.1, 3.2]",0.00234192037470726,315,320,3.1,3.2,"(0.35, 0.4]"
"(325, 330]","(3.0, 3.1]",0.00234192037470726,325,330,3.0,3.1,"(0.35, 0.4]"
"(330, 335]","(3.0, 3.1]",0.00234192037470726,330,335,3.0,3.1,"(0.35, 0.4]"
"(335, 340]","(3.1, 3.2]",0.00234192037470726,335,340,3.1,3.2,"(0.35, 0.4]"
"(340, 345]","(3.6, 3.7]",0.00234192037470726,340,345,3.6,3.7,"(0.35, 0.4]"
"(350, 355]","(2.8, 2.9]",0.00234192037470726,350,355,2.8,2.9,"(0.35, 0.4]"
"(350, 355]","(3.4, 3.5]",0.00234192037470726,350,355,3.4,3.5,"(0.35, 0.4]"
"(355, 360]","(3.0, 3.1]",0.00234192037470726,355,360,3.0,3.1,"(0.35, 0.4]"
"(355, 360]","(3.3, 3.4]",0.00234192037470726,355,360,3.3,3.4,"(0.35, 0.4]"
"(370, 375]","(2.4, 2.5]",0.00234192037470726,370,375,2.4,2.5,"(0.35, 0.4]"
"(405, 410]","(3.1, 3.2]",0.00234192037470726,405,410,3.1,3.2,"(0.35, 0.4]"
"(410, 415]","(3.0, 3.1]",0.00234192037470726,410,415,3.0,3.1,"(0.35, 0.4]"
"(55, 60]","(-2.3, -2.2]",0.0021321961620469083,55,60,-2.3,-2.2,"(0.4, 0.45]"
"(60, 65]","(-2.5, -2.4]",0.0021321961620469083,60,65,-2.5,-2.4,"(0.4, 0.45]"
"(85, 90]","(0.0, 0.1]",0.0021321961620469083,85,90,0.0,0.1,"(0.4, 0.45]"
"(85, 90]","(0.1, 0.2]",0.0021321961620469083,85,90,0.1,0.2,"(0.4, 0.45]"
"(90, 95]","(0.1, 0.2]",0.0021321961620469083,90,95,0.1,0.2,"(0.4, 0.45]"
"(90, 95]","(1.1, 1.2]",0.0021321961620469083,90,95,1.1,1.2,"(0.4, 0.45]"
"(95, 100]","(1.4, 1.5]",0.0021321961620469083,95,100,1.4,1.5,"(0.4, 0.45]"
"(95, 100]","(1.6, 1.7]",0.0021321961620469083,95,100,1.6,1.7,"(0.4, 0.45]"
"(100, 105]","(2.2, 2.3]",0.0021321961620469083,100,105,2.2,2.3,"(0.4, 0.45]"
"(105, 110]","(2.4, 2.5]",0.0021321961620469083,105,110,2.4,2.5,"(0.4, 0.45]"
"(110, 115]","(2.3, 2.4]",0.0021321961620469083,110,115,2.3,2.4,"(0.4, 0.45]"
"(110, 115]","(2.9, 3.0]",0.0021321961620469083,110,115,2.9,3.0,"(0.4, 0.45]"
"(110, 115]","(3.2, 3.3]",0.006396588486140725,110,115,3.2,3.3,"(0.4, 0.45]"
"(110, 115]","(3.3, 3.4]",0.0021321961620469083,110,115,3.3,3.4,"(0.4, 0.45]"
"(115, 120]","(2.0, 2.1]",0.0021321961620469083,115,120,2.0,2.1,"(0.4, 0.45]"
"(115, 120]","(2.2, 2.3]",0.0021321961620469083,115,120,2.2,2.3,"(0.4, 0.45]"
"(115, 120]","(2.3, 2.4]",0.0021321961620469083,115,120,2.3,2.4,"(0.4, 0.45]"
"(115, 120]","(2.8, 2.9]",0.0042643923240938165,115,120,2.8,2.9,"(0.4, 0.45]"
"(115, 120]","(3.2, 3.3]",0.0021321961620469083,115,120,3.2,3.3,"(0.4, 0.45]"
"(120, 125]","(2.1, 2.2]",0.0021321961620469083,120,125,2.1,2.2,"(0.4, 0.45]"
"(120, 125]","(2.4, 2.5]",0.0021321961620469083,120,125,2.4,2.5,"(0.4, 0.45]"
"(120, 125]","(2.8, 2.9]",0.0021321961620469083,120,125,2.8,2.9,"(0.4, 0.45]"
"(120, 125]","(2.9, 3.0]",0.0042643923240938165,120,125,2.9,3.0,"(0.4, 0.45]"
"(120, 125]","(3.0, 3.1]",0.0042643923240938165,120,125,3.0,3.1,"(0.4, 0.45]"
"(125, 130]","(2.2, 2.3]",0.0021321961620469083,125,130,2.2,2.3,"(0.4, 0.45]"
"(125, 130]","(2.3, 2.4]",0.0042643923240938165,125,130,2.3,2.4,"(0.4, 0.45]"
"(125, 130]","(2.4, 2.5]",0.0021321961620469083,125,130,2.4,2.5,"(0.4, 0.45]"
"(125, 130]","(2.5, 2.6]",0.0021321961620469083,125,130,2.5,2.6,"(0.4, 0.45]"
"(125, 130]","(3.5, 3.6]",0.0021321961620469083,125,130,3.5,3.6,"(0.4, 0.45]"
"(130, 135]","(1.8, 1.9]",0.0021321961620469083,130,135,1.8,1.9,"(0.4, 0.45]"
"(130, 135]","(2.2, 2.3]",0.0042643923240938165,130,135,2.2,2.3,"(0.4, 0.45]"
"(130, 135]","(2.3, 2.4]",0.0042643923240938165,130,135,2.3,2.4,"(0.4, 0.45]"
"(130, 135]","(2.4, 2.5]",0.0021321961620469083,130,135,2.4,2.5,"(0.4, 0.45]"
"(130, 135]","(2.6, 2.7]",0.0021321961620469083,130,135,2.6,2.7,"(0.4, 0.45]"
"(130, 135]","(2.8, 2.9]",0.0021321961620469083,130,135,2.8,2.9,"(0.4, 0.45]"
"(130, 135]","(3.1, 3.2]",0.0021321961620469083,130,135,3.1,3.2,"(0.4, 0.45]"
"(130, 135]","(3.4, 3.5]",0.0042643923240938165,130,135,3.4,3.5,"(0.4, 0.45]"
"(130, 135]","(3.5, 3.6]",0.0021321961620469083,130,135,3.5,3.6,"(0.4, 0.45]"
"(135, 140]","(1.4, 1.5]",0.0021321961620469083,135,140,1.4,1.5,"(0.4, 0.45]"
"(135, 140]","(1.5, 1.6]",0.0021321961620469083,135,140,1.5,1.6,"(0.4, 0.45]"
"(135, 140]","(1.6, 1.7]",0.0021321961620469083,135,140,1.6,1.7,"(0.4, 0.45]"
"(135, 140]","(2.1, 2.2]",0.0021321961620469083,135,140,2.1,2.2,"(0.4, 0.45]"
"(135, 140]","(2.2, 2.3]",0.0021321961620469083,135,140,2.2,2.3,"(0.4, 0.45]"
"(135, 140]","(2.3, 2.4]",0.006396588486140725,135,140,2.3,2.4,"(0.4, 0.45]"
"(135, 140]","(2.8, 2.9]",0.0021321961620469083,135,140,2.8,2.9,"(0.4, 0.45]"
"(135, 140]","(2.9, 3.0]",0.0042643923240938165,135,140,2.9,3.0,"(0.4, 0.45]"
"(135, 140]","(3.1, 3.2]",0.0021321961620469083,135,140,3.1,3.2,"(0.4, 0.45]"
"(135, 140]","(3.3, 3.4]",0.0021321961620469083,135,140,3.3,3.4,"(0.4, 0.45]"
"(135, 140]","(3.4, 3.5]",0.006396588486140725,135,140,3.4,3.5,"(0.4, 0.45]"
"(135, 140]","(3.6, 3.7]",0.0021321961620469083,135,140,3.6,3.7,"(0.4, 0.45]"
"(140, 145]","(1.8, 1.9]",0.0021321961620469083,140,145,1.8,1.9,"(0.4, 0.45]"
"(140, 145]","(2.0, 2.1]",0.0021321961620469083,140,145,2.0,2.1,"(0.4, 0.45]"
"(140, 145]","(2.5, 2.6]",0.0021321961620469083,140,145,2.5,2.6,"(0.4, 0.45]"
"(140, 145]","(2.6, 2.7]",0.006396588486140725,140,145,2.6,2.7,"(0.4, 0.45]"
"(140, 145]","(2.7, 2.8]",0.0021321961620469083,140,145,2.7,2.8,"(0.4, 0.45]"
"(140, 145]","(2.9, 3.0]",0.0021321961620469083,140,145,2.9,3.0,"(0.4, 0.45]"
"(140, 145]","(3.2, 3.3]",0.0021321961620469083,140,145,3.2,3.3,"(0.4, 0.45]"
"(140, 145]","(3.3, 3.4]",0.006396588486140725,140,145,3.3,3.4,"(0.4, 0.45]"
"(140, 145]","(3.4, 3.5]",0.006396588486140725,140,145,3.4,3.5,"(0.4, 0.45]"
"(140, 145]","(3.5, 3.6]",0.0021321961620469083,140,145,3.5,3.6,"(0.4, 0.45]"
"(140, 145]","(3.6, 3.7]",0.0021321961620469083,140,145,3.6,3.7,"(0.4, 0.45]"
"(145, 150]","(0.6, 0.7]",0.0021321961620469083,145,150,0.6,0.7,"(0.4, 0.45]"
"(145, 150]","(1.6, 1.7]",0.0021321961620469083,145,150,1.6,1.7,"(0.4, 0.45]"
"(145, 150]","(1.9, 2.0]",0.0021321961620469083,145,150,1.9,2.0,"(0.4, 0.45]"
"(145, 150]","(2.2, 2.3]",0.0021321961620469083,145,150,2.2,2.3,"(0.4, 0.45]"
"(145, 150]","(2.6, 2.7]",0.0021321961620469083,145,150,2.6,2.7,"(0.4, 0.45]"
"(145, 150]","(2.7, 2.8]",0.006396588486140725,145,150,2.7,2.8,"(0.4, 0.45]"
"(145, 150]","(2.8, 2.9]",0.008528784648187633,145,150,2.8,2.9,"(0.4, 0.45]"
"(145, 150]","(2.9, 3.0]",0.0021321961620469083,145,150,2.9,3.0,"(0.4, 0.45]"
"(145, 150]","(3.0, 3.1]",0.010660980810234541,145,150,3.0,3.1,"(0.4, 0.45]"
"(145, 150]","(3.2, 3.3]",0.0021321961620469083,145,150,3.2,3.3,"(0.4, 0.45]"
"(145, 150]","(3.3, 3.4]",0.0021321961620469083,145,150,3.3,3.4,"(0.4, 0.45]"
"(145, 150]","(3.4, 3.5]",0.0042643923240938165,145,150,3.4,3.5,"(0.4, 0.45]"
"(145, 150]","(3.5, 3.6]",0.01279317697228145,145,150,3.5,3.6,"(0.4, 0.45]"
"(150, 155]","(2.0, 2.1]",0.0021321961620469083,150,155,2.0,2.1,"(0.4, 0.45]"
"(150, 155]","(2.2, 2.3]",0.0042643923240938165,150,155,2.2,2.3,"(0.4, 0.45]"
"(150, 155]","(2.5, 2.6]",0.0021321961620469083,150,155,2.5,2.6,"(0.4, 0.45]"
"(150, 155]","(2.8, 2.9]",0.008528784648187633,150,155,2.8,2.9,"(0.4, 0.45]"
"(150, 155]","(2.9, 3.0]",0.010660980810234541,150,155,2.9,3.0,"(0.4, 0.45]"
"(150, 155]","(3.0, 3.1]",0.019189765458422176,150,155,3.0,3.1,"(0.4, 0.45]"
"(150, 155]","(3.1, 3.2]",0.008528784648187633,150,155,3.1,3.2,"(0.4, 0.45]"
"(150, 155]","(3.5, 3.6]",0.0042643923240938165,150,155,3.5,3.6,"(0.4, 0.45]"
"(155, 160]","(2.0, 2.1]",0.0021321961620469083,155,160,2.0,2.1,"(0.4, 0.45]"
"(155, 160]","(2.2, 2.3]",0.0021321961620469083,155,160,2.2,2.3,"(0.4, 0.45]"
"(155, 160]","(2.3, 2.4]",0.006396588486140725,155,160,2.3,2.4,"(0.4, 0.45]"
"(155, 160]","(2.4, 2.5]",0.0021321961620469083,155,160,2.4,2.5,"(0.4, 0.45]"
"(155, 160]","(2.7, 2.8]",0.0021321961620469083,155,160,2.7,2.8,"(0.4, 0.45]"
"(155, 160]","(2.8, 2.9]",0.008528784648187633,155,160,2.8,2.9,"(0.4, 0.45]"
"(155, 160]","(2.9, 3.0]",0.0042643923240938165,155,160,2.9,3.0,"(0.4, 0.45]"
"(155, 160]","(3.0, 3.1]",0.008528784648187633,155,160,3.0,3.1,"(0.4, 0.45]"
"(155, 160]","(3.1, 3.2]",0.0042643923240938165,155,160,3.1,3.2,"(0.4, 0.45]"
"(155, 160]","(3.3, 3.4]",0.0021321961620469083,155,160,3.3,3.4,"(0.4, 0.45]"
"(155, 160]","(3.4, 3.5]",0.0021321961620469083,155,160,3.4,3.5,"(0.4, 0.45]"
"(160, 165]","(1.8, 1.9]",0.0021321961620469083,160,165,1.8,1.9,"(0.4, 0.45]"
"(160, 165]","(2.1, 2.2]",0.0042643923240938165,160,165,2.1,2.2,"(0.4, 0.45]"
"(160, 165]","(2.3, 2.4]",0.006396588486140725,160,165,2.3,2.4,"(0.4, 0.45]"
"(160, 165]","(2.7, 2.8]",0.0021321961620469083,160,165,2.7,2.8,"(0.4, 0.45]"
"(160, 165]","(2.9, 3.0]",0.0042643923240938165,160,165,2.9,3.0,"(0.4, 0.45]"
"(160, 165]","(3.0, 3.1]",0.010660980810234541,160,165,3.0,3.1,"(0.4, 0.45]"
"(160, 165]","(3.1, 3.2]",0.008528784648187633,160,165,3.1,3.2,"(0.4, 0.45]"
"(160, 165]","(3.2, 3.3]",0.0021321961620469083,160,165,3.2,3.3,"(0.4, 0.45]"
"(160, 165]","(3.4, 3.5]",0.0021321961620469083,160,165,3.4,3.5,"(0.4, 0.45]"
"(165, 170]","(2.0, 2.1]",0.0021321961620469083,165,170,2.0,2.1,"(0.4, 0.45]"
"(165, 170]","(2.1, 2.2]",0.0021321961620469083,165,170,2.1,2.2,"(0.4, 0.45]"
"(165, 170]","(2.2, 2.3]",0.0021321961620469083,165,170,2.2,2.3,"(0.4, 0.45]"
"(165, 170]","(2.3, 2.4]",0.0021321961620469083,165,170,2.3,2.4,"(0.4, 0.45]"
"(165, 170]","(2.4, 2.5]",0.0042643923240938165,165,170,2.4,2.5,"(0.4, 0.45]"
"(165, 170]","(2.6, 2.7]",0.0021321961620469083,165,170,2.6,2.7,"(0.4, 0.45]"
"(165, 170]","(2.7, 2.8]",0.0021321961620469083,165,170,2.7,2.8,"(0.4, 0.45]"
"(165, 170]","(2.8, 2.9]",0.0042643923240938165,165,170,2.8,2.9,"(0.4, 0.45]"
"(165, 170]","(2.9, 3.0]",0.0021321961620469083,165,170,2.9,3.0,"(0.4, 0.45]"
"(165, 170]","(3.0, 3.1]",0.008528784648187633,165,170,3.0,3.1,"(0.4, 0.45]"
"(165, 170]","(3.1, 3.2]",0.008528784648187633,165,170,3.1,3.2,"(0.4, 0.45]"
"(165, 170]","(3.4, 3.5]",0.010660980810234541,165,170,3.4,3.5,"(0.4, 0.45]"
"(165, 170]","(3.6, 3.7]",0.0021321961620469083,165,170,3.6,3.7,"(0.4, 0.45]"
"(170, 175]","(2.2, 2.3]",0.0021321961620469083,170,175,2.2,2.3,"(0.4, 0.45]"
"(170, 175]","(2.3, 2.4]",0.0021321961620469083,170,175,2.3,2.4,"(0.4, 0.45]"
"(170, 175]","(2.5, 2.6]",0.0021321961620469083,170,175,2.5,2.6,"(0.4, 0.45]"
"(170, 175]","(2.6, 2.7]",0.0021321961620469083,170,175,2.6,2.7,"(0.4, 0.45]"
"(170, 175]","(2.7, 2.8]",0.0021321961620469083,170,175,2.7,2.8,"(0.4, 0.45]"
"(170, 175]","(2.9, 3.0]",0.0042643923240938165,170,175,2.9,3.0,"(0.4, 0.45]"
"(170, 175]","(3.0, 3.1]",0.0021321961620469083,170,175,3.0,3.1,"(0.4, 0.45]"
"(170, 175]","(3.1, 3.2]",0.014925373134328358,170,175,3.1,3.2,"(0.4, 0.45]"
"(170, 175]","(3.3, 3.4]",0.006396588486140725,170,175,3.3,3.4,"(0.4, 0.45]"
"(170, 175]","(3.4, 3.5]",0.006396588486140725,170,175,3.4,3.5,"(0.4, 0.45]"
"(170, 175]","(3.5, 3.6]",0.0042643923240938165,170,175,3.5,3.6,"(0.4, 0.45]"
"(170, 175]","(3.6, 3.7]",0.0021321961620469083,170,175,3.6,3.7,"(0.4, 0.45]"
"(175, 180]","(2.3, 2.4]",0.0021321961620469083,175,180,2.3,2.4,"(0.4, 0.45]"
"(175, 180]","(2.5, 2.6]",0.0021321961620469083,175,180,2.5,2.6,"(0.4, 0.45]"
"(175, 180]","(2.8, 2.9]",0.010660980810234541,175,180,2.8,2.9,"(0.4, 0.45]"
"(175, 180]","(2.9, 3.0]",0.008528784648187633,175,180,2.9,3.0,"(0.4, 0.45]"
"(175, 180]","(3.0, 3.1]",0.010660980810234541,175,180,3.0,3.1,"(0.4, 0.45]"
"(175, 180]","(3.1, 3.2]",0.01279317697228145,175,180,3.1,3.2,"(0.4, 0.45]"
"(175, 180]","(3.3, 3.4]",0.0042643923240938165,175,180,3.3,3.4,"(0.4, 0.45]"
"(175, 180]","(3.4, 3.5]",0.0042643923240938165,175,180,3.4,3.5,"(0.4, 0.45]"
"(175, 180]","(3.5, 3.6]",0.0042643923240938165,175,180,3.5,3.6,"(0.4, 0.45]"
"(180, 185]","(1.5, 1.6]",0.0021321961620469083,180,185,1.5,1.6,"(0.4, 0.45]"
"(180, 185]","(2.4, 2.5]",0.0021321961620469083,180,185,2.4,2.5,"(0.4, 0.45]"
"(180, 185]","(2.7, 2.8]",0.008528784648187633,180,185,2.7,2.8,"(0.4, 0.45]"
"(180, 185]","(2.8, 2.9]",0.006396588486140725,180,185,2.8,2.9,"(0.4, 0.45]"
"(180, 185]","(3.0, 3.1]",0.008528784648187633,180,185,3.0,3.1,"(0.4, 0.45]"
"(180, 185]","(3.1, 3.2]",0.0021321961620469083,180,185,3.1,3.2,"(0.4, 0.45]"
"(180, 185]","(3.3, 3.4]",0.0021321961620469083,180,185,3.3,3.4,"(0.4, 0.45]"
"(180, 185]","(3.4, 3.5]",0.0021321961620469083,180,185,3.4,3.5,"(0.4, 0.45]"
"(180, 185]","(3.5, 3.6]",0.0042643923240938165,180,185,3.5,3.6,"(0.4, 0.45]"
"(185, 190]","(2.2, 2.3]",0.0021321961620469083,185,190,2.2,2.3,"(0.4, 0.45]"
"(185, 190]","(2.3, 2.4]",0.0021321961620469083,185,190,2.3,2.4,"(0.4, 0.45]"
"(185, 190]","(2.8, 2.9]",0.0042643923240938165,185,190,2.8,2.9,"(0.4, 0.45]"
"(185, 190]","(2.9, 3.0]",0.0042643923240938165,185,190,2.9,3.0,"(0.4, 0.45]"
"(185, 190]","(3.0, 3.1]",0.0042643923240938165,185,190,3.0,3.1,"(0.4, 0.45]"
"(185, 190]","(3.2, 3.3]",0.0042643923240938165,185,190,3.2,3.3,"(0.4, 0.45]"
"(185, 190]","(3.3, 3.4]",0.0021321961620469083,185,190,3.3,3.4,"(0.4, 0.45]"
"(185, 190]","(3.4, 3.5]",0.0042643923240938165,185,190,3.4,3.5,"(0.4, 0.45]"
"(185, 190]","(3.6, 3.7]",0.006396588486140725,185,190,3.6,3.7,"(0.4, 0.45]"
"(190, 195]","(2.3, 2.4]",0.006396588486140725,190,195,2.3,2.4,"(0.4, 0.45]"
"(190, 195]","(2.8, 2.9]",0.006396588486140725,190,195,2.8,2.9,"(0.4, 0.45]"
"(190, 195]","(3.0, 3.1]",0.0021321961620469083,190,195,3.0,3.1,"(0.4, 0.45]"
"(190, 195]","(3.1, 3.2]",0.0021321961620469083,190,195,3.1,3.2,"(0.4, 0.45]"
"(190, 195]","(3.3, 3.4]",0.0021321961620469083,190,195,3.3,3.4,"(0.4, 0.45]"
"(190, 195]","(3.4, 3.5]",0.006396588486140725,190,195,3.4,3.5,"(0.4, 0.45]"
"(190, 195]","(3.5, 3.6]",0.0042643923240938165,190,195,3.5,3.6,"(0.4, 0.45]"
"(195, 200]","(1.9, 2.0]",0.0021321961620469083,195,200,1.9,2.0,"(0.4, 0.45]"
"(195, 200]","(2.4, 2.5]",0.0021321961620469083,195,200,2.4,2.5,"(0.4, 0.45]"
"(195, 200]","(2.8, 2.9]",0.0042643923240938165,195,200,2.8,2.9,"(0.4, 0.45]"
"(195, 200]","(2.9, 3.0]",0.0042643923240938165,195,200,2.9,3.0,"(0.4, 0.45]"
"(195, 200]","(3.0, 3.1]",0.0021321961620469083,195,200,3.0,3.1,"(0.4, 0.45]"
"(195, 200]","(3.1, 3.2]",0.006396588486140725,195,200,3.1,3.2,"(0.4, 0.45]"
"(195, 200]","(3.4, 3.5]",0.006396588486140725,195,200,3.4,3.5,"(0.4, 0.45]"
"(195, 200]","(3.5, 3.6]",0.0021321961620469083,195,200,3.5,3.6,"(0.4, 0.45]"
"(200, 205]","(1.9, 2.0]",0.0021321961620469083,200,205,1.9,2.0,"(0.4, 0.45]"
"(200, 205]","(2.2, 2.3]",0.0021321961620469083,200,205,2.2,2.3,"(0.4, 0.45]"
"(200, 205]","(2.3, 2.4]",0.0021321961620469083,200,205,2.3,2.4,"(0.4, 0.45]"
"(200, 205]","(2.4, 2.5]",0.0042643923240938165,200,205,2.4,2.5,"(0.4, 0.45]"
"(200, 205]","(2.9, 3.0]",0.0042643923240938165,200,205,2.9,3.0,"(0.4, 0.45]"
"(200, 205]","(3.0, 3.1]",0.0042643923240938165,200,205,3.0,3.1,"(0.4, 0.45]"
"(200, 205]","(3.1, 3.2]",0.0021321961620469083,200,205,3.1,3.2,"(0.4, 0.45]"
"(200, 205]","(3.4, 3.5]",0.0021321961620469083,200,205,3.4,3.5,"(0.4, 0.45]"
"(200, 205]","(3.5, 3.6]",0.0021321961620469083,200,205,3.5,3.6,"(0.4, 0.45]"
"(205, 210]","(1.7, 1.8]",0.0021321961620469083,205,210,1.7,1.8,"(0.4, 0.45]"
"(205, 210]","(1.8, 1.9]",0.0042643923240938165,205,210,1.8,1.9,"(0.4, 0.45]"
"(205, 210]","(2.2, 2.3]",0.0021321961620469083,205,210,2.2,2.3,"(0.4, 0.45]"
"(205, 210]","(2.3, 2.4]",0.0021321961620469083,205,210,2.3,2.4,"(0.4, 0.45]"
"(205, 210]","(2.6, 2.7]",0.0021321961620469083,205,210,2.6,2.7,"(0.4, 0.45]"
"(205, 210]","(2.7, 2.8]",0.0021321961620469083,205,210,2.7,2.8,"(0.4, 0.45]"
"(205, 210]","(2.8, 2.9]",0.006396588486140725,205,210,2.8,2.9,"(0.4, 0.45]"
"(205, 210]","(3.0, 3.1]",0.0021321961620469083,205,210,3.0,3.1,"(0.4, 0.45]"
"(205, 210]","(3.2, 3.3]",0.0042643923240938165,205,210,3.2,3.3,"(0.4, 0.45]"
"(205, 210]","(3.4, 3.5]",0.0021321961620469083,205,210,3.4,3.5,"(0.4, 0.45]"
"(210, 215]","(1.9, 2.0]",0.0021321961620469083,210,215,1.9,2.0,"(0.4, 0.45]"
"(210, 215]","(2.1, 2.2]",0.0021321961620469083,210,215,2.1,2.2,"(0.4, 0.45]"
"(210, 215]","(2.2, 2.3]",0.0021321961620469083,210,215,2.2,2.3,"(0.4, 0.45]"
"(210, 215]","(2.3, 2.4]",0.0042643923240938165,210,215,2.3,2.4,"(0.4, 0.45]"
"(210, 215]","(2.4, 2.5]",0.0021321961620469083,210,215,2.4,2.5,"(0.4, 0.45]"
"(210, 215]","(2.5, 2.6]",0.0042643923240938165,210,215,2.5,2.6,"(0.4, 0.45]"
"(210, 215]","(2.6, 2.7]",0.0021321961620469083,210,215,2.6,2.7,"(0.4, 0.45]"
"(210, 215]","(2.7, 2.8]",0.0042643923240938165,210,215,2.7,2.8,"(0.4, 0.45]"
"(210, 215]","(2.8, 2.9]",0.0021321961620469083,210,215,2.8,2.9,"(0.4, 0.45]"
"(210, 215]","(2.9, 3.0]",0.0042643923240938165,210,215,2.9,3.0,"(0.4, 0.45]"
"(210, 215]","(3.0, 3.1]",0.0021321961620469083,210,215,3.0,3.1,"(0.4, 0.45]"
"(210, 215]","(3.1, 3.2]",0.0021321961620469083,210,215,3.1,3.2,"(0.4, 0.45]"
"(210, 215]","(3.2, 3.3]",0.0021321961620469083,210,215,3.2,3.3,"(0.4, 0.45]"
"(210, 215]","(3.3, 3.4]",0.0021321961620469083,210,215,3.3,3.4,"(0.4, 0.45]"
"(210, 215]","(3.4, 3.5]",0.0042643923240938165,210,215,3.4,3.5,"(0.4, 0.45]"
"(210, 215]","(3.5, 3.6]",0.0021321961620469083,210,215,3.5,3.6,"(0.4, 0.45]"
"(215, 220]","(2.7, 2.8]",0.0042643923240938165,215,220,2.7,2.8,"(0.4, 0.45]"
"(215, 220]","(2.9, 3.0]",0.006396588486140725,215,220,2.9,3.0,"(0.4, 0.45]"
"(215, 220]","(3.0, 3.1]",0.0042643923240938165,215,220,3.0,3.1,"(0.4, 0.45]"
"(215, 220]","(3.1, 3.2]",0.006396588486140725,215,220,3.1,3.2,"(0.4, 0.45]"
"(215, 220]","(3.2, 3.3]",0.0021321961620469083,215,220,3.2,3.3,"(0.4, 0.45]"
"(215, 220]","(3.4, 3.5]",0.006396588486140725,215,220,3.4,3.5,"(0.4, 0.45]"
"(220, 225]","(2.3, 2.4]",0.0021321961620469083,220,225,2.3,2.4,"(0.4, 0.45]"
"(220, 225]","(2.6, 2.7]",0.0021321961620469083,220,225,2.6,2.7,"(0.4, 0.45]"
"(220, 225]","(2.7, 2.8]",0.0021321961620469083,220,225,2.7,2.8,"(0.4, 0.45]"
"(220, 225]","(2.9, 3.0]",0.0021321961620469083,220,225,2.9,3.0,"(0.4, 0.45]"
"(220, 225]","(3.0, 3.1]",0.014925373134328358,220,225,3.0,3.1,"(0.4, 0.45]"
"(220, 225]","(3.1, 3.2]",0.006396588486140725,220,225,3.1,3.2,"(0.4, 0.45]"
"(220, 225]","(3.3, 3.4]",0.0021321961620469083,220,225,3.3,3.4,"(0.4, 0.45]"
"(220, 225]","(3.5, 3.6]",0.0021321961620469083,220,225,3.5,3.6,"(0.4, 0.45]"
"(225, 230]","(3.0, 3.1]",0.006396588486140725,225,230,3.0,3.1,"(0.4, 0.45]"
"(225, 230]","(3.1, 3.2]",0.0042643923240938165,225,230,3.1,3.2,"(0.4, 0.45]"
"(225, 230]","(3.3, 3.4]",0.0021321961620469083,225,230,3.3,3.4,"(0.4, 0.45]"
"(225, 230]","(3.4, 3.5]",0.0021321961620469083,225,230,3.4,3.5,"(0.4, 0.45]"
"(230, 235]","(2.0, 2.1]",0.0021321961620469083,230,235,2.0,2.1,"(0.4, 0.45]"
"(230, 235]","(2.8, 2.9]",0.0042643923240938165,230,235,2.8,2.9,"(0.4, 0.45]"
"(230, 235]","(3.1, 3.2]",0.0042643923240938165,230,235,3.1,3.2,"(0.4, 0.45]"
"(230, 235]","(3.5, 3.6]",0.0042643923240938165,230,235,3.5,3.6,"(0.4, 0.45]"
"(235, 240]","(3.4, 3.5]",0.0021321961620469083,235,240,3.4,3.5,"(0.4, 0.45]"
"(240, 245]","(2.9, 3.0]",0.0042643923240938165,240,245,2.9,3.0,"(0.4, 0.45]"
"(240, 245]","(3.0, 3.1]",0.006396588486140725,240,245,3.0,3.1,"(0.4, 0.45]"
"(240, 245]","(3.2, 3.3]",0.0021321961620469083,240,245,3.2,3.3,"(0.4, 0.45]"
"(240, 245]","(3.3, 3.4]",0.0042643923240938165,240,245,3.3,3.4,"(0.4, 0.45]"
"(240, 245]","(3.6, 3.7]",0.0021321961620469083,240,245,3.6,3.7,"(0.4, 0.45]"
"(245, 250]","(2.8, 2.9]",0.0042643923240938165,245,250,2.8,2.9,"(0.4, 0.45]"
"(245, 250]","(3.1, 3.2]",0.006396588486140725,245,250,3.1,3.2,"(0.4, 0.45]"
"(245, 250]","(3.4, 3.5]",0.0021321961620469083,245,250,3.4,3.5,"(0.4, 0.45]"
"(245, 250]","(3.5, 3.6]",0.0042643923240938165,245,250,3.5,3.6,"(0.4, 0.45]"
"(250, 255]","(3.0, 3.1]",0.0021321961620469083,250,255,3.0,3.1,"(0.4, 0.45]"
"(250, 255]","(3.1, 3.2]",0.0021321961620469083,250,255,3.1,3.2,"(0.4, 0.45]"
"(250, 255]","(3.4, 3.5]",0.0042643923240938165,250,255,3.4,3.5,"(0.4, 0.45]"
"(255, 260]","(2.3, 2.4]",0.0021321961620469083,255,260,2.3,2.4,"(0.4, 0.45]"
"(255, 260]","(2.7, 2.8]",0.0021321961620469083,255,260,2.7,2.8,"(0.4, 0.45]"
"(255, 260]","(3.2, 3.3]",0.0021321961620469083,255,260,3.2,3.3,"(0.4, 0.45]"
"(255, 260]","(3.4, 3.5]",0.0042643923240938165,255,260,3.4,3.5,"(0.4, 0.45]"
"(255, 260]","(3.5, 3.6]",0.0021321961620469083,255,260,3.5,3.6,"(0.4, 0.45]"
"(260, 265]","(2.5, 2.6]",0.0021321961620469083,260,265,2.5,2.6,"(0.4, 0.45]"
"(265, 270]","(2.2, 2.3]",0.0021321961620469083,265,270,2.2,2.3,"(0.4, 0.45]"
"(265, 270]","(3.0, 3.1]",0.0021321961620469083,265,270,3.0,3.1,"(0.4, 0.45]"
"(265, 270]","(3.5, 3.6]",0.0021321961620469083,265,270,3.5,3.6,"(0.4, 0.45]"
"(265, 270]","(3.6, 3.7]",0.0021321961620469083,265,270,3.6,3.7,"(0.4, 0.45]"
"(270, 275]","(3.0, 3.1]",0.0042643923240938165,270,275,3.0,3.1,"(0.4, 0.45]"
"(270, 275]","(3.1, 3.2]",0.0021321961620469083,270,275,3.1,3.2,"(0.4, 0.45]"
"(275, 280]","(3.0, 3.1]",0.0021321961620469083,275,280,3.0,3.1,"(0.4, 0.45]"
"(275, 280]","(3.4, 3.5]",0.0021321961620469083,275,280,3.4,3.5,"(0.4, 0.45]"
"(280, 285]","(2.9, 3.0]",0.0021321961620469083,280,285,2.9,3.0,"(0.4, 0.45]"
"(280, 285]","(3.0, 3.1]",0.0021321961620469083,280,285,3.0,3.1,"(0.4, 0.45]"
"(280, 285]","(3.1, 3.2]",0.0021321961620469083,280,285,3.1,3.2,"(0.4, 0.45]"
"(285, 290]","(2.6, 2.7]",0.0021321961620469083,285,290,2.6,2.7,"(0.4, 0.45]"
"(285, 290]","(3.1, 3.2]",0.0021321961620469083,285,290,3.1,3.2,"(0.4, 0.45]"
"(285, 290]","(3.2, 3.3]",0.0021321961620469083,285,290,3.2,3.3,"(0.4, 0.45]"
"(290, 295]","(3.0, 3.1]",0.0021321961620469083,290,295,3.0,3.1,"(0.4, 0.45]"
"(295, 300]","(2.9, 3.0]",0.0021321961620469083,295,300,2.9,3.0,"(0.4, 0.45]"
"(295, 300]","(3.0, 3.1]",0.0021321961620469083,295,300,3.0,3.1,"(0.4, 0.45]"
"(295, 300]","(3.4, 3.5]",0.0021321961620469083,295,300,3.4,3.5,"(0.4, 0.45]"
"(310, 315]","(3.2, 3.3]",0.0021321961620469083,310,315,3.2,3.3,"(0.4, 0.45]"
"(315, 320]","(3.4, 3.5]",0.0021321961620469083,315,320,3.4,3.5,"(0.4, 0.45]"
"(320, 325]","(3.1, 3.2]",0.0021321961620469083,320,325,3.1,3.2,"(0.4, 0.45]"
"(320, 325]","(3.4, 3.5]",0.0042643923240938165,320,325,3.4,3.5,"(0.4, 0.45]"
"(335, 340]","(2.7, 2.8]",0.0021321961620469083,335,340,2.7,2.8,"(0.4, 0.45]"
"(335, 340]","(3.3, 3.4]",0.0021321961620469083,335,340,3.3,3.4,"(0.4, 0.45]"
"(340, 345]","(2.6, 2.7]",0.0021321961620469083,340,345,2.6,2.7,"(0.4, 0.45]"
"(350, 355]","(3.2, 3.3]",0.0021321961620469083,350,355,3.2,3.3,"(0.4, 0.45]"
"(355, 360]","(2.9, 3.0]",0.0021321961620469083,355,360,2.9,3.0,"(0.4, 0.45]"
"(365, 370]","(3.0, 3.1]",0.0021321961620469083,365,370,3.0,3.1,"(0.4, 0.45]"
"(375, 380]","(3.5, 3.6]",0.0021321961620469083,375,380,3.5,3.6,"(0.4, 0.45]"
"(450, 455]","(3.1, 3.2]",0.0021321961620469083,450,455,3.1,3.2,"(0.4, 0.45]"
"(55, 60]","(-2.6, -2.5]",0.0017825311942959,55,60,-2.6,-2.5,"(0.45, 0.5]"
"(60, 65]","(-2.9, -2.8]",0.0017825311942959,60,65,-2.9,-2.8,"(0.45, 0.5]"
"(80, 85]","(-0.6, -0.5]",0.0017825311942959,80,85,-0.6,-0.5,"(0.45, 0.5]"
"(85, 90]","(-0.2, -0.1]",0.0017825311942959,85,90,-0.2,-0.1,"(0.45, 0.5]"
"(85, 90]","(0.1, 0.2]",0.0035650623885918,85,90,0.1,0.2,"(0.45, 0.5]"
"(85, 90]","(0.5, 0.6]",0.0017825311942959,85,90,0.5,0.6,"(0.45, 0.5]"
"(90, 95]","(0.9, 1.0]",0.0017825311942959,90,95,0.9,1.0,"(0.45, 0.5]"
"(90, 95]","(1.1, 1.2]",0.0017825311942959,90,95,1.1,1.2,"(0.45, 0.5]"
"(90, 95]","(1.2, 1.3]",0.0017825311942959,90,95,1.2,1.3,"(0.45, 0.5]"
"(95, 100]","(0.5, 0.6]",0.0017825311942959,95,100,0.5,0.6,"(0.45, 0.5]"
"(95, 100]","(1.3, 1.4]",0.0017825311942959,95,100,1.3,1.4,"(0.45, 0.5]"
"(100, 105]","(1.6, 1.7]",0.0017825311942959,100,105,1.6,1.7,"(0.45, 0.5]"
"(100, 105]","(2.2, 2.3]",0.0017825311942959,100,105,2.2,2.3,"(0.45, 0.5]"
"(100, 105]","(2.8, 2.9]",0.0017825311942959,100,105,2.8,2.9,"(0.45, 0.5]"
"(105, 110]","(2.2, 2.3]",0.0017825311942959,105,110,2.2,2.3,"(0.45, 0.5]"
"(105, 110]","(3.2, 3.3]",0.0035650623885918,105,110,3.2,3.3,"(0.45, 0.5]"
"(110, 115]","(2.2, 2.3]",0.0017825311942959,110,115,2.2,2.3,"(0.45, 0.5]"
"(110, 115]","(2.3, 2.4]",0.0035650623885918,110,115,2.3,2.4,"(0.45, 0.5]"
"(110, 115]","(2.7, 2.8]",0.0017825311942959,110,115,2.7,2.8,"(0.45, 0.5]"
"(110, 115]","(2.8, 2.9]",0.0017825311942959,110,115,2.8,2.9,"(0.45, 0.5]"
"(110, 115]","(2.9, 3.0]",0.0035650623885918,110,115,2.9,3.0,"(0.45, 0.5]"
"(110, 115]","(3.2, 3.3]",0.0017825311942959,110,115,3.2,3.3,"(0.45, 0.5]"
"(110, 115]","(3.3, 3.4]",0.0017825311942959,110,115,3.3,3.4,"(0.45, 0.5]"
"(110, 115]","(3.4, 3.5]",0.0017825311942959,110,115,3.4,3.5,"(0.45, 0.5]"
"(115, 120]","(1.2, 1.3]",0.0035650623885918,115,120,1.2,1.3,"(0.45, 0.5]"
"(115, 120]","(1.8, 1.9]",0.0017825311942959,115,120,1.8,1.9,"(0.45, 0.5]"
"(115, 120]","(2.1, 2.2]",0.0017825311942959,115,120,2.1,2.2,"(0.45, 0.5]"
"(115, 120]","(2.3, 2.4]",0.0017825311942959,115,120,2.3,2.4,"(0.45, 0.5]"
"(115, 120]","(2.5, 2.6]",0.0017825311942959,115,120,2.5,2.6,"(0.45, 0.5]"
"(115, 120]","(2.8, 2.9]",0.008912655971479501,115,120,2.8,2.9,"(0.45, 0.5]"
"(115, 120]","(2.9, 3.0]",0.0017825311942959,115,120,2.9,3.0,"(0.45, 0.5]"
"(115, 120]","(3.2, 3.3]",0.0017825311942959,115,120,3.2,3.3,"(0.45, 0.5]"
"(120, 125]","(1.9, 2.0]",0.0017825311942959,120,125,1.9,2.0,"(0.45, 0.5]"
"(120, 125]","(2.0, 2.1]",0.0017825311942959,120,125,2.0,2.1,"(0.45, 0.5]"
"(120, 125]","(2.3, 2.4]",0.0035650623885918,120,125,2.3,2.4,"(0.45, 0.5]"
"(120, 125]","(2.7, 2.8]",0.0017825311942959,120,125,2.7,2.8,"(0.45, 0.5]"
"(120, 125]","(2.8, 2.9]",0.0017825311942959,120,125,2.8,2.9,"(0.45, 0.5]"
"(120, 125]","(3.0, 3.1]",0.0017825311942959,120,125,3.0,3.1,"(0.45, 0.5]"
"(120, 125]","(3.2, 3.3]",0.0017825311942959,120,125,3.2,3.3,"(0.45, 0.5]"
"(120, 125]","(3.6, 3.7]",0.0017825311942959,120,125,3.6,3.7,"(0.45, 0.5]"
"(125, 130]","(1.6, 1.7]",0.0017825311942959,125,130,1.6,1.7,"(0.45, 0.5]"
"(125, 130]","(1.8, 1.9]",0.0017825311942959,125,130,1.8,1.9,"(0.45, 0.5]"
"(125, 130]","(1.9, 2.0]",0.0017825311942959,125,130,1.9,2.0,"(0.45, 0.5]"
"(125, 130]","(2.1, 2.2]",0.0053475935828877,125,130,2.1,2.2,"(0.45, 0.5]"
"(125, 130]","(2.3, 2.4]",0.0035650623885918,125,130,2.3,2.4,"(0.45, 0.5]"
"(125, 130]","(2.5, 2.6]",0.0017825311942959,125,130,2.5,2.6,"(0.45, 0.5]"
"(125, 130]","(2.6, 2.7]",0.0035650623885918,125,130,2.6,2.7,"(0.45, 0.5]"
"(125, 130]","(2.7, 2.8]",0.0035650623885918,125,130,2.7,2.8,"(0.45, 0.5]"
"(130, 135]","(1.9, 2.0]",0.0017825311942959,130,135,1.9,2.0,"(0.45, 0.5]"
"(130, 135]","(2.2, 2.3]",0.0035650623885918,130,135,2.2,2.3,"(0.45, 0.5]"
"(130, 135]","(2.3, 2.4]",0.0017825311942959,130,135,2.3,2.4,"(0.45, 0.5]"
"(130, 135]","(2.4, 2.5]",0.0017825311942959,130,135,2.4,2.5,"(0.45, 0.5]"
"(130, 135]","(2.7, 2.8]",0.0017825311942959,130,135,2.7,2.8,"(0.45, 0.5]"
"(130, 135]","(3.0, 3.1]",0.0017825311942959,130,135,3.0,3.1,"(0.45, 0.5]"
"(130, 135]","(3.4, 3.5]",0.0017825311942959,130,135,3.4,3.5,"(0.45, 0.5]"
"(130, 135]","(3.5, 3.6]",0.0017825311942959,130,135,3.5,3.6,"(0.45, 0.5]"
"(135, 140]","(1.5, 1.6]",0.0017825311942959,135,140,1.5,1.6,"(0.45, 0.5]"
"(135, 140]","(1.7, 1.8]",0.0017825311942959,135,140,1.7,1.8,"(0.45, 0.5]"
"(135, 140]","(1.8, 1.9]",0.0017825311942959,135,140,1.8,1.9,"(0.45, 0.5]"
"(135, 140]","(2.1, 2.2]",0.0035650623885918,135,140,2.1,2.2,"(0.45, 0.5]"
"(135, 140]","(2.2, 2.3]",0.0053475935828877,135,140,2.2,2.3,"(0.45, 0.5]"
"(135, 140]","(2.3, 2.4]",0.0035650623885918,135,140,2.3,2.4,"(0.45, 0.5]"
"(135, 140]","(2.4, 2.5]",0.0017825311942959,135,140,2.4,2.5,"(0.45, 0.5]"
"(135, 140]","(2.7, 2.8]",0.0017825311942959,135,140,2.7,2.8,"(0.45, 0.5]"
"(135, 140]","(3.4, 3.5]",0.0017825311942959,135,140,3.4,3.5,"(0.45, 0.5]"
"(135, 140]","(3.6, 3.7]",0.0017825311942959,135,140,3.6,3.7,"(0.45, 0.5]"
"(140, 145]","(1.5, 1.6]",0.0035650623885918,140,145,1.5,1.6,"(0.45, 0.5]"
"(140, 145]","(1.8, 1.9]",0.0017825311942959,140,145,1.8,1.9,"(0.45, 0.5]"
"(140, 145]","(1.9, 2.0]",0.0017825311942959,140,145,1.9,2.0,"(0.45, 0.5]"
"(140, 145]","(2.1, 2.2]",0.0017825311942959,140,145,2.1,2.2,"(0.45, 0.5]"
"(140, 145]","(2.2, 2.3]",0.0035650623885918,140,145,2.2,2.3,"(0.45, 0.5]"
"(140, 145]","(2.3, 2.4]",0.0017825311942959,140,145,2.3,2.4,"(0.45, 0.5]"
"(140, 145]","(2.6, 2.7]",0.0053475935828877,140,145,2.6,2.7,"(0.45, 0.5]"
"(140, 145]","(2.7, 2.8]",0.0071301247771836,140,145,2.7,2.8,"(0.45, 0.5]"
"(140, 145]","(2.8, 2.9]",0.0035650623885918,140,145,2.8,2.9,"(0.45, 0.5]"
"(140, 145]","(2.9, 3.0]",0.0035650623885918,140,145,2.9,3.0,"(0.45, 0.5]"
"(140, 145]","(3.0, 3.1]",0.0053475935828877,140,145,3.0,3.1,"(0.45, 0.5]"
"(140, 145]","(3.1, 3.2]",0.0035650623885918,140,145,3.1,3.2,"(0.45, 0.5]"
"(140, 145]","(3.2, 3.3]",0.0017825311942959,140,145,3.2,3.3,"(0.45, 0.5]"
"(140, 145]","(3.3, 3.4]",0.0017825311942959,140,145,3.3,3.4,"(0.45, 0.5]"
"(140, 145]","(3.4, 3.5]",0.0106951871657754,140,145,3.4,3.5,"(0.45, 0.5]"
"(140, 145]","(3.5, 3.6]",0.008912655971479501,140,145,3.5,3.6,"(0.45, 0.5]"
"(140, 145]","(3.6, 3.7]",0.0017825311942959,140,145,3.6,3.7,"(0.45, 0.5]"
"(145, 150]","(1.7, 1.8]",0.0035650623885918,145,150,1.7,1.8,"(0.45, 0.5]"
"(145, 150]","(1.9, 2.0]",0.0017825311942959,145,150,1.9,2.0,"(0.45, 0.5]"
"(145, 150]","(2.2, 2.3]",0.0017825311942959,145,150,2.2,2.3,"(0.45, 0.5]"
"(145, 150]","(2.3, 2.4]",0.0035650623885918,145,150,2.3,2.4,"(0.45, 0.5]"
"(145, 150]","(2.4, 2.5]",0.0017825311942959,145,150,2.4,2.5,"(0.45, 0.5]"
"(145, 150]","(2.7, 2.8]",0.0106951871657754,145,150,2.7,2.8,"(0.45, 0.5]"
"(145, 150]","(2.8, 2.9]",0.0035650623885918,145,150,2.8,2.9,"(0.45, 0.5]"
"(145, 150]","(2.9, 3.0]",0.0053475935828877,145,150,2.9,3.0,"(0.45, 0.5]"
"(145, 150]","(3.0, 3.1]",0.0106951871657754,145,150,3.0,3.1,"(0.45, 0.5]"
"(145, 150]","(3.1, 3.2]",0.008912655971479501,145,150,3.1,3.2,"(0.45, 0.5]"
"(145, 150]","(3.2, 3.3]",0.0017825311942959,145,150,3.2,3.3,"(0.45, 0.5]"
"(145, 150]","(3.3, 3.4]",0.0035650623885918,145,150,3.3,3.4,"(0.45, 0.5]"
"(145, 150]","(3.4, 3.5]",0.0017825311942959,145,150,3.4,3.5,"(0.45, 0.5]"
"(145, 150]","(3.5, 3.6]",0.0017825311942959,145,150,3.5,3.6,"(0.45, 0.5]"
"(150, 155]","(2.3, 2.4]",0.0017825311942959,150,155,2.3,2.4,"(0.45, 0.5]"
"(150, 155]","(2.5, 2.6]",0.0017825311942959,150,155,2.5,2.6,"(0.45, 0.5]"
"(150, 155]","(2.7, 2.8]",0.0035650623885918,150,155,2.7,2.8,"(0.45, 0.5]"
"(150, 155]","(2.8, 2.9]",0.0071301247771836,150,155,2.8,2.9,"(0.45, 0.5]"
"(150, 155]","(2.9, 3.0]",0.016042780748663103,150,155,2.9,3.0,"(0.45, 0.5]"
"(150, 155]","(3.0, 3.1]",0.016042780748663103,150,155,3.0,3.1,"(0.45, 0.5]"
"(150, 155]","(3.1, 3.2]",0.0053475935828877,150,155,3.1,3.2,"(0.45, 0.5]"
"(150, 155]","(3.3, 3.4]",0.0035650623885918,150,155,3.3,3.4,"(0.45, 0.5]"
"(150, 155]","(3.4, 3.5]",0.0053475935828877,150,155,3.4,3.5,"(0.45, 0.5]"
"(155, 160]","(2.1, 2.2]",0.0017825311942959,155,160,2.1,2.2,"(0.45, 0.5]"
"(155, 160]","(2.3, 2.4]",0.0017825311942959,155,160,2.3,2.4,"(0.45, 0.5]"
"(155, 160]","(2.4, 2.5]",0.0017825311942959,155,160,2.4,2.5,"(0.45, 0.5]"
"(155, 160]","(2.5, 2.6]",0.0017825311942959,155,160,2.5,2.6,"(0.45, 0.5]"
"(155, 160]","(2.7, 2.8]",0.0053475935828877,155,160,2.7,2.8,"(0.45, 0.5]"
"(155, 160]","(2.8, 2.9]",0.0017825311942959,155,160,2.8,2.9,"(0.45, 0.5]"
"(155, 160]","(2.9, 3.0]",0.0071301247771836,155,160,2.9,3.0,"(0.45, 0.5]"
"(155, 160]","(3.0, 3.1]",0.0017825311942959,155,160,3.0,3.1,"(0.45, 0.5]"
"(155, 160]","(3.1, 3.2]",0.0053475935828877,155,160,3.1,3.2,"(0.45, 0.5]"
"(155, 160]","(3.2, 3.3]",0.0035650623885918,155,160,3.2,3.3,"(0.45, 0.5]"
"(155, 160]","(3.5, 3.6]",0.0053475935828877,155,160,3.5,3.6,"(0.45, 0.5]"
"(160, 165]","(1.3, 1.4]",0.0017825311942959,160,165,1.3,1.4,"(0.45, 0.5]"
"(160, 165]","(1.8, 1.9]",0.0035650623885918,160,165,1.8,1.9,"(0.45, 0.5]"
"(160, 165]","(2.1, 2.2]",0.008912655971479501,160,165,2.1,2.2,"(0.45, 0.5]"
"(160, 165]","(2.2, 2.3]",0.0017825311942959,160,165,2.2,2.3,"(0.45, 0.5]"
"(160, 165]","(2.6, 2.7]",0.0017825311942959,160,165,2.6,2.7,"(0.45, 0.5]"
"(160, 165]","(2.7, 2.8]",0.0053475935828877,160,165,2.7,2.8,"(0.45, 0.5]"
"(160, 165]","(2.8, 2.9]",0.0017825311942959,160,165,2.8,2.9,"(0.45, 0.5]"
"(160, 165]","(2.9, 3.0]",0.0106951871657754,160,165,2.9,3.0,"(0.45, 0.5]"
"(160, 165]","(3.0, 3.1]",0.0035650623885918,160,165,3.0,3.1,"(0.45, 0.5]"
"(160, 165]","(3.1, 3.2]",0.0017825311942959,160,165,3.1,3.2,"(0.45, 0.5]"
"(160, 165]","(3.2, 3.3]",0.0017825311942959,160,165,3.2,3.3,"(0.45, 0.5]"
"(160, 165]","(3.4, 3.5]",0.0035650623885918,160,165,3.4,3.5,"(0.45, 0.5]"
"(160, 165]","(3.5, 3.6]",0.0053475935828877,160,165,3.5,3.6,"(0.45, 0.5]"
"(165, 170]","(1.8, 1.9]",0.0017825311942959,165,170,1.8,1.9,"(0.45, 0.5]"
"(165, 170]","(2.2, 2.3]",0.0053475935828877,165,170,2.2,2.3,"(0.45, 0.5]"
"(165, 170]","(2.3, 2.4]",0.016042780748663103,165,170,2.3,2.4,"(0.45, 0.5]"
"(165, 170]","(2.4, 2.5]",0.0071301247771836,165,170,2.4,2.5,"(0.45, 0.5]"
"(165, 170]","(2.6, 2.7]",0.0017825311942959,165,170,2.6,2.7,"(0.45, 0.5]"
"(165, 170]","(2.7, 2.8]",0.0053475935828877,165,170,2.7,2.8,"(0.45, 0.5]"
"(165, 170]","(2.8, 2.9]",0.0035650623885918,165,170,2.8,2.9,"(0.45, 0.5]"
"(165, 170]","(3.0, 3.1]",0.0071301247771836,165,170,3.0,3.1,"(0.45, 0.5]"
"(165, 170]","(3.2, 3.3]",0.0017825311942959,165,170,3.2,3.3,"(0.45, 0.5]"
"(165, 170]","(3.3, 3.4]",0.0035650623885918,165,170,3.3,3.4,"(0.45, 0.5]"
"(165, 170]","(3.4, 3.5]",0.008912655971479501,165,170,3.4,3.5,"(0.45, 0.5]"
"(165, 170]","(3.5, 3.6]",0.0035650623885918,165,170,3.5,3.6,"(0.45, 0.5]"
"(170, 175]","(2.0, 2.1]",0.0017825311942959,170,175,2.0,2.1,"(0.45, 0.5]"
"(170, 175]","(2.1, 2.2]",0.0035650623885918,170,175,2.1,2.2,"(0.45, 0.5]"
"(170, 175]","(2.2, 2.3]",0.0017825311942959,170,175,2.2,2.3,"(0.45, 0.5]"
"(170, 175]","(2.6, 2.7]",0.0017825311942959,170,175,2.6,2.7,"(0.45, 0.5]"
"(170, 175]","(2.8, 2.9]",0.0017825311942959,170,175,2.8,2.9,"(0.45, 0.5]"
"(170, 175]","(2.9, 3.0]",0.0053475935828877,170,175,2.9,3.0,"(0.45, 0.5]"
"(170, 175]","(3.0, 3.1]",0.008912655971479501,170,175,3.0,3.1,"(0.45, 0.5]"
"(170, 175]","(3.1, 3.2]",0.0142602495543672,170,175,3.1,3.2,"(0.45, 0.5]"
"(170, 175]","(3.2, 3.3]",0.0035650623885918,170,175,3.2,3.3,"(0.45, 0.5]"
"(170, 175]","(3.3, 3.4]",0.0035650623885918,170,175,3.3,3.4,"(0.45, 0.5]"
"(170, 175]","(3.4, 3.5]",0.0035650623885918,170,175,3.4,3.5,"(0.45, 0.5]"
"(170, 175]","(3.5, 3.6]",0.0053475935828877,170,175,3.5,3.6,"(0.45, 0.5]"
"(175, 180]","(1.9, 2.0]",0.0017825311942959,175,180,1.9,2.0,"(0.45, 0.5]"
"(175, 180]","(2.4, 2.5]",0.0017825311942959,175,180,2.4,2.5,"(0.45, 0.5]"
"(175, 180]","(2.6, 2.7]",0.0035650623885918,175,180,2.6,2.7,"(0.45, 0.5]"
"(175, 180]","(2.7, 2.8]",0.0071301247771836,175,180,2.7,2.8,"(0.45, 0.5]"
"(175, 180]","(2.8, 2.9]",0.0035650623885918,175,180,2.8,2.9,"(0.45, 0.5]"
"(175, 180]","(2.9, 3.0]",0.0053475935828877,175,180,2.9,3.0,"(0.45, 0.5]"
"(175, 180]","(3.0, 3.1]",0.008912655971479501,175,180,3.0,3.1,"(0.45, 0.5]"
"(175, 180]","(3.1, 3.2]",0.0106951871657754,175,180,3.1,3.2,"(0.45, 0.5]"
"(175, 180]","(3.2, 3.3]",0.0035650623885918,175,180,3.2,3.3,"(0.45, 0.5]"
"(175, 180]","(3.3, 3.4]",0.0017825311942959,175,180,3.3,3.4,"(0.45, 0.5]"
"(175, 180]","(3.4, 3.5]",0.0106951871657754,175,180,3.4,3.5,"(0.45, 0.5]"
"(175, 180]","(3.5, 3.6]",0.0053475935828877,175,180,3.5,3.6,"(0.45, 0.5]"
"(180, 185]","(2.2, 2.3]",0.0017825311942959,180,185,2.2,2.3,"(0.45, 0.5]"
"(180, 185]","(2.3, 2.4]",0.0035650623885918,180,185,2.3,2.4,"(0.45, 0.5]"
"(180, 185]","(2.5, 2.6]",0.0017825311942959,180,185,2.5,2.6,"(0.45, 0.5]"
"(180, 185]","(2.6, 2.7]",0.0017825311942959,180,185,2.6,2.7,"(0.45, 0.5]"
"(180, 185]","(2.8, 2.9]",0.0017825311942959,180,185,2.8,2.9,"(0.45, 0.5]"
"(180, 185]","(2.9, 3.0]",0.0017825311942959,180,185,2.9,3.0,"(0.45, 0.5]"
"(180, 185]","(3.0, 3.1]",0.0053475935828877,180,185,3.0,3.1,"(0.45, 0.5]"
"(180, 185]","(3.2, 3.3]",0.0017825311942959,180,185,3.2,3.3,"(0.45, 0.5]"
"(180, 185]","(3.3, 3.4]",0.0035650623885918,180,185,3.3,3.4,"(0.45, 0.5]"
"(180, 185]","(3.4, 3.5]",0.0053475935828877,180,185,3.4,3.5,"(0.45, 0.5]"
"(180, 185]","(3.5, 3.6]",0.0035650623885918,180,185,3.5,3.6,"(0.45, 0.5]"
"(185, 190]","(1.1, 1.2]",0.0017825311942959,185,190,1.1,1.2,"(0.45, 0.5]"
"(185, 190]","(2.3, 2.4]",0.0053475935828877,185,190,2.3,2.4,"(0.45, 0.5]"
"(185, 190]","(2.5, 2.6]",0.0017825311942959,185,190,2.5,2.6,"(0.45, 0.5]"
"(185, 190]","(2.6, 2.7]",0.0017825311942959,185,190,2.6,2.7,"(0.45, 0.5]"
"(185, 190]","(2.7, 2.8]",0.0035650623885918,185,190,2.7,2.8,"(0.45, 0.5]"
"(185, 190]","(2.8, 2.9]",0.0035650623885918,185,190,2.8,2.9,"(0.45, 0.5]"
"(185, 190]","(2.9, 3.0]",0.0017825311942959,185,190,2.9,3.0,"(0.45, 0.5]"
"(185, 190]","(3.0, 3.1]",0.0071301247771836,185,190,3.0,3.1,"(0.45, 0.5]"
"(185, 190]","(3.1, 3.2]",0.0017825311942959,185,190,3.1,3.2,"(0.45, 0.5]"
"(185, 190]","(3.5, 3.6]",0.0053475935828877,185,190,3.5,3.6,"(0.45, 0.5]"
"(190, 195]","(2.3, 2.4]",0.0035650623885918,190,195,2.3,2.4,"(0.45, 0.5]"
"(190, 195]","(2.6, 2.7]",0.0017825311942959,190,195,2.6,2.7,"(0.45, 0.5]"
"(190, 195]","(2.8, 2.9]",0.0017825311942959,190,195,2.8,2.9,"(0.45, 0.5]"
"(190, 195]","(2.9, 3.0]",0.0017825311942959,190,195,2.9,3.0,"(0.45, 0.5]"
"(190, 195]","(3.0, 3.1]",0.0053475935828877,190,195,3.0,3.1,"(0.45, 0.5]"
"(190, 195]","(3.1, 3.2]",0.0071301247771836,190,195,3.1,3.2,"(0.45, 0.5]"
"(190, 195]","(3.3, 3.4]",0.0017825311942959,190,195,3.3,3.4,"(0.45, 0.5]"
"(190, 195]","(3.4, 3.5]",0.0071301247771836,190,195,3.4,3.5,"(0.45, 0.5]"
"(195, 200]","(1.9, 2.0]",0.0017825311942959,195,200,1.9,2.0,"(0.45, 0.5]"
"(195, 200]","(2.2, 2.3]",0.0035650623885918,195,200,2.2,2.3,"(0.45, 0.5]"
"(195, 200]","(2.3, 2.4]",0.0017825311942959,195,200,2.3,2.4,"(0.45, 0.5]"
"(195, 200]","(2.5, 2.6]",0.0017825311942959,195,200,2.5,2.6,"(0.45, 0.5]"
"(195, 200]","(2.6, 2.7]",0.0053475935828877,195,200,2.6,2.7,"(0.45, 0.5]"
"(195, 200]","(2.7, 2.8]",0.0053475935828877,195,200,2.7,2.8,"(0.45, 0.5]"
"(195, 200]","(2.8, 2.9]",0.0017825311942959,195,200,2.8,2.9,"(0.45, 0.5]"
"(195, 200]","(2.9, 3.0]",0.012477718360071301,195,200,2.9,3.0,"(0.45, 0.5]"
"(195, 200]","(3.0, 3.1]",0.0071301247771836,195,200,3.0,3.1,"(0.45, 0.5]"
"(195, 200]","(3.1, 3.2]",0.0017825311942959,195,200,3.1,3.2,"(0.45, 0.5]"
"(195, 200]","(3.2, 3.3]",0.0017825311942959,195,200,3.2,3.3,"(0.45, 0.5]"
"(195, 200]","(3.4, 3.5]",0.0053475935828877,195,200,3.4,3.5,"(0.45, 0.5]"
"(195, 200]","(3.5, 3.6]",0.0035650623885918,195,200,3.5,3.6,"(0.45, 0.5]"
"(200, 205]","(1.7, 1.8]",0.0017825311942959,200,205,1.7,1.8,"(0.45, 0.5]"
"(200, 205]","(2.3, 2.4]",0.0017825311942959,200,205,2.3,2.4,"(0.45, 0.5]"
"(200, 205]","(2.8, 2.9]",0.0035650623885918,200,205,2.8,2.9,"(0.45, 0.5]"
"(200, 205]","(2.9, 3.0]",0.0017825311942959,200,205,2.9,3.0,"(0.45, 0.5]"
"(200, 205]","(3.0, 3.1]",0.0053475935828877,200,205,3.0,3.1,"(0.45, 0.5]"
"(200, 205]","(3.1, 3.2]",0.0071301247771836,200,205,3.1,3.2,"(0.45, 0.5]"
"(200, 205]","(3.2, 3.3]",0.0017825311942959,200,205,3.2,3.3,"(0.45, 0.5]"
"(200, 205]","(3.4, 3.5]",0.0017825311942959,200,205,3.4,3.5,"(0.45, 0.5]"
"(205, 210]","(1.9, 2.0]",0.0017825311942959,205,210,1.9,2.0,"(0.45, 0.5]"
"(205, 210]","(2.2, 2.3]",0.0017825311942959,205,210,2.2,2.3,"(0.45, 0.5]"
"(205, 210]","(2.3, 2.4]",0.0017825311942959,205,210,2.3,2.4,"(0.45, 0.5]"
"(205, 210]","(2.8, 2.9]",0.0017825311942959,205,210,2.8,2.9,"(0.45, 0.5]"
"(205, 210]","(2.9, 3.0]",0.0035650623885918,205,210,2.9,3.0,"(0.45, 0.5]"
"(205, 210]","(3.0, 3.1]",0.0053475935828877,205,210,3.0,3.1,"(0.45, 0.5]"
"(205, 210]","(3.1, 3.2]",0.0017825311942959,205,210,3.1,3.2,"(0.45, 0.5]"
"(205, 210]","(3.4, 3.5]",0.0017825311942959,205,210,3.4,3.5,"(0.45, 0.5]"
"(210, 215]","(2.3, 2.4]",0.0017825311942959,210,215,2.3,2.4,"(0.45, 0.5]"
"(210, 215]","(3.0, 3.1]",0.0035650623885918,210,215,3.0,3.1,"(0.45, 0.5]"
"(210, 215]","(3.2, 3.3]",0.0017825311942959,210,215,3.2,3.3,"(0.45, 0.5]"
"(210, 215]","(3.4, 3.5]",0.0035650623885918,210,215,3.4,3.5,"(0.45, 0.5]"
"(215, 220]","(2.3, 2.4]",0.0017825311942959,215,220,2.3,2.4,"(0.45, 0.5]"
"(215, 220]","(2.9, 3.0]",0.0017825311942959,215,220,2.9,3.0,"(0.45, 0.5]"
"(215, 220]","(3.1, 3.2]",0.0017825311942959,215,220,3.1,3.2,"(0.45, 0.5]"
"(215, 220]","(3.5, 3.6]",0.0035650623885918,215,220,3.5,3.6,"(0.45, 0.5]"
"(215, 220]","(3.6, 3.7]",0.0035650623885918,215,220,3.6,3.7,"(0.45, 0.5]"
"(220, 225]","(1.8, 1.9]",0.0017825311942959,220,225,1.8,1.9,"(0.45, 0.5]"
"(220, 225]","(2.2, 2.3]",0.0017825311942959,220,225,2.2,2.3,"(0.45, 0.5]"
"(220, 225]","(2.9, 3.0]",0.0017825311942959,220,225,2.9,3.0,"(0.45, 0.5]"
"(220, 225]","(3.0, 3.1]",0.0035650623885918,220,225,3.0,3.1,"(0.45, 0.5]"
"(220, 225]","(3.2, 3.3]",0.0017825311942959,220,225,3.2,3.3,"(0.45, 0.5]"
"(220, 225]","(3.3, 3.4]",0.0017825311942959,220,225,3.3,3.4,"(0.45, 0.5]"
"(225, 230]","(2.7, 2.8]",0.0017825311942959,225,230,2.7,2.8,"(0.45, 0.5]"
"(225, 230]","(2.8, 2.9]",0.0017825311942959,225,230,2.8,2.9,"(0.45, 0.5]"
"(225, 230]","(2.9, 3.0]",0.0017825311942959,225,230,2.9,3.0,"(0.45, 0.5]"
"(225, 230]","(3.0, 3.1]",0.0035650623885918,225,230,3.0,3.1,"(0.45, 0.5]"
"(230, 235]","(2.1, 2.2]",0.0035650623885918,230,235,2.1,2.2,"(0.45, 0.5]"
"(230, 235]","(2.7, 2.8]",0.0017825311942959,230,235,2.7,2.8,"(0.45, 0.5]"
"(230, 235]","(2.8, 2.9]",0.0017825311942959,230,235,2.8,2.9,"(0.45, 0.5]"
"(230, 235]","(3.0, 3.1]",0.008912655971479501,230,235,3.0,3.1,"(0.45, 0.5]"
"(230, 235]","(3.4, 3.5]",0.0035650623885918,230,235,3.4,3.5,"(0.45, 0.5]"
"(235, 240]","(2.7, 2.8]",0.0035650623885918,235,240,2.7,2.8,"(0.45, 0.5]"
"(235, 240]","(2.9, 3.0]",0.0017825311942959,235,240,2.9,3.0,"(0.45, 0.5]"
"(235, 240]","(3.0, 3.1]",0.0071301247771836,235,240,3.0,3.1,"(0.45, 0.5]"
"(235, 240]","(3.3, 3.4]",0.0017825311942959,235,240,3.3,3.4,"(0.45, 0.5]"
"(240, 245]","(2.4, 2.5]",0.0017825311942959,240,245,2.4,2.5,"(0.45, 0.5]"
"(240, 245]","(2.9, 3.0]",0.0017825311942959,240,245,2.9,3.0,"(0.45, 0.5]"
"(240, 245]","(3.4, 3.5]",0.0017825311942959,240,245,3.4,3.5,"(0.45, 0.5]"
"(245, 250]","(2.6, 2.7]",0.0017825311942959,245,250,2.6,2.7,"(0.45, 0.5]"
"(245, 250]","(2.7, 2.8]",0.0017825311942959,245,250,2.7,2.8,"(0.45, 0.5]"
"(245, 250]","(3.0, 3.1]",0.0035650623885918,245,250,3.0,3.1,"(0.45, 0.5]"
"(245, 250]","(3.1, 3.2]",0.0017825311942959,245,250,3.1,3.2,"(0.45, 0.5]"
"(245, 250]","(3.5, 3.6]",0.0017825311942959,245,250,3.5,3.6,"(0.45, 0.5]"
"(250, 255]","(2.8, 2.9]",0.0017825311942959,250,255,2.8,2.9,"(0.45, 0.5]"
"(250, 255]","(2.9, 3.0]",0.0017825311942959,250,255,2.9,3.0,"(0.45, 0.5]"
"(250, 255]","(3.0, 3.1]",0.0017825311942959,250,255,3.0,3.1,"(0.45, 0.5]"
"(250, 255]","(3.4, 3.5]",0.0035650623885918,250,255,3.4,3.5,"(0.45, 0.5]"
"(255, 260]","(2.5, 2.6]",0.0017825311942959,255,260,2.5,2.6,"(0.45, 0.5]"
"(255, 260]","(2.8, 2.9]",0.0017825311942959,255,260,2.8,2.9,"(0.45, 0.5]"
"(255, 260]","(3.0, 3.1]",0.0017825311942959,255,260,3.0,3.1,"(0.45, 0.5]"
"(255, 260]","(3.1, 3.2]",0.0035650623885918,255,260,3.1,3.2,"(0.45, 0.5]"
"(255, 260]","(3.3, 3.4]",0.0017825311942959,255,260,3.3,3.4,"(0.45, 0.5]"
"(260, 265]","(3.1, 3.2]",0.0017825311942959,260,265,3.1,3.2,"(0.45, 0.5]"
"(260, 265]","(3.5, 3.6]",0.0017825311942959,260,265,3.5,3.6,"(0.45, 0.5]"
"(265, 270]","(2.3, 2.4]",0.0017825311942959,265,270,2.3,2.4,"(0.45, 0.5]"
"(265, 270]","(3.5, 3.6]",0.0017825311942959,265,270,3.5,3.6,"(0.45, 0.5]"
"(270, 275]","(1.8, 1.9]",0.0017825311942959,270,275,1.8,1.9,"(0.45, 0.5]"
"(270, 275]","(2.8, 2.9]",0.0017825311942959,270,275,2.8,2.9,"(0.45, 0.5]"
"(270, 275]","(3.0, 3.1]",0.0035650623885918,270,275,3.0,3.1,"(0.45, 0.5]"
"(270, 275]","(3.1, 3.2]",0.0035650623885918,270,275,3.1,3.2,"(0.45, 0.5]"
"(270, 275]","(3.2, 3.3]",0.0017825311942959,270,275,3.2,3.3,"(0.45, 0.5]"
"(270, 275]","(3.5, 3.6]",0.0035650623885918,270,275,3.5,3.6,"(0.45, 0.5]"
"(275, 280]","(2.9, 3.0]",0.0017825311942959,275,280,2.9,3.0,"(0.45, 0.5]"
"(275, 280]","(3.2, 3.3]",0.0017825311942959,275,280,3.2,3.3,"(0.45, 0.5]"
"(275, 280]","(3.4, 3.5]",0.0017825311942959,275,280,3.4,3.5,"(0.45, 0.5]"
"(280, 285]","(2.4, 2.5]",0.0017825311942959,280,285,2.4,2.5,"(0.45, 0.5]"
"(280, 285]","(3.0, 3.1]",0.0017825311942959,280,285,3.0,3.1,"(0.45, 0.5]"
"(280, 285]","(3.1, 3.2]",0.0017825311942959,280,285,3.1,3.2,"(0.45, 0.5]"
"(285, 290]","(2.0, 2.1]",0.0017825311942959,285,290,2.0,2.1,"(0.45, 0.5]"
"(285, 290]","(2.9, 3.0]",0.0017825311942959,285,290,2.9,3.0,"(0.45, 0.5]"
"(285, 290]","(3.4, 3.5]",0.0017825311942959,285,290,3.4,3.5,"(0.45, 0.5]"
"(290, 295]","(2.6, 2.7]",0.0017825311942959,290,295,2.6,2.7,"(0.45, 0.5]"
"(290, 295]","(3.0, 3.1]",0.0017825311942959,290,295,3.0,3.1,"(0.45, 0.5]"
"(290, 295]","(3.4, 3.5]",0.0035650623885918,290,295,3.4,3.5,"(0.45, 0.5]"
"(295, 300]","(3.0, 3.1]",0.0017825311942959,295,300,3.0,3.1,"(0.45, 0.5]"
"(295, 300]","(3.2, 3.3]",0.0017825311942959,295,300,3.2,3.3,"(0.45, 0.5]"
"(300, 305]","(3.1, 3.2]",0.0017825311942959,300,305,3.1,3.2,"(0.45, 0.5]"
"(300, 305]","(3.4, 3.5]",0.0017825311942959,300,305,3.4,3.5,"(0.45, 0.5]"
"(305, 310]","(3.0, 3.1]",0.0017825311942959,305,310,3.0,3.1,"(0.45, 0.5]"
"(305, 310]","(3.2, 3.3]",0.0017825311942959,305,310,3.2,3.3,"(0.45, 0.5]"
"(315, 320]","(2.8, 2.9]",0.0017825311942959,315,320,2.8,2.9,"(0.45, 0.5]"
"(320, 325]","(2.9, 3.0]",0.0017825311942959,320,325,2.9,3.0,"(0.45, 0.5]"
"(320, 325]","(3.5, 3.6]",0.0017825311942959,320,325,3.5,3.6,"(0.45, 0.5]"
"(340, 345]","(3.4, 3.5]",0.0017825311942959,340,345,3.4,3.5,"(0.45, 0.5]"
"(350, 355]","(3.1, 3.2]",0.0017825311942959,350,355,3.1,3.2,"(0.45, 0.5]"
"(380, 385]","(3.1, 3.2]",0.0017825311942959,380,385,3.1,3.2,"(0.45, 0.5]"
"(390, 395]","(3.6, 3.7]",0.0017825311942959,390,395,3.6,3.7,"(0.45, 0.5]"
"(400, 405]","(2.1, 2.2]",0.0017825311942959,400,405,2.1,2.2,"(0.45, 0.5]"
"(415, 420]","(3.4, 3.5]",0.0017825311942959,415,420,3.4,3.5,"(0.45, 0.5]"
"(450, 455]","(3.0, 3.1]",0.0017825311942959,450,455,3.0,3.1,"(0.45, 0.5]"
"(70, 75]","(-1.6, -1.5]",0.0016260162601626016,70,75,-1.6,-1.5,"(0.5, 0.55]"
"(80, 85]","(-0.1, 0.0]",0.0016260162601626016,80,85,-0.1,0.0,"(0.5, 0.55]"
"(85, 90]","(-0.1, 0.0]",0.0016260162601626016,85,90,-0.1,0.0,"(0.5, 0.55]"
"(85, 90]","(0.0, 0.1]",0.0032520325203252032,85,90,0.0,0.1,"(0.5, 0.55]"
"(85, 90]","(0.1, 0.2]",0.004878048780487805,85,90,0.1,0.2,"(0.5, 0.55]"
"(85, 90]","(0.4, 0.5]",0.0016260162601626016,85,90,0.4,0.5,"(0.5, 0.55]"
"(85, 90]","(0.5, 0.6]",0.0032520325203252032,85,90,0.5,0.6,"(0.5, 0.55]"
"(90, 95]","(-0.8, -0.7]",0.0016260162601626016,90,95,-0.8,-0.7,"(0.5, 0.55]"
"(90, 95]","(1.0, 1.1]",0.0016260162601626016,90,95,1.0,1.1,"(0.5, 0.55]"
"(90, 95]","(1.1, 1.2]",0.0016260162601626016,90,95,1.1,1.2,"(0.5, 0.55]"
"(90, 95]","(1.5, 1.6]",0.0016260162601626016,90,95,1.5,1.6,"(0.5, 0.55]"
"(90, 95]","(1.8, 1.9]",0.0016260162601626016,90,95,1.8,1.9,"(0.5, 0.55]"
"(95, 100]","(0.8, 0.9]",0.0016260162601626016,95,100,0.8,0.9,"(0.5, 0.55]"
"(95, 100]","(0.9, 1.0]",0.0016260162601626016,95,100,0.9,1.0,"(0.5, 0.55]"
"(95, 100]","(1.1, 1.2]",0.0032520325203252032,95,100,1.1,1.2,"(0.5, 0.55]"
"(95, 100]","(1.4, 1.5]",0.0016260162601626016,95,100,1.4,1.5,"(0.5, 0.55]"
"(95, 100]","(1.6, 1.7]",0.0016260162601626016,95,100,1.6,1.7,"(0.5, 0.55]"
"(95, 100]","(1.8, 1.9]",0.0016260162601626016,95,100,1.8,1.9,"(0.5, 0.55]"
"(95, 100]","(2.0, 2.1]",0.0016260162601626016,95,100,2.0,2.1,"(0.5, 0.55]"
"(95, 100]","(2.3, 2.4]",0.0016260162601626016,95,100,2.3,2.4,"(0.5, 0.55]"
"(95, 100]","(2.5, 2.6]",0.0016260162601626016,95,100,2.5,2.6,"(0.5, 0.55]"
"(100, 105]","(1.4, 1.5]",0.0032520325203252032,100,105,1.4,1.5,"(0.5, 0.55]"
"(100, 105]","(2.0, 2.1]",0.0016260162601626016,100,105,2.0,2.1,"(0.5, 0.55]"
"(100, 105]","(2.2, 2.3]",0.0032520325203252032,100,105,2.2,2.3,"(0.5, 0.55]"
"(100, 105]","(2.5, 2.6]",0.0016260162601626016,100,105,2.5,2.6,"(0.5, 0.55]"
"(100, 105]","(2.6, 2.7]",0.0016260162601626016,100,105,2.6,2.7,"(0.5, 0.55]"
"(100, 105]","(2.8, 2.9]",0.004878048780487805,100,105,2.8,2.9,"(0.5, 0.55]"
"(105, 110]","(0.7, 0.8]",0.0016260162601626016,105,110,0.7,0.8,"(0.5, 0.55]"
"(105, 110]","(2.4, 2.5]",0.0032520325203252032,105,110,2.4,2.5,"(0.5, 0.55]"
"(105, 110]","(2.9, 3.0]",0.0016260162601626016,105,110,2.9,3.0,"(0.5, 0.55]"
"(105, 110]","(3.3, 3.4]",0.0016260162601626016,105,110,3.3,3.4,"(0.5, 0.55]"
"(110, 115]","(0.9, 1.0]",0.0016260162601626016,110,115,0.9,1.0,"(0.5, 0.55]"
"(110, 115]","(2.0, 2.1]",0.0032520325203252032,110,115,2.0,2.1,"(0.5, 0.55]"
"(110, 115]","(2.3, 2.4]",0.0016260162601626016,110,115,2.3,2.4,"(0.5, 0.55]"
"(110, 115]","(2.5, 2.6]",0.0016260162601626016,110,115,2.5,2.6,"(0.5, 0.55]"
"(110, 115]","(2.6, 2.7]",0.0016260162601626016,110,115,2.6,2.7,"(0.5, 0.55]"
"(110, 115]","(2.8, 2.9]",0.0065040650406504065,110,115,2.8,2.9,"(0.5, 0.55]"
"(110, 115]","(2.9, 3.0]",0.0032520325203252032,110,115,2.9,3.0,"(0.5, 0.55]"
"(110, 115]","(3.1, 3.2]",0.0016260162601626016,110,115,3.1,3.2,"(0.5, 0.55]"
"(110, 115]","(3.2, 3.3]",0.0016260162601626016,110,115,3.2,3.3,"(0.5, 0.55]"
"(110, 115]","(3.4, 3.5]",0.0016260162601626016,110,115,3.4,3.5,"(0.5, 0.55]"
"(115, 120]","(1.7, 1.8]",0.0016260162601626016,115,120,1.7,1.8,"(0.5, 0.55]"
"(115, 120]","(2.1, 2.2]",0.0016260162601626016,115,120,2.1,2.2,"(0.5, 0.55]"
"(115, 120]","(2.3, 2.4]",0.0016260162601626016,115,120,2.3,2.4,"(0.5, 0.55]"
"(115, 120]","(2.5, 2.6]",0.0016260162601626016,115,120,2.5,2.6,"(0.5, 0.55]"
"(115, 120]","(2.8, 2.9]",0.00975609756097561,115,120,2.8,2.9,"(0.5, 0.55]"
"(115, 120]","(2.9, 3.0]",0.008130081300813009,115,120,2.9,3.0,"(0.5, 0.55]"
"(115, 120]","(3.0, 3.1]",0.0016260162601626016,115,120,3.0,3.1,"(0.5, 0.55]"
"(115, 120]","(3.1, 3.2]",0.0016260162601626016,115,120,3.1,3.2,"(0.5, 0.55]"
"(115, 120]","(3.4, 3.5]",0.0016260162601626016,115,120,3.4,3.5,"(0.5, 0.55]"
"(120, 125]","(1.5, 1.6]",0.0016260162601626016,120,125,1.5,1.6,"(0.5, 0.55]"
"(120, 125]","(2.2, 2.3]",0.0032520325203252032,120,125,2.2,2.3,"(0.5, 0.55]"
"(120, 125]","(2.3, 2.4]",0.0032520325203252032,120,125,2.3,2.4,"(0.5, 0.55]"
"(120, 125]","(2.6, 2.7]",0.008130081300813009,120,125,2.6,2.7,"(0.5, 0.55]"
"(120, 125]","(2.7, 2.8]",0.0032520325203252032,120,125,2.7,2.8,"(0.5, 0.55]"
"(120, 125]","(2.8, 2.9]",0.008130081300813009,120,125,2.8,2.9,"(0.5, 0.55]"
"(120, 125]","(2.9, 3.0]",0.0032520325203252032,120,125,2.9,3.0,"(0.5, 0.55]"
"(120, 125]","(3.0, 3.1]",0.0065040650406504065,120,125,3.0,3.1,"(0.5, 0.55]"
"(120, 125]","(3.1, 3.2]",0.0016260162601626016,120,125,3.1,3.2,"(0.5, 0.55]"
"(120, 125]","(3.3, 3.4]",0.0016260162601626016,120,125,3.3,3.4,"(0.5, 0.55]"
"(120, 125]","(3.4, 3.5]",0.0032520325203252032,120,125,3.4,3.5,"(0.5, 0.55]"
"(120, 125]","(3.5, 3.6]",0.0016260162601626016,120,125,3.5,3.6,"(0.5, 0.55]"
"(125, 130]","(2.2, 2.3]",0.0016260162601626016,125,130,2.2,2.3,"(0.5, 0.55]"
"(125, 130]","(2.3, 2.4]",0.004878048780487805,125,130,2.3,2.4,"(0.5, 0.55]"
"(125, 130]","(2.6, 2.7]",0.0032520325203252032,125,130,2.6,2.7,"(0.5, 0.55]"
"(125, 130]","(2.7, 2.8]",0.0016260162601626016,125,130,2.7,2.8,"(0.5, 0.55]"
"(125, 130]","(2.8, 2.9]",0.0016260162601626016,125,130,2.8,2.9,"(0.5, 0.55]"
"(125, 130]","(2.9, 3.0]",0.0016260162601626016,125,130,2.9,3.0,"(0.5, 0.55]"
"(125, 130]","(3.0, 3.1]",0.0016260162601626016,125,130,3.0,3.1,"(0.5, 0.55]"
"(125, 130]","(3.4, 3.5]",0.0016260162601626016,125,130,3.4,3.5,"(0.5, 0.55]"
"(130, 135]","(1.8, 1.9]",0.0016260162601626016,130,135,1.8,1.9,"(0.5, 0.55]"
"(130, 135]","(2.0, 2.1]",0.0016260162601626016,130,135,2.0,2.1,"(0.5, 0.55]"
"(130, 135]","(2.1, 2.2]",0.0016260162601626016,130,135,2.1,2.2,"(0.5, 0.55]"
"(130, 135]","(2.2, 2.3]",0.0016260162601626016,130,135,2.2,2.3,"(0.5, 0.55]"
"(130, 135]","(2.3, 2.4]",0.008130081300813009,130,135,2.3,2.4,"(0.5, 0.55]"
"(130, 135]","(2.4, 2.5]",0.004878048780487805,130,135,2.4,2.5,"(0.5, 0.55]"
"(130, 135]","(2.8, 2.9]",0.0032520325203252032,130,135,2.8,2.9,"(0.5, 0.55]"
"(130, 135]","(2.9, 3.0]",0.0016260162601626016,130,135,2.9,3.0,"(0.5, 0.55]"
"(130, 135]","(3.0, 3.1]",0.0016260162601626016,130,135,3.0,3.1,"(0.5, 0.55]"
"(130, 135]","(3.5, 3.6]",0.0016260162601626016,130,135,3.5,3.6,"(0.5, 0.55]"
"(135, 140]","(1.5, 1.6]",0.0016260162601626016,135,140,1.5,1.6,"(0.5, 0.55]"
"(135, 140]","(1.6, 1.7]",0.0016260162601626016,135,140,1.6,1.7,"(0.5, 0.55]"
"(135, 140]","(1.7, 1.8]",0.0032520325203252032,135,140,1.7,1.8,"(0.5, 0.55]"
"(135, 140]","(1.8, 1.9]",0.0016260162601626016,135,140,1.8,1.9,"(0.5, 0.55]"
"(135, 140]","(2.1, 2.2]",0.0016260162601626016,135,140,2.1,2.2,"(0.5, 0.55]"
"(135, 140]","(2.2, 2.3]",0.004878048780487805,135,140,2.2,2.3,"(0.5, 0.55]"
"(135, 140]","(2.3, 2.4]",0.00975609756097561,135,140,2.3,2.4,"(0.5, 0.55]"
"(135, 140]","(2.4, 2.5]",0.0016260162601626016,135,140,2.4,2.5,"(0.5, 0.55]"
"(135, 140]","(2.6, 2.7]",0.0016260162601626016,135,140,2.6,2.7,"(0.5, 0.55]"
"(135, 140]","(2.7, 2.8]",0.0016260162601626016,135,140,2.7,2.8,"(0.5, 0.55]"
"(135, 140]","(2.8, 2.9]",0.0016260162601626016,135,140,2.8,2.9,"(0.5, 0.55]"
"(135, 140]","(2.9, 3.0]",0.0016260162601626016,135,140,2.9,3.0,"(0.5, 0.55]"
"(135, 140]","(3.0, 3.1]",0.0065040650406504065,135,140,3.0,3.1,"(0.5, 0.55]"
"(135, 140]","(3.1, 3.2]",0.0016260162601626016,135,140,3.1,3.2,"(0.5, 0.55]"
"(135, 140]","(3.3, 3.4]",0.004878048780487805,135,140,3.3,3.4,"(0.5, 0.55]"
"(135, 140]","(3.4, 3.5]",0.0032520325203252032,135,140,3.4,3.5,"(0.5, 0.55]"
"(135, 140]","(3.5, 3.6]",0.0032520325203252032,135,140,3.5,3.6,"(0.5, 0.55]"
"(140, 145]","(1.4, 1.5]",0.0016260162601626016,140,145,1.4,1.5,"(0.5, 0.55]"
"(140, 145]","(1.8, 1.9]",0.0016260162601626016,140,145,1.8,1.9,"(0.5, 0.55]"
"(140, 145]","(1.9, 2.0]",0.0016260162601626016,140,145,1.9,2.0,"(0.5, 0.55]"
"(140, 145]","(2.0, 2.1]",0.0016260162601626016,140,145,2.0,2.1,"(0.5, 0.55]"
"(140, 145]","(2.2, 2.3]",0.0016260162601626016,140,145,2.2,2.3,"(0.5, 0.55]"
"(140, 145]","(2.3, 2.4]",0.0016260162601626016,140,145,2.3,2.4,"(0.5, 0.55]"
"(140, 145]","(2.7, 2.8]",0.0032520325203252032,140,145,2.7,2.8,"(0.5, 0.55]"
"(140, 145]","(2.8, 2.9]",0.0016260162601626016,140,145,2.8,2.9,"(0.5, 0.55]"
"(140, 145]","(2.9, 3.0]",0.004878048780487805,140,145,2.9,3.0,"(0.5, 0.55]"
"(140, 145]","(3.0, 3.1]",0.011382113821138212,140,145,3.0,3.1,"(0.5, 0.55]"
"(140, 145]","(3.1, 3.2]",0.0016260162601626016,140,145,3.1,3.2,"(0.5, 0.55]"
"(140, 145]","(3.2, 3.3]",0.0016260162601626016,140,145,3.2,3.3,"(0.5, 0.55]"
"(140, 145]","(3.4, 3.5]",0.004878048780487805,140,145,3.4,3.5,"(0.5, 0.55]"
"(140, 145]","(3.5, 3.6]",0.004878048780487805,140,145,3.5,3.6,"(0.5, 0.55]"
"(145, 150]","(1.6, 1.7]",0.0032520325203252032,145,150,1.6,1.7,"(0.5, 0.55]"
"(145, 150]","(1.7, 1.8]",0.0032520325203252032,145,150,1.7,1.8,"(0.5, 0.55]"
"(145, 150]","(2.3, 2.4]",0.0032520325203252032,145,150,2.3,2.4,"(0.5, 0.55]"
"(145, 150]","(2.4, 2.5]",0.0016260162601626016,145,150,2.4,2.5,"(0.5, 0.55]"
"(145, 150]","(2.6, 2.7]",0.0032520325203252032,145,150,2.6,2.7,"(0.5, 0.55]"
"(145, 150]","(2.7, 2.8]",0.0032520325203252032,145,150,2.7,2.8,"(0.5, 0.55]"
"(145, 150]","(2.9, 3.0]",0.008130081300813009,145,150,2.9,3.0,"(0.5, 0.55]"
"(145, 150]","(3.0, 3.1]",0.01951219512195122,145,150,3.0,3.1,"(0.5, 0.55]"
"(145, 150]","(3.1, 3.2]",0.0032520325203252032,145,150,3.1,3.2,"(0.5, 0.55]"
"(145, 150]","(3.3, 3.4]",0.0032520325203252032,145,150,3.3,3.4,"(0.5, 0.55]"
"(145, 150]","(3.4, 3.5]",0.004878048780487805,145,150,3.4,3.5,"(0.5, 0.55]"
"(145, 150]","(3.5, 3.6]",0.004878048780487805,145,150,3.5,3.6,"(0.5, 0.55]"
"(150, 155]","(2.1, 2.2]",0.0016260162601626016,150,155,2.1,2.2,"(0.5, 0.55]"
"(150, 155]","(2.4, 2.5]",0.0032520325203252032,150,155,2.4,2.5,"(0.5, 0.55]"
"(150, 155]","(2.5, 2.6]",0.0016260162601626016,150,155,2.5,2.6,"(0.5, 0.55]"
"(150, 155]","(2.7, 2.8]",0.0032520325203252032,150,155,2.7,2.8,"(0.5, 0.55]"
"(150, 155]","(2.8, 2.9]",0.008130081300813009,150,155,2.8,2.9,"(0.5, 0.55]"
"(150, 155]","(2.9, 3.0]",0.011382113821138212,150,155,2.9,3.0,"(0.5, 0.55]"
"(150, 155]","(3.0, 3.1]",0.013008130081300813,150,155,3.0,3.1,"(0.5, 0.55]"
"(150, 155]","(3.1, 3.2]",0.0016260162601626016,150,155,3.1,3.2,"(0.5, 0.55]"
"(150, 155]","(3.4, 3.5]",0.0032520325203252032,150,155,3.4,3.5,"(0.5, 0.55]"
"(150, 155]","(3.6, 3.7]",0.0016260162601626016,150,155,3.6,3.7,"(0.5, 0.55]"
"(155, 160]","(2.1, 2.2]",0.0032520325203252032,155,160,2.1,2.2,"(0.5, 0.55]"
"(155, 160]","(2.2, 2.3]",0.0016260162601626016,155,160,2.2,2.3,"(0.5, 0.55]"
"(155, 160]","(2.3, 2.4]",0.011382113821138212,155,160,2.3,2.4,"(0.5, 0.55]"
"(155, 160]","(2.4, 2.5]",0.004878048780487805,155,160,2.4,2.5,"(0.5, 0.55]"
"(155, 160]","(2.7, 2.8]",0.0016260162601626016,155,160,2.7,2.8,"(0.5, 0.55]"
"(155, 160]","(2.8, 2.9]",0.004878048780487805,155,160,2.8,2.9,"(0.5, 0.55]"
"(155, 160]","(2.9, 3.0]",0.004878048780487805,155,160,2.9,3.0,"(0.5, 0.55]"
"(155, 160]","(3.0, 3.1]",0.013008130081300813,155,160,3.0,3.1,"(0.5, 0.55]"
"(155, 160]","(3.1, 3.2]",0.0065040650406504065,155,160,3.1,3.2,"(0.5, 0.55]"
"(155, 160]","(3.4, 3.5]",0.0016260162601626016,155,160,3.4,3.5,"(0.5, 0.55]"
"(160, 165]","(2.1, 2.2]",0.0065040650406504065,160,165,2.1,2.2,"(0.5, 0.55]"
"(160, 165]","(2.2, 2.3]",0.0065040650406504065,160,165,2.2,2.3,"(0.5, 0.55]"
"(160, 165]","(2.3, 2.4]",0.004878048780487805,160,165,2.3,2.4,"(0.5, 0.55]"
"(160, 165]","(2.4, 2.5]",0.0032520325203252032,160,165,2.4,2.5,"(0.5, 0.55]"
"(160, 165]","(2.8, 2.9]",0.004878048780487805,160,165,2.8,2.9,"(0.5, 0.55]"
"(160, 165]","(2.9, 3.0]",0.0032520325203252032,160,165,2.9,3.0,"(0.5, 0.55]"
"(160, 165]","(3.0, 3.1]",0.0032520325203252032,160,165,3.0,3.1,"(0.5, 0.55]"
"(160, 165]","(3.1, 3.2]",0.0032520325203252032,160,165,3.1,3.2,"(0.5, 0.55]"
"(160, 165]","(3.2, 3.3]",0.0016260162601626016,160,165,3.2,3.3,"(0.5, 0.55]"
"(160, 165]","(3.4, 3.5]",0.0016260162601626016,160,165,3.4,3.5,"(0.5, 0.55]"
"(160, 165]","(3.5, 3.6]",0.0016260162601626016,160,165,3.5,3.6,"(0.5, 0.55]"
"(165, 170]","(1.7, 1.8]",0.0016260162601626016,165,170,1.7,1.8,"(0.5, 0.55]"
"(165, 170]","(1.8, 1.9]",0.0016260162601626016,165,170,1.8,1.9,"(0.5, 0.55]"
"(165, 170]","(2.0, 2.1]",0.0016260162601626016,165,170,2.0,2.1,"(0.5, 0.55]"
"(165, 170]","(2.1, 2.2]",0.0016260162601626016,165,170,2.1,2.2,"(0.5, 0.55]"
"(165, 170]","(2.3, 2.4]",0.004878048780487805,165,170,2.3,2.4,"(0.5, 0.55]"
"(165, 170]","(2.4, 2.5]",0.0032520325203252032,165,170,2.4,2.5,"(0.5, 0.55]"
"(165, 170]","(2.7, 2.8]",0.0016260162601626016,165,170,2.7,2.8,"(0.5, 0.55]"
"(165, 170]","(2.8, 2.9]",0.0016260162601626016,165,170,2.8,2.9,"(0.5, 0.55]"
"(165, 170]","(2.9, 3.0]",0.004878048780487805,165,170,2.9,3.0,"(0.5, 0.55]"
"(165, 170]","(3.0, 3.1]",0.0032520325203252032,165,170,3.0,3.1,"(0.5, 0.55]"
"(165, 170]","(3.1, 3.2]",0.008130081300813009,165,170,3.1,3.2,"(0.5, 0.55]"
"(165, 170]","(3.2, 3.3]",0.0032520325203252032,165,170,3.2,3.3,"(0.5, 0.55]"
"(165, 170]","(3.3, 3.4]",0.008130081300813009,165,170,3.3,3.4,"(0.5, 0.55]"
"(165, 170]","(3.4, 3.5]",0.0032520325203252032,165,170,3.4,3.5,"(0.5, 0.55]"
"(165, 170]","(3.5, 3.6]",0.0065040650406504065,165,170,3.5,3.6,"(0.5, 0.55]"
"(170, 175]","(2.1, 2.2]",0.0016260162601626016,170,175,2.1,2.2,"(0.5, 0.55]"
"(170, 175]","(2.2, 2.3]",0.0032520325203252032,170,175,2.2,2.3,"(0.5, 0.55]"
"(170, 175]","(2.3, 2.4]",0.004878048780487805,170,175,2.3,2.4,"(0.5, 0.55]"
"(170, 175]","(2.4, 2.5]",0.0032520325203252032,170,175,2.4,2.5,"(0.5, 0.55]"
"(170, 175]","(2.7, 2.8]",0.004878048780487805,170,175,2.7,2.8,"(0.5, 0.55]"
"(170, 175]","(2.8, 2.9]",0.0016260162601626016,170,175,2.8,2.9,"(0.5, 0.55]"
"(170, 175]","(2.9, 3.0]",0.0016260162601626016,170,175,2.9,3.0,"(0.5, 0.55]"
"(170, 175]","(3.0, 3.1]",0.004878048780487805,170,175,3.0,3.1,"(0.5, 0.55]"
"(170, 175]","(3.1, 3.2]",0.0016260162601626016,170,175,3.1,3.2,"(0.5, 0.55]"
"(170, 175]","(3.2, 3.3]",0.0016260162601626016,170,175,3.2,3.3,"(0.5, 0.55]"
"(170, 175]","(3.4, 3.5]",0.004878048780487805,170,175,3.4,3.5,"(0.5, 0.55]"
"(175, 180]","(2.2, 2.3]",0.0016260162601626016,175,180,2.2,2.3,"(0.5, 0.55]"
"(175, 180]","(2.3, 2.4]",0.0032520325203252032,175,180,2.3,2.4,"(0.5, 0.55]"
"(175, 180]","(2.4, 2.5]",0.0016260162601626016,175,180,2.4,2.5,"(0.5, 0.55]"
"(175, 180]","(2.5, 2.6]",0.0016260162601626016,175,180,2.5,2.6,"(0.5, 0.55]"
"(175, 180]","(2.6, 2.7]",0.0016260162601626016,175,180,2.6,2.7,"(0.5, 0.55]"
"(175, 180]","(2.7, 2.8]",0.0016260162601626016,175,180,2.7,2.8,"(0.5, 0.55]"
"(175, 180]","(2.9, 3.0]",0.0065040650406504065,175,180,2.9,3.0,"(0.5, 0.55]"
"(175, 180]","(3.0, 3.1]",0.013008130081300813,175,180,3.0,3.1,"(0.5, 0.55]"
"(175, 180]","(3.1, 3.2]",0.0065040650406504065,175,180,3.1,3.2,"(0.5, 0.55]"
"(175, 180]","(3.2, 3.3]",0.0016260162601626016,175,180,3.2,3.3,"(0.5, 0.55]"
"(175, 180]","(3.5, 3.6]",0.0016260162601626016,175,180,3.5,3.6,"(0.5, 0.55]"
"(180, 185]","(1.4, 1.5]",0.0016260162601626016,180,185,1.4,1.5,"(0.5, 0.55]"
"(180, 185]","(1.7, 1.8]",0.0016260162601626016,180,185,1.7,1.8,"(0.5, 0.55]"
"(180, 185]","(1.9, 2.0]",0.0016260162601626016,180,185,1.9,2.0,"(0.5, 0.55]"
"(180, 185]","(2.2, 2.3]",0.0032520325203252032,180,185,2.2,2.3,"(0.5, 0.55]"
"(180, 185]","(2.3, 2.4]",0.0016260162601626016,180,185,2.3,2.4,"(0.5, 0.55]"
"(180, 185]","(2.4, 2.5]",0.0032520325203252032,180,185,2.4,2.5,"(0.5, 0.55]"
"(180, 185]","(2.7, 2.8]",0.0016260162601626016,180,185,2.7,2.8,"(0.5, 0.55]"
"(180, 185]","(2.9, 3.0]",0.0016260162601626016,180,185,2.9,3.0,"(0.5, 0.55]"
"(180, 185]","(3.0, 3.1]",0.0032520325203252032,180,185,3.0,3.1,"(0.5, 0.55]"
"(180, 185]","(3.1, 3.2]",0.0032520325203252032,180,185,3.1,3.2,"(0.5, 0.55]"
"(185, 190]","(2.0, 2.1]",0.0016260162601626016,185,190,2.0,2.1,"(0.5, 0.55]"
"(185, 190]","(2.3, 2.4]",0.0032520325203252032,185,190,2.3,2.4,"(0.5, 0.55]"
"(185, 190]","(2.4, 2.5]",0.0032520325203252032,185,190,2.4,2.5,"(0.5, 0.55]"
"(185, 190]","(2.5, 2.6]",0.0016260162601626016,185,190,2.5,2.6,"(0.5, 0.55]"
"(185, 190]","(2.7, 2.8]",0.0016260162601626016,185,190,2.7,2.8,"(0.5, 0.55]"
"(185, 190]","(2.8, 2.9]",0.0065040650406504065,185,190,2.8,2.9,"(0.5, 0.55]"
"(185, 190]","(2.9, 3.0]",0.0032520325203252032,185,190,2.9,3.0,"(0.5, 0.55]"
"(185, 190]","(3.0, 3.1]",0.004878048780487805,185,190,3.0,3.1,"(0.5, 0.55]"
"(185, 190]","(3.1, 3.2]",0.004878048780487805,185,190,3.1,3.2,"(0.5, 0.55]"
"(185, 190]","(3.2, 3.3]",0.0032520325203252032,185,190,3.2,3.3,"(0.5, 0.55]"
"(185, 190]","(3.4, 3.5]",0.004878048780487805,185,190,3.4,3.5,"(0.5, 0.55]"
"(190, 195]","(1.8, 1.9]",0.0016260162601626016,190,195,1.8,1.9,"(0.5, 0.55]"
"(190, 195]","(1.9, 2.0]",0.0016260162601626016,190,195,1.9,2.0,"(0.5, 0.55]"
"(190, 195]","(2.2, 2.3]",0.0016260162601626016,190,195,2.2,2.3,"(0.5, 0.55]"
"(190, 195]","(2.3, 2.4]",0.0016260162601626016,190,195,2.3,2.4,"(0.5, 0.55]"
"(190, 195]","(2.7, 2.8]",0.0032520325203252032,190,195,2.7,2.8,"(0.5, 0.55]"
"(190, 195]","(2.8, 2.9]",0.0032520325203252032,190,195,2.8,2.9,"(0.5, 0.55]"
"(190, 195]","(2.9, 3.0]",0.0032520325203252032,190,195,2.9,3.0,"(0.5, 0.55]"
"(190, 195]","(3.0, 3.1]",0.004878048780487805,190,195,3.0,3.1,"(0.5, 0.55]"
"(190, 195]","(3.1, 3.2]",0.00975609756097561,190,195,3.1,3.2,"(0.5, 0.55]"
"(190, 195]","(3.2, 3.3]",0.0016260162601626016,190,195,3.2,3.3,"(0.5, 0.55]"
"(190, 195]","(3.3, 3.4]",0.0016260162601626016,190,195,3.3,3.4,"(0.5, 0.55]"
"(190, 195]","(3.5, 3.6]",0.0016260162601626016,190,195,3.5,3.6,"(0.5, 0.55]"
"(195, 200]","(2.5, 2.6]",0.0032520325203252032,195,200,2.5,2.6,"(0.5, 0.55]"
"(195, 200]","(2.8, 2.9]",0.0016260162601626016,195,200,2.8,2.9,"(0.5, 0.55]"
"(195, 200]","(2.9, 3.0]",0.0065040650406504065,195,200,2.9,3.0,"(0.5, 0.55]"
"(195, 200]","(3.0, 3.1]",0.0065040650406504065,195,200,3.0,3.1,"(0.5, 0.55]"
"(195, 200]","(3.1, 3.2]",0.008130081300813009,195,200,3.1,3.2,"(0.5, 0.55]"
"(195, 200]","(3.2, 3.3]",0.0032520325203252032,195,200,3.2,3.3,"(0.5, 0.55]"
"(200, 205]","(2.3, 2.4]",0.0016260162601626016,200,205,2.3,2.4,"(0.5, 0.55]"
"(200, 205]","(2.9, 3.0]",0.0016260162601626016,200,205,2.9,3.0,"(0.5, 0.55]"
"(200, 205]","(3.0, 3.1]",0.0032520325203252032,200,205,3.0,3.1,"(0.5, 0.55]"
"(200, 205]","(3.1, 3.2]",0.004878048780487805,200,205,3.1,3.2,"(0.5, 0.55]"
"(200, 205]","(3.2, 3.3]",0.0016260162601626016,200,205,3.2,3.3,"(0.5, 0.55]"
"(200, 205]","(3.3, 3.4]",0.0016260162601626016,200,205,3.3,3.4,"(0.5, 0.55]"
"(200, 205]","(3.4, 3.5]",0.0016260162601626016,200,205,3.4,3.5,"(0.5, 0.55]"
"(205, 210]","(2.2, 2.3]",0.0016260162601626016,205,210,2.2,2.3,"(0.5, 0.55]"
"(205, 210]","(2.4, 2.5]",0.0016260162601626016,205,210,2.4,2.5,"(0.5, 0.55]"
"(205, 210]","(2.5, 2.6]",0.0032520325203252032,205,210,2.5,2.6,"(0.5, 0.55]"
"(205, 210]","(2.7, 2.8]",0.0016260162601626016,205,210,2.7,2.8,"(0.5, 0.55]"
"(205, 210]","(2.9, 3.0]",0.0016260162601626016,205,210,2.9,3.0,"(0.5, 0.55]"
"(205, 210]","(3.0, 3.1]",0.0032520325203252032,205,210,3.0,3.1,"(0.5, 0.55]"
"(205, 210]","(3.1, 3.2]",0.0016260162601626016,205,210,3.1,3.2,"(0.5, 0.55]"
"(205, 210]","(3.2, 3.3]",0.0016260162601626016,205,210,3.2,3.3,"(0.5, 0.55]"
"(205, 210]","(3.5, 3.6]",0.0016260162601626016,205,210,3.5,3.6,"(0.5, 0.55]"
"(210, 215]","(1.9, 2.0]",0.0016260162601626016,210,215,1.9,2.0,"(0.5, 0.55]"
"(210, 215]","(2.1, 2.2]",0.0016260162601626016,210,215,2.1,2.2,"(0.5, 0.55]"
"(210, 215]","(2.3, 2.4]",0.0016260162601626016,210,215,2.3,2.4,"(0.5, 0.55]"
"(210, 215]","(2.9, 3.0]",0.0016260162601626016,210,215,2.9,3.0,"(0.5, 0.55]"
"(210, 215]","(3.0, 3.1]",0.0032520325203252032,210,215,3.0,3.1,"(0.5, 0.55]"
"(210, 215]","(3.1, 3.2]",0.0032520325203252032,210,215,3.1,3.2,"(0.5, 0.55]"
"(210, 215]","(3.2, 3.3]",0.0032520325203252032,210,215,3.2,3.3,"(0.5, 0.55]"
"(210, 215]","(3.3, 3.4]",0.0016260162601626016,210,215,3.3,3.4,"(0.5, 0.55]"
"(210, 215]","(3.5, 3.6]",0.0016260162601626016,210,215,3.5,3.6,"(0.5, 0.55]"
"(215, 220]","(2.2, 2.3]",0.0032520325203252032,215,220,2.2,2.3,"(0.5, 0.55]"
"(215, 220]","(2.3, 2.4]",0.0032520325203252032,215,220,2.3,2.4,"(0.5, 0.55]"
"(215, 220]","(2.5, 2.6]",0.0016260162601626016,215,220,2.5,2.6,"(0.5, 0.55]"
"(215, 220]","(2.8, 2.9]",0.0016260162601626016,215,220,2.8,2.9,"(0.5, 0.55]"
"(215, 220]","(3.1, 3.2]",0.0065040650406504065,215,220,3.1,3.2,"(0.5, 0.55]"
"(215, 220]","(3.2, 3.3]",0.0016260162601626016,215,220,3.2,3.3,"(0.5, 0.55]"
"(215, 220]","(3.3, 3.4]",0.0032520325203252032,215,220,3.3,3.4,"(0.5, 0.55]"
"(215, 220]","(3.4, 3.5]",0.0032520325203252032,215,220,3.4,3.5,"(0.5, 0.55]"
"(215, 220]","(3.5, 3.6]",0.0016260162601626016,215,220,3.5,3.6,"(0.5, 0.55]"
"(220, 225]","(2.3, 2.4]",0.0032520325203252032,220,225,2.3,2.4,"(0.5, 0.55]"
"(220, 225]","(2.6, 2.7]",0.0016260162601626016,220,225,2.6,2.7,"(0.5, 0.55]"
"(220, 225]","(2.7, 2.8]",0.0016260162601626016,220,225,2.7,2.8,"(0.5, 0.55]"
"(220, 225]","(2.8, 2.9]",0.0016260162601626016,220,225,2.8,2.9,"(0.5, 0.55]"
"(220, 225]","(2.9, 3.0]",0.0016260162601626016,220,225,2.9,3.0,"(0.5, 0.55]"
"(220, 225]","(3.0, 3.1]",0.004878048780487805,220,225,3.0,3.1,"(0.5, 0.55]"
"(220, 225]","(3.1, 3.2]",0.0032520325203252032,220,225,3.1,3.2,"(0.5, 0.55]"
"(220, 225]","(3.5, 3.6]",0.0032520325203252032,220,225,3.5,3.6,"(0.5, 0.55]"
"(225, 230]","(2.0, 2.1]",0.0016260162601626016,225,230,2.0,2.1,"(0.5, 0.55]"
"(225, 230]","(2.3, 2.4]",0.0016260162601626016,225,230,2.3,2.4,"(0.5, 0.55]"
"(225, 230]","(3.0, 3.1]",0.0032520325203252032,225,230,3.0,3.1,"(0.5, 0.55]"
"(225, 230]","(3.2, 3.3]",0.0016260162601626016,225,230,3.2,3.3,"(0.5, 0.55]"
"(225, 230]","(3.4, 3.5]",0.0016260162601626016,225,230,3.4,3.5,"(0.5, 0.55]"
"(225, 230]","(3.5, 3.6]",0.0016260162601626016,225,230,3.5,3.6,"(0.5, 0.55]"
"(230, 235]","(2.3, 2.4]",0.0016260162601626016,230,235,2.3,2.4,"(0.5, 0.55]"
"(230, 235]","(2.7, 2.8]",0.0016260162601626016,230,235,2.7,2.8,"(0.5, 0.55]"
"(230, 235]","(2.9, 3.0]",0.0032520325203252032,230,235,2.9,3.0,"(0.5, 0.55]"
"(230, 235]","(3.0, 3.1]",0.004878048780487805,230,235,3.0,3.1,"(0.5, 0.55]"
"(230, 235]","(3.1, 3.2]",0.0016260162601626016,230,235,3.1,3.2,"(0.5, 0.55]"
"(230, 235]","(3.3, 3.4]",0.0016260162601626016,230,235,3.3,3.4,"(0.5, 0.55]"
"(230, 235]","(3.5, 3.6]",0.0016260162601626016,230,235,3.5,3.6,"(0.5, 0.55]"
"(235, 240]","(2.3, 2.4]",0.0016260162601626016,235,240,2.3,2.4,"(0.5, 0.55]"
"(235, 240]","(2.8, 2.9]",0.0016260162601626016,235,240,2.8,2.9,"(0.5, 0.55]"
"(235, 240]","(2.9, 3.0]",0.0016260162601626016,235,240,2.9,3.0,"(0.5, 0.55]"
"(235, 240]","(3.0, 3.1]",0.004878048780487805,235,240,3.0,3.1,"(0.5, 0.55]"
"(235, 240]","(3.5, 3.6]",0.0016260162601626016,235,240,3.5,3.6,"(0.5, 0.55]"
"(240, 245]","(2.2, 2.3]",0.0016260162601626016,240,245,2.2,2.3,"(0.5, 0.55]"
"(240, 245]","(3.0, 3.1]",0.0032520325203252032,240,245,3.0,3.1,"(0.5, 0.55]"
"(240, 245]","(3.1, 3.2]",0.0016260162601626016,240,245,3.1,3.2,"(0.5, 0.55]"
"(240, 245]","(3.2, 3.3]",0.0016260162601626016,240,245,3.2,3.3,"(0.5, 0.55]"
"(240, 245]","(3.3, 3.4]",0.0016260162601626016,240,245,3.3,3.4,"(0.5, 0.55]"
"(240, 245]","(3.4, 3.5]",0.004878048780487805,240,245,3.4,3.5,"(0.5, 0.55]"
"(245, 250]","(2.1, 2.2]",0.0016260162601626016,245,250,2.1,2.2,"(0.5, 0.55]"
"(245, 250]","(2.3, 2.4]",0.0032520325203252032,245,250,2.3,2.4,"(0.5, 0.55]"
"(245, 250]","(2.4, 2.5]",0.0016260162601626016,245,250,2.4,2.5,"(0.5, 0.55]"
"(245, 250]","(3.0, 3.1]",0.0032520325203252032,245,250,3.0,3.1,"(0.5, 0.55]"
"(245, 250]","(3.1, 3.2]",0.0032520325203252032,245,250,3.1,3.2,"(0.5, 0.55]"
"(245, 250]","(3.4, 3.5]",0.0016260162601626016,245,250,3.4,3.5,"(0.5, 0.55]"
"(245, 250]","(3.5, 3.6]",0.0016260162601626016,245,250,3.5,3.6,"(0.5, 0.55]"
"(250, 255]","(2.3, 2.4]",0.0016260162601626016,250,255,2.3,2.4,"(0.5, 0.55]"
"(250, 255]","(2.4, 2.5]",0.0016260162601626016,250,255,2.4,2.5,"(0.5, 0.55]"
"(250, 255]","(2.6, 2.7]",0.0016260162601626016,250,255,2.6,2.7,"(0.5, 0.55]"
"(250, 255]","(3.1, 3.2]",0.0016260162601626016,250,255,3.1,3.2,"(0.5, 0.55]"
"(255, 260]","(2.7, 2.8]",0.0016260162601626016,255,260,2.7,2.8,"(0.5, 0.55]"
"(255, 260]","(3.0, 3.1]",0.0016260162601626016,255,260,3.0,3.1,"(0.5, 0.55]"
"(260, 265]","(2.8, 2.9]",0.0016260162601626016,260,265,2.8,2.9,"(0.5, 0.55]"
"(260, 265]","(3.0, 3.1]",0.0016260162601626016,260,265,3.0,3.1,"(0.5, 0.55]"
"(265, 270]","(2.3, 2.4]",0.0016260162601626016,265,270,2.3,2.4,"(0.5, 0.55]"
"(265, 270]","(3.1, 3.2]",0.0016260162601626016,265,270,3.1,3.2,"(0.5, 0.55]"
"(275, 280]","(2.1, 2.2]",0.0016260162601626016,275,280,2.1,2.2,"(0.5, 0.55]"
"(275, 280]","(3.0, 3.1]",0.0032520325203252032,275,280,3.0,3.1,"(0.5, 0.55]"
"(275, 280]","(3.1, 3.2]",0.0016260162601626016,275,280,3.1,3.2,"(0.5, 0.55]"
"(275, 280]","(3.2, 3.3]",0.0016260162601626016,275,280,3.2,3.3,"(0.5, 0.55]"
"(275, 280]","(3.5, 3.6]",0.0016260162601626016,275,280,3.5,3.6,"(0.5, 0.55]"
"(280, 285]","(2.8, 2.9]",0.0016260162601626016,280,285,2.8,2.9,"(0.5, 0.55]"
"(280, 285]","(3.5, 3.6]",0.0016260162601626016,280,285,3.5,3.6,"(0.5, 0.55]"
"(285, 290]","(2.9, 3.0]",0.0016260162601626016,285,290,2.9,3.0,"(0.5, 0.55]"
"(285, 290]","(3.1, 3.2]",0.0016260162601626016,285,290,3.1,3.2,"(0.5, 0.55]"
"(290, 295]","(1.7, 1.8]",0.0016260162601626016,290,295,1.7,1.8,"(0.5, 0.55]"
"(290, 295]","(2.8, 2.9]",0.0016260162601626016,290,295,2.8,2.9,"(0.5, 0.55]"
"(295, 300]","(3.5, 3.6]",0.0016260162601626016,295,300,3.5,3.6,"(0.5, 0.55]"
"(300, 305]","(2.6, 2.7]",0.0016260162601626016,300,305,2.6,2.7,"(0.5, 0.55]"
"(300, 305]","(3.1, 3.2]",0.0016260162601626016,300,305,3.1,3.2,"(0.5, 0.55]"
"(305, 310]","(3.1, 3.2]",0.0016260162601626016,305,310,3.1,3.2,"(0.5, 0.55]"
"(305, 310]","(3.5, 3.6]",0.0016260162601626016,305,310,3.5,3.6,"(0.5, 0.55]"
"(310, 315]","(2.8, 2.9]",0.0016260162601626016,310,315,2.8,2.9,"(0.5, 0.55]"
"(310, 315]","(2.9, 3.0]",0.0016260162601626016,310,315,2.9,3.0,"(0.5, 0.55]"
"(320, 325]","(3.0, 3.1]",0.0016260162601626016,320,325,3.0,3.1,"(0.5, 0.55]"
"(325, 330]","(2.8, 2.9]",0.0016260162601626016,325,330,2.8,2.9,"(0.5, 0.55]"
"(340, 345]","(3.4, 3.5]",0.0016260162601626016,340,345,3.4,3.5,"(0.5, 0.55]"
"(350, 355]","(3.1, 3.2]",0.0016260162601626016,350,355,3.1,3.2,"(0.5, 0.55]"
"(350, 355]","(3.5, 3.6]",0.0016260162601626016,350,355,3.5,3.6,"(0.5, 0.55]"
"(360, 365]","(2.4, 2.5]",0.0016260162601626016,360,365,2.4,2.5,"(0.5, 0.55]"
"(360, 365]","(3.2, 3.3]",0.0016260162601626016,360,365,3.2,3.3,"(0.5, 0.55]"
"(380, 385]","(3.7, 3.8]",0.0016260162601626016,380,385,3.7,3.8,"(0.5, 0.55]"
"(60, 65]","(-2.5, -2.4]",0.0013513513513513514,60,65,-2.5,-2.4,"(0.55, 0.6]"
"(80, 85]","(-0.5, -0.4]",0.0013513513513513514,80,85,-0.5,-0.4,"(0.55, 0.6]"
"(80, 85]","(0.0, 0.1]",0.0013513513513513514,80,85,0.0,0.1,"(0.55, 0.6]"
"(85, 90]","(-0.3, -0.2]",0.0013513513513513514,85,90,-0.3,-0.2,"(0.55, 0.6]"
"(85, 90]","(0.0, 0.1]",0.006756756756756757,85,90,0.0,0.1,"(0.55, 0.6]"
"(85, 90]","(0.1, 0.2]",0.006756756756756757,85,90,0.1,0.2,"(0.55, 0.6]"
"(85, 90]","(0.2, 0.3]",0.0013513513513513514,85,90,0.2,0.3,"(0.55, 0.6]"
"(85, 90]","(0.3, 0.4]",0.0013513513513513514,85,90,0.3,0.4,"(0.55, 0.6]"
"(85, 90]","(0.6, 0.7]",0.0013513513513513514,85,90,0.6,0.7,"(0.55, 0.6]"
"(90, 95]","(0.1, 0.2]",0.0013513513513513514,90,95,0.1,0.2,"(0.55, 0.6]"
"(90, 95]","(0.6, 0.7]",0.0013513513513513514,90,95,0.6,0.7,"(0.55, 0.6]"
"(90, 95]","(0.7, 0.8]",0.0013513513513513514,90,95,0.7,0.8,"(0.55, 0.6]"
"(90, 95]","(0.9, 1.0]",0.0013513513513513514,90,95,0.9,1.0,"(0.55, 0.6]"
"(90, 95]","(1.0, 1.1]",0.002702702702702703,90,95,1.0,1.1,"(0.55, 0.6]"
"(90, 95]","(1.1, 1.2]",0.0013513513513513514,90,95,1.1,1.2,"(0.55, 0.6]"
"(90, 95]","(1.2, 1.3]",0.0013513513513513514,90,95,1.2,1.3,"(0.55, 0.6]"
"(95, 100]","(0.5, 0.6]",0.0013513513513513514,95,100,0.5,0.6,"(0.55, 0.6]"
"(95, 100]","(1.0, 1.1]",0.0013513513513513514,95,100,1.0,1.1,"(0.55, 0.6]"
"(95, 100]","(1.1, 1.2]",0.0013513513513513514,95,100,1.1,1.2,"(0.55, 0.6]"
"(95, 100]","(1.3, 1.4]",0.0013513513513513514,95,100,1.3,1.4,"(0.55, 0.6]"
"(95, 100]","(1.5, 1.6]",0.0013513513513513514,95,100,1.5,1.6,"(0.55, 0.6]"
"(95, 100]","(1.7, 1.8]",0.002702702702702703,95,100,1.7,1.8,"(0.55, 0.6]"
"(95, 100]","(1.8, 1.9]",0.0013513513513513514,95,100,1.8,1.9,"(0.55, 0.6]"
"(95, 100]","(2.0, 2.1]",0.004054054054054054,95,100,2.0,2.1,"(0.55, 0.6]"
"(95, 100]","(2.3, 2.4]",0.0013513513513513514,95,100,2.3,2.4,"(0.55, 0.6]"
"(100, 105]","(2.0, 2.1]",0.002702702702702703,100,105,2.0,2.1,"(0.55, 0.6]"
"(100, 105]","(2.4, 2.5]",0.0013513513513513514,100,105,2.4,2.5,"(0.55, 0.6]"
"(100, 105]","(2.5, 2.6]",0.004054054054054054,100,105,2.5,2.6,"(0.55, 0.6]"
"(100, 105]","(2.6, 2.7]",0.0013513513513513514,100,105,2.6,2.7,"(0.55, 0.6]"
"(100, 105]","(2.7, 2.8]",0.0013513513513513514,100,105,2.7,2.8,"(0.55, 0.6]"
"(100, 105]","(2.8, 2.9]",0.008108108108108109,100,105,2.8,2.9,"(0.55, 0.6]"
"(100, 105]","(2.9, 3.0]",0.004054054054054054,100,105,2.9,3.0,"(0.55, 0.6]"
"(100, 105]","(3.0, 3.1]",0.0013513513513513514,100,105,3.0,3.1,"(0.55, 0.6]"
"(105, 110]","(2.0, 2.1]",0.0013513513513513514,105,110,2.0,2.1,"(0.55, 0.6]"
"(105, 110]","(2.5, 2.6]",0.0013513513513513514,105,110,2.5,2.6,"(0.55, 0.6]"
"(105, 110]","(2.8, 2.9]",0.0013513513513513514,105,110,2.8,2.9,"(0.55, 0.6]"
"(105, 110]","(2.9, 3.0]",0.002702702702702703,105,110,2.9,3.0,"(0.55, 0.6]"
"(105, 110]","(3.0, 3.1]",0.0013513513513513514,105,110,3.0,3.1,"(0.55, 0.6]"
"(105, 110]","(3.1, 3.2]",0.0013513513513513514,105,110,3.1,3.2,"(0.55, 0.6]"
"(105, 110]","(3.2, 3.3]",0.0013513513513513514,105,110,3.2,3.3,"(0.55, 0.6]"
"(110, 115]","(1.6, 1.7]",0.0013513513513513514,110,115,1.6,1.7,"(0.55, 0.6]"
"(110, 115]","(2.1, 2.2]",0.0013513513513513514,110,115,2.1,2.2,"(0.55, 0.6]"
"(110, 115]","(2.2, 2.3]",0.008108108108108109,110,115,2.2,2.3,"(0.55, 0.6]"
"(110, 115]","(2.3, 2.4]",0.004054054054054054,110,115,2.3,2.4,"(0.55, 0.6]"
"(110, 115]","(2.6, 2.7]",0.0013513513513513514,110,115,2.6,2.7,"(0.55, 0.6]"
"(110, 115]","(2.8, 2.9]",0.0013513513513513514,110,115,2.8,2.9,"(0.55, 0.6]"
"(110, 115]","(2.9, 3.0]",0.005405405405405406,110,115,2.9,3.0,"(0.55, 0.6]"
"(110, 115]","(3.0, 3.1]",0.002702702702702703,110,115,3.0,3.1,"(0.55, 0.6]"
"(110, 115]","(3.1, 3.2]",0.0013513513513513514,110,115,3.1,3.2,"(0.55, 0.6]"
"(110, 115]","(3.2, 3.3]",0.0013513513513513514,110,115,3.2,3.3,"(0.55, 0.6]"
"(110, 115]","(3.3, 3.4]",0.002702702702702703,110,115,3.3,3.4,"(0.55, 0.6]"
"(115, 120]","(1.4, 1.5]",0.0013513513513513514,115,120,1.4,1.5,"(0.55, 0.6]"
"(115, 120]","(1.6, 1.7]",0.0013513513513513514,115,120,1.6,1.7,"(0.55, 0.6]"
"(115, 120]","(1.7, 1.8]",0.0013513513513513514,115,120,1.7,1.8,"(0.55, 0.6]"
"(115, 120]","(1.8, 1.9]",0.002702702702702703,115,120,1.8,1.9,"(0.55, 0.6]"
"(115, 120]","(2.0, 2.1]",0.0013513513513513514,115,120,2.0,2.1,"(0.55, 0.6]"
"(115, 120]","(2.1, 2.2]",0.002702702702702703,115,120,2.1,2.2,"(0.55, 0.6]"
"(115, 120]","(2.2, 2.3]",0.002702702702702703,115,120,2.2,2.3,"(0.55, 0.6]"
"(115, 120]","(2.3, 2.4]",0.0013513513513513514,115,120,2.3,2.4,"(0.55, 0.6]"
"(115, 120]","(2.4, 2.5]",0.0013513513513513514,115,120,2.4,2.5,"(0.55, 0.6]"
"(115, 120]","(2.5, 2.6]",0.0013513513513513514,115,120,2.5,2.6,"(0.55, 0.6]"
"(115, 120]","(2.6, 2.7]",0.0013513513513513514,115,120,2.6,2.7,"(0.55, 0.6]"
"(115, 120]","(2.7, 2.8]",0.005405405405405406,115,120,2.7,2.8,"(0.55, 0.6]"
"(115, 120]","(2.8, 2.9]",0.014864864864864866,115,120,2.8,2.9,"(0.55, 0.6]"
"(115, 120]","(2.9, 3.0]",0.002702702702702703,115,120,2.9,3.0,"(0.55, 0.6]"
"(115, 120]","(3.0, 3.1]",0.004054054054054054,115,120,3.0,3.1,"(0.55, 0.6]"
"(115, 120]","(3.3, 3.4]",0.004054054054054054,115,120,3.3,3.4,"(0.55, 0.6]"
"(115, 120]","(3.4, 3.5]",0.002702702702702703,115,120,3.4,3.5,"(0.55, 0.6]"
"(120, 125]","(1.5, 1.6]",0.002702702702702703,120,125,1.5,1.6,"(0.55, 0.6]"
"(120, 125]","(1.8, 1.9]",0.0013513513513513514,120,125,1.8,1.9,"(0.55, 0.6]"
"(120, 125]","(1.9, 2.0]",0.0013513513513513514,120,125,1.9,2.0,"(0.55, 0.6]"
"(120, 125]","(2.0, 2.1]",0.004054054054054054,120,125,2.0,2.1,"(0.55, 0.6]"
"(120, 125]","(2.1, 2.2]",0.002702702702702703,120,125,2.1,2.2,"(0.55, 0.6]"
"(120, 125]","(2.2, 2.3]",0.0013513513513513514,120,125,2.2,2.3,"(0.55, 0.6]"
"(120, 125]","(2.3, 2.4]",0.002702702702702703,120,125,2.3,2.4,"(0.55, 0.6]"
"(120, 125]","(2.4, 2.5]",0.0013513513513513514,120,125,2.4,2.5,"(0.55, 0.6]"
"(120, 125]","(2.7, 2.8]",0.008108108108108109,120,125,2.7,2.8,"(0.55, 0.6]"
"(120, 125]","(2.8, 2.9]",0.004054054054054054,120,125,2.8,2.9,"(0.55, 0.6]"
"(120, 125]","(2.9, 3.0]",0.013513513513513514,120,125,2.9,3.0,"(0.55, 0.6]"
"(120, 125]","(3.0, 3.1]",0.002702702702702703,120,125,3.0,3.1,"(0.55, 0.6]"
"(120, 125]","(3.1, 3.2]",0.0013513513513513514,120,125,3.1,3.2,"(0.55, 0.6]"
"(120, 125]","(3.3, 3.4]",0.0013513513513513514,120,125,3.3,3.4,"(0.55, 0.6]"
"(120, 125]","(3.4, 3.5]",0.0013513513513513514,120,125,3.4,3.5,"(0.55, 0.6]"
"(125, 130]","(1.8, 1.9]",0.0013513513513513514,125,130,1.8,1.9,"(0.55, 0.6]"
"(125, 130]","(2.0, 2.1]",0.002702702702702703,125,130,2.0,2.1,"(0.55, 0.6]"
"(125, 130]","(2.1, 2.2]",0.0013513513513513514,125,130,2.1,2.2,"(0.55, 0.6]"
"(125, 130]","(2.2, 2.3]",0.00945945945945946,125,130,2.2,2.3,"(0.55, 0.6]"
"(125, 130]","(2.3, 2.4]",0.0013513513513513514,125,130,2.3,2.4,"(0.55, 0.6]"
"(125, 130]","(2.5, 2.6]",0.004054054054054054,125,130,2.5,2.6,"(0.55, 0.6]"
"(125, 130]","(2.6, 2.7]",0.002702702702702703,125,130,2.6,2.7,"(0.55, 0.6]"
"(125, 130]","(2.7, 2.8]",0.002702702702702703,125,130,2.7,2.8,"(0.55, 0.6]"
"(125, 130]","(2.8, 2.9]",0.006756756756756757,125,130,2.8,2.9,"(0.55, 0.6]"
"(125, 130]","(2.9, 3.0]",0.0013513513513513514,125,130,2.9,3.0,"(0.55, 0.6]"
"(125, 130]","(3.0, 3.1]",0.0013513513513513514,125,130,3.0,3.1,"(0.55, 0.6]"
"(125, 130]","(3.3, 3.4]",0.0013513513513513514,125,130,3.3,3.4,"(0.55, 0.6]"
"(125, 130]","(3.5, 3.6]",0.002702702702702703,125,130,3.5,3.6,"(0.55, 0.6]"
"(130, 135]","(1.3, 1.4]",0.0013513513513513514,130,135,1.3,1.4,"(0.55, 0.6]"
"(130, 135]","(1.6, 1.7]",0.0013513513513513514,130,135,1.6,1.7,"(0.55, 0.6]"
"(130, 135]","(1.8, 1.9]",0.0013513513513513514,130,135,1.8,1.9,"(0.55, 0.6]"
"(130, 135]","(1.9, 2.0]",0.0013513513513513514,130,135,1.9,2.0,"(0.55, 0.6]"
"(130, 135]","(2.0, 2.1]",0.0013513513513513514,130,135,2.0,2.1,"(0.55, 0.6]"
"(130, 135]","(2.1, 2.2]",0.002702702702702703,130,135,2.1,2.2,"(0.55, 0.6]"
"(130, 135]","(2.2, 2.3]",0.002702702702702703,130,135,2.2,2.3,"(0.55, 0.6]"
"(130, 135]","(2.3, 2.4]",0.01891891891891892,130,135,2.3,2.4,"(0.55, 0.6]"
"(130, 135]","(2.6, 2.7]",0.0013513513513513514,130,135,2.6,2.7,"(0.55, 0.6]"
"(130, 135]","(2.9, 3.0]",0.0013513513513513514,130,135,2.9,3.0,"(0.55, 0.6]"
"(130, 135]","(3.0, 3.1]",0.0013513513513513514,130,135,3.0,3.1,"(0.55, 0.6]"
"(130, 135]","(3.1, 3.2]",0.0013513513513513514,130,135,3.1,3.2,"(0.55, 0.6]"
"(130, 135]","(3.2, 3.3]",0.0013513513513513514,130,135,3.2,3.3,"(0.55, 0.6]"
"(130, 135]","(3.4, 3.5]",0.004054054054054054,130,135,3.4,3.5,"(0.55, 0.6]"
"(135, 140]","(1.4, 1.5]",0.0013513513513513514,135,140,1.4,1.5,"(0.55, 0.6]"
"(135, 140]","(1.6, 1.7]",0.0013513513513513514,135,140,1.6,1.7,"(0.55, 0.6]"
"(135, 140]","(1.8, 1.9]",0.0013513513513513514,135,140,1.8,1.9,"(0.55, 0.6]"
"(135, 140]","(1.9, 2.0]",0.0013513513513513514,135,140,1.9,2.0,"(0.55, 0.6]"
"(135, 140]","(2.1, 2.2]",0.0013513513513513514,135,140,2.1,2.2,"(0.55, 0.6]"
"(135, 140]","(2.2, 2.3]",0.004054054054054054,135,140,2.2,2.3,"(0.55, 0.6]"
"(135, 140]","(2.3, 2.4]",0.010810810810810811,135,140,2.3,2.4,"(0.55, 0.6]"
"(135, 140]","(2.5, 2.6]",0.002702702702702703,135,140,2.5,2.6,"(0.55, 0.6]"
"(135, 140]","(2.6, 2.7]",0.002702702702702703,135,140,2.6,2.7,"(0.55, 0.6]"
"(135, 140]","(2.7, 2.8]",0.0013513513513513514,135,140,2.7,2.8,"(0.55, 0.6]"
"(135, 140]","(2.8, 2.9]",0.0013513513513513514,135,140,2.8,2.9,"(0.55, 0.6]"
"(135, 140]","(2.9, 3.0]",0.002702702702702703,135,140,2.9,3.0,"(0.55, 0.6]"
"(135, 140]","(3.0, 3.1]",0.002702702702702703,135,140,3.0,3.1,"(0.55, 0.6]"
"(135, 140]","(3.1, 3.2]",0.002702702702702703,135,140,3.1,3.2,"(0.55, 0.6]"
"(135, 140]","(3.3, 3.4]",0.0013513513513513514,135,140,3.3,3.4,"(0.55, 0.6]"
"(135, 140]","(3.4, 3.5]",0.0013513513513513514,135,140,3.4,3.5,"(0.55, 0.6]"
"(135, 140]","(3.5, 3.6]",0.0013513513513513514,135,140,3.5,3.6,"(0.55, 0.6]"
"(140, 145]","(1.1, 1.2]",0.0013513513513513514,140,145,1.1,1.2,"(0.55, 0.6]"
"(140, 145]","(1.3, 1.4]",0.0013513513513513514,140,145,1.3,1.4,"(0.55, 0.6]"
"(140, 145]","(1.6, 1.7]",0.0013513513513513514,140,145,1.6,1.7,"(0.55, 0.6]"
"(140, 145]","(1.8, 1.9]",0.0013513513513513514,140,145,1.8,1.9,"(0.55, 0.6]"
"(140, 145]","(2.2, 2.3]",0.002702702702702703,140,145,2.2,2.3,"(0.55, 0.6]"
"(140, 145]","(2.3, 2.4]",0.0013513513513513514,140,145,2.3,2.4,"(0.55, 0.6]"
"(140, 145]","(2.5, 2.6]",0.005405405405405406,140,145,2.5,2.6,"(0.55, 0.6]"
"(140, 145]","(2.7, 2.8]",0.005405405405405406,140,145,2.7,2.8,"(0.55, 0.6]"
"(140, 145]","(2.8, 2.9]",0.0013513513513513514,140,145,2.8,2.9,"(0.55, 0.6]"
"(140, 145]","(2.9, 3.0]",0.004054054054054054,140,145,2.9,3.0,"(0.55, 0.6]"
"(140, 145]","(3.0, 3.1]",0.005405405405405406,140,145,3.0,3.1,"(0.55, 0.6]"
"(140, 145]","(3.1, 3.2]",0.002702702702702703,140,145,3.1,3.2,"(0.55, 0.6]"
"(140, 145]","(3.3, 3.4]",0.0013513513513513514,140,145,3.3,3.4,"(0.55, 0.6]"
"(140, 145]","(3.4, 3.5]",0.002702702702702703,140,145,3.4,3.5,"(0.55, 0.6]"
"(140, 145]","(3.5, 3.6]",0.0013513513513513514,140,145,3.5,3.6,"(0.55, 0.6]"
"(145, 150]","(1.5, 1.6]",0.0013513513513513514,145,150,1.5,1.6,"(0.55, 0.6]"
"(145, 150]","(1.6, 1.7]",0.0013513513513513514,145,150,1.6,1.7,"(0.55, 0.6]"
"(145, 150]","(2.0, 2.1]",0.0013513513513513514,145,150,2.0,2.1,"(0.55, 0.6]"
"(145, 150]","(2.1, 2.2]",0.0013513513513513514,145,150,2.1,2.2,"(0.55, 0.6]"
"(145, 150]","(2.5, 2.6]",0.0013513513513513514,145,150,2.5,2.6,"(0.55, 0.6]"
"(145, 150]","(2.6, 2.7]",0.0013513513513513514,145,150,2.6,2.7,"(0.55, 0.6]"
"(145, 150]","(2.9, 3.0]",0.006756756756756757,145,150,2.9,3.0,"(0.55, 0.6]"
"(145, 150]","(3.0, 3.1]",0.016216216216216217,145,150,3.0,3.1,"(0.55, 0.6]"
"(145, 150]","(3.1, 3.2]",0.010810810810810811,145,150,3.1,3.2,"(0.55, 0.6]"
"(145, 150]","(3.2, 3.3]",0.0013513513513513514,145,150,3.2,3.3,"(0.55, 0.6]"
"(145, 150]","(3.3, 3.4]",0.002702702702702703,145,150,3.3,3.4,"(0.55, 0.6]"
"(145, 150]","(3.4, 3.5]",0.002702702702702703,145,150,3.4,3.5,"(0.55, 0.6]"
"(145, 150]","(3.5, 3.6]",0.004054054054054054,145,150,3.5,3.6,"(0.55, 0.6]"
"(150, 155]","(1.3, 1.4]",0.0013513513513513514,150,155,1.3,1.4,"(0.55, 0.6]"
"(150, 155]","(1.6, 1.7]",0.0013513513513513514,150,155,1.6,1.7,"(0.55, 0.6]"
"(150, 155]","(2.2, 2.3]",0.0013513513513513514,150,155,2.2,2.3,"(0.55, 0.6]"
"(150, 155]","(2.3, 2.4]",0.002702702702702703,150,155,2.3,2.4,"(0.55, 0.6]"
"(150, 155]","(2.4, 2.5]",0.0013513513513513514,150,155,2.4,2.5,"(0.55, 0.6]"
"(150, 155]","(2.5, 2.6]",0.0013513513513513514,150,155,2.5,2.6,"(0.55, 0.6]"
"(150, 155]","(2.7, 2.8]",0.0013513513513513514,150,155,2.7,2.8,"(0.55, 0.6]"
"(150, 155]","(2.8, 2.9]",0.008108108108108109,150,155,2.8,2.9,"(0.55, 0.6]"
"(150, 155]","(2.9, 3.0]",0.00945945945945946,150,155,2.9,3.0,"(0.55, 0.6]"
"(150, 155]","(3.0, 3.1]",0.01756756756756757,150,155,3.0,3.1,"(0.55, 0.6]"
"(150, 155]","(3.1, 3.2]",0.013513513513513514,150,155,3.1,3.2,"(0.55, 0.6]"
"(150, 155]","(3.2, 3.3]",0.0013513513513513514,150,155,3.2,3.3,"(0.55, 0.6]"
"(150, 155]","(3.3, 3.4]",0.0013513513513513514,150,155,3.3,3.4,"(0.55, 0.6]"
"(150, 155]","(3.5, 3.6]",0.0013513513513513514,150,155,3.5,3.6,"(0.55, 0.6]"
"(155, 160]","(2.0, 2.1]",0.0013513513513513514,155,160,2.0,2.1,"(0.55, 0.6]"
"(155, 160]","(2.1, 2.2]",0.002702702702702703,155,160,2.1,2.2,"(0.55, 0.6]"
"(155, 160]","(2.2, 2.3]",0.0013513513513513514,155,160,2.2,2.3,"(0.55, 0.6]"
"(155, 160]","(2.3, 2.4]",0.010810810810810811,155,160,2.3,2.4,"(0.55, 0.6]"
"(155, 160]","(2.4, 2.5]",0.004054054054054054,155,160,2.4,2.5,"(0.55, 0.6]"
"(155, 160]","(2.5, 2.6]",0.0013513513513513514,155,160,2.5,2.6,"(0.55, 0.6]"
"(155, 160]","(2.6, 2.7]",0.0013513513513513514,155,160,2.6,2.7,"(0.55, 0.6]"
"(155, 160]","(2.7, 2.8]",0.002702702702702703,155,160,2.7,2.8,"(0.55, 0.6]"
"(155, 160]","(2.8, 2.9]",0.004054054054054054,155,160,2.8,2.9,"(0.55, 0.6]"
"(155, 160]","(2.9, 3.0]",0.005405405405405406,155,160,2.9,3.0,"(0.55, 0.6]"
"(155, 160]","(3.0, 3.1]",0.0013513513513513514,155,160,3.0,3.1,"(0.55, 0.6]"
"(155, 160]","(3.1, 3.2]",0.002702702702702703,155,160,3.1,3.2,"(0.55, 0.6]"
"(155, 160]","(3.3, 3.4]",0.002702702702702703,155,160,3.3,3.4,"(0.55, 0.6]"
"(155, 160]","(3.6, 3.7]",0.0013513513513513514,155,160,3.6,3.7,"(0.55, 0.6]"
"(160, 165]","(1.9, 2.0]",0.0013513513513513514,160,165,1.9,2.0,"(0.55, 0.6]"
"(160, 165]","(2.0, 2.1]",0.0013513513513513514,160,165,2.0,2.1,"(0.55, 0.6]"
"(160, 165]","(2.1, 2.2]",0.004054054054054054,160,165,2.1,2.2,"(0.55, 0.6]"
"(160, 165]","(2.2, 2.3]",0.005405405405405406,160,165,2.2,2.3,"(0.55, 0.6]"
"(160, 165]","(2.3, 2.4]",0.006756756756756757,160,165,2.3,2.4,"(0.55, 0.6]"
"(160, 165]","(2.4, 2.5]",0.002702702702702703,160,165,2.4,2.5,"(0.55, 0.6]"
"(160, 165]","(2.5, 2.6]",0.0013513513513513514,160,165,2.5,2.6,"(0.55, 0.6]"
"(160, 165]","(2.6, 2.7]",0.0013513513513513514,160,165,2.6,2.7,"(0.55, 0.6]"
"(160, 165]","(2.7, 2.8]",0.002702702702702703,160,165,2.7,2.8,"(0.55, 0.6]"
"(160, 165]","(2.8, 2.9]",0.004054054054054054,160,165,2.8,2.9,"(0.55, 0.6]"
"(160, 165]","(3.0, 3.1]",0.0013513513513513514,160,165,3.0,3.1,"(0.55, 0.6]"
"(160, 165]","(3.1, 3.2]",0.004054054054054054,160,165,3.1,3.2,"(0.55, 0.6]"
"(160, 165]","(3.3, 3.4]",0.0013513513513513514,160,165,3.3,3.4,"(0.55, 0.6]"
"(160, 165]","(3.4, 3.5]",0.002702702702702703,160,165,3.4,3.5,"(0.55, 0.6]"
"(160, 165]","(3.5, 3.6]",0.002702702702702703,160,165,3.5,3.6,"(0.55, 0.6]"
"(165, 170]","(1.8, 1.9]",0.002702702702702703,165,170,1.8,1.9,"(0.55, 0.6]"
"(165, 170]","(2.1, 2.2]",0.002702702702702703,165,170,2.1,2.2,"(0.55, 0.6]"
"(165, 170]","(2.2, 2.3]",0.002702702702702703,165,170,2.2,2.3,"(0.55, 0.6]"
"(165, 170]","(2.3, 2.4]",0.010810810810810811,165,170,2.3,2.4,"(0.55, 0.6]"
"(165, 170]","(2.4, 2.5]",0.002702702702702703,165,170,2.4,2.5,"(0.55, 0.6]"
"(165, 170]","(2.6, 2.7]",0.005405405405405406,165,170,2.6,2.7,"(0.55, 0.6]"
"(165, 170]","(2.7, 2.8]",0.002702702702702703,165,170,2.7,2.8,"(0.55, 0.6]"
"(165, 170]","(2.8, 2.9]",0.0013513513513513514,165,170,2.8,2.9,"(0.55, 0.6]"
"(165, 170]","(2.9, 3.0]",0.0013513513513513514,165,170,2.9,3.0,"(0.55, 0.6]"
"(165, 170]","(3.0, 3.1]",0.010810810810810811,165,170,3.0,3.1,"(0.55, 0.6]"
"(165, 170]","(3.1, 3.2]",0.005405405405405406,165,170,3.1,3.2,"(0.55, 0.6]"
"(165, 170]","(3.2, 3.3]",0.004054054054054054,165,170,3.2,3.3,"(0.55, 0.6]"
"(165, 170]","(3.3, 3.4]",0.004054054054054054,165,170,3.3,3.4,"(0.55, 0.6]"
"(165, 170]","(3.5, 3.6]",0.002702702702702703,165,170,3.5,3.6,"(0.55, 0.6]"
"(170, 175]","(2.0, 2.1]",0.0013513513513513514,170,175,2.0,2.1,"(0.55, 0.6]"
"(170, 175]","(2.1, 2.2]",0.0013513513513513514,170,175,2.1,2.2,"(0.55, 0.6]"
"(170, 175]","(2.3, 2.4]",0.0013513513513513514,170,175,2.3,2.4,"(0.55, 0.6]"
"(170, 175]","(2.4, 2.5]",0.002702702702702703,170,175,2.4,2.5,"(0.55, 0.6]"
"(170, 175]","(2.6, 2.7]",0.0013513513513513514,170,175,2.6,2.7,"(0.55, 0.6]"
"(170, 175]","(2.7, 2.8]",0.005405405405405406,170,175,2.7,2.8,"(0.55, 0.6]"
"(170, 175]","(2.8, 2.9]",0.002702702702702703,170,175,2.8,2.9,"(0.55, 0.6]"
"(170, 175]","(2.9, 3.0]",0.006756756756756757,170,175,2.9,3.0,"(0.55, 0.6]"
"(170, 175]","(3.0, 3.1]",0.002702702702702703,170,175,3.0,3.1,"(0.55, 0.6]"
"(170, 175]","(3.1, 3.2]",0.01891891891891892,170,175,3.1,3.2,"(0.55, 0.6]"
"(170, 175]","(3.2, 3.3]",0.0013513513513513514,170,175,3.2,3.3,"(0.55, 0.6]"
"(170, 175]","(3.3, 3.4]",0.002702702702702703,170,175,3.3,3.4,"(0.55, 0.6]"
"(170, 175]","(3.4, 3.5]",0.0013513513513513514,170,175,3.4,3.5,"(0.55, 0.6]"
"(175, 180]","(2.1, 2.2]",0.0013513513513513514,175,180,2.1,2.2,"(0.55, 0.6]"
"(175, 180]","(2.2, 2.3]",0.0013513513513513514,175,180,2.2,2.3,"(0.55, 0.6]"
"(175, 180]","(2.3, 2.4]",0.002702702702702703,175,180,2.3,2.4,"(0.55, 0.6]"
"(175, 180]","(2.4, 2.5]",0.0013513513513513514,175,180,2.4,2.5,"(0.55, 0.6]"
"(175, 180]","(2.5, 2.6]",0.002702702702702703,175,180,2.5,2.6,"(0.55, 0.6]"
"(175, 180]","(2.6, 2.7]",0.0013513513513513514,175,180,2.6,2.7,"(0.55, 0.6]"
"(175, 180]","(2.7, 2.8]",0.004054054054054054,175,180,2.7,2.8,"(0.55, 0.6]"
"(175, 180]","(2.8, 2.9]",0.002702702702702703,175,180,2.8,2.9,"(0.55, 0.6]"
"(175, 180]","(2.9, 3.0]",0.0013513513513513514,175,180,2.9,3.0,"(0.55, 0.6]"
"(175, 180]","(3.0, 3.1]",0.00945945945945946,175,180,3.0,3.1,"(0.55, 0.6]"
"(175, 180]","(3.1, 3.2]",0.002702702702702703,175,180,3.1,3.2,"(0.55, 0.6]"
"(175, 180]","(3.2, 3.3]",0.002702702702702703,175,180,3.2,3.3,"(0.55, 0.6]"
"(175, 180]","(3.3, 3.4]",0.002702702702702703,175,180,3.3,3.4,"(0.55, 0.6]"
"(175, 180]","(3.4, 3.5]",0.002702702702702703,175,180,3.4,3.5,"(0.55, 0.6]"
"(180, 185]","(2.1, 2.2]",0.002702702702702703,180,185,2.1,2.2,"(0.55, 0.6]"
"(180, 185]","(2.3, 2.4]",0.004054054054054054,180,185,2.3,2.4,"(0.55, 0.6]"
"(180, 185]","(2.7, 2.8]",0.0013513513513513514,180,185,2.7,2.8,"(0.55, 0.6]"
"(180, 185]","(2.8, 2.9]",0.002702702702702703,180,185,2.8,2.9,"(0.55, 0.6]"
"(180, 185]","(2.9, 3.0]",0.0013513513513513514,180,185,2.9,3.0,"(0.55, 0.6]"
"(180, 185]","(3.0, 3.1]",0.00945945945945946,180,185,3.0,3.1,"(0.55, 0.6]"
"(180, 185]","(3.1, 3.2]",0.004054054054054054,180,185,3.1,3.2,"(0.55, 0.6]"
"(180, 185]","(3.4, 3.5]",0.002702702702702703,180,185,3.4,3.5,"(0.55, 0.6]"
"(185, 190]","(1.7, 1.8]",0.0013513513513513514,185,190,1.7,1.8,"(0.55, 0.6]"
"(185, 190]","(2.1, 2.2]",0.0013513513513513514,185,190,2.1,2.2,"(0.55, 0.6]"
"(185, 190]","(2.2, 2.3]",0.0013513513513513514,185,190,2.2,2.3,"(0.55, 0.6]"
"(185, 190]","(2.3, 2.4]",0.002702702702702703,185,190,2.3,2.4,"(0.55, 0.6]"
"(185, 190]","(2.4, 2.5]",0.0013513513513513514,185,190,2.4,2.5,"(0.55, 0.6]"
"(185, 190]","(2.6, 2.7]",0.002702702702702703,185,190,2.6,2.7,"(0.55, 0.6]"
"(185, 190]","(2.7, 2.8]",0.002702702702702703,185,190,2.7,2.8,"(0.55, 0.6]"
"(185, 190]","(3.0, 3.1]",0.002702702702702703,185,190,3.0,3.1,"(0.55, 0.6]"
"(185, 190]","(3.1, 3.2]",0.002702702702702703,185,190,3.1,3.2,"(0.55, 0.6]"
"(185, 190]","(3.4, 3.5]",0.006756756756756757,185,190,3.4,3.5,"(0.55, 0.6]"
"(185, 190]","(3.5, 3.6]",0.0013513513513513514,185,190,3.5,3.6,"(0.55, 0.6]"
"(190, 195]","(2.2, 2.3]",0.0013513513513513514,190,195,2.2,2.3,"(0.55, 0.6]"
"(190, 195]","(2.3, 2.4]",0.002702702702702703,190,195,2.3,2.4,"(0.55, 0.6]"
"(190, 195]","(2.4, 2.5]",0.002702702702702703,190,195,2.4,2.5,"(0.55, 0.6]"
"(190, 195]","(2.6, 2.7]",0.0013513513513513514,190,195,2.6,2.7,"(0.55, 0.6]"
"(190, 195]","(2.8, 2.9]",0.002702702702702703,190,195,2.8,2.9,"(0.55, 0.6]"
"(190, 195]","(2.9, 3.0]",0.005405405405405406,190,195,2.9,3.0,"(0.55, 0.6]"
"(190, 195]","(3.0, 3.1]",0.0013513513513513514,190,195,3.0,3.1,"(0.55, 0.6]"
"(190, 195]","(3.1, 3.2]",0.002702702702702703,190,195,3.1,3.2,"(0.55, 0.6]"
"(190, 195]","(3.2, 3.3]",0.004054054054054054,190,195,3.2,3.3,"(0.55, 0.6]"
"(190, 195]","(3.3, 3.4]",0.002702702702702703,190,195,3.3,3.4,"(0.55, 0.6]"
"(190, 195]","(3.4, 3.5]",0.002702702702702703,190,195,3.4,3.5,"(0.55, 0.6]"
"(190, 195]","(3.5, 3.6]",0.0013513513513513514,190,195,3.5,3.6,"(0.55, 0.6]"
"(190, 195]","(3.6, 3.7]",0.0013513513513513514,190,195,3.6,3.7,"(0.55, 0.6]"
"(195, 200]","(1.8, 1.9]",0.0013513513513513514,195,200,1.8,1.9,"(0.55, 0.6]"
"(195, 200]","(2.1, 2.2]",0.0013513513513513514,195,200,2.1,2.2,"(0.55, 0.6]"
"(195, 200]","(2.7, 2.8]",0.0013513513513513514,195,200,2.7,2.8,"(0.55, 0.6]"
"(195, 200]","(2.8, 2.9]",0.0013513513513513514,195,200,2.8,2.9,"(0.55, 0.6]"
"(195, 200]","(2.9, 3.0]",0.002702702702702703,195,200,2.9,3.0,"(0.55, 0.6]"
"(195, 200]","(3.0, 3.1]",0.002702702702702703,195,200,3.0,3.1,"(0.55, 0.6]"
"(195, 200]","(3.1, 3.2]",0.004054054054054054,195,200,3.1,3.2,"(0.55, 0.6]"
"(195, 200]","(3.2, 3.3]",0.002702702702702703,195,200,3.2,3.3,"(0.55, 0.6]"
"(195, 200]","(3.3, 3.4]",0.0013513513513513514,195,200,3.3,3.4,"(0.55, 0.6]"
"(195, 200]","(3.4, 3.5]",0.0013513513513513514,195,200,3.4,3.5,"(0.55, 0.6]"
"(195, 200]","(3.5, 3.6]",0.0013513513513513514,195,200,3.5,3.6,"(0.55, 0.6]"
"(200, 205]","(2.2, 2.3]",0.0013513513513513514,200,205,2.2,2.3,"(0.55, 0.6]"
"(200, 205]","(2.3, 2.4]",0.0013513513513513514,200,205,2.3,2.4,"(0.55, 0.6]"
"(200, 205]","(2.6, 2.7]",0.0013513513513513514,200,205,2.6,2.7,"(0.55, 0.6]"
"(200, 205]","(2.8, 2.9]",0.0013513513513513514,200,205,2.8,2.9,"(0.55, 0.6]"
"(200, 205]","(2.9, 3.0]",0.002702702702702703,200,205,2.9,3.0,"(0.55, 0.6]"
"(200, 205]","(3.0, 3.1]",0.0013513513513513514,200,205,3.0,3.1,"(0.55, 0.6]"
"(200, 205]","(3.1, 3.2]",0.0013513513513513514,200,205,3.1,3.2,"(0.55, 0.6]"
"(200, 205]","(3.3, 3.4]",0.0013513513513513514,200,205,3.3,3.4,"(0.55, 0.6]"
"(205, 210]","(2.2, 2.3]",0.0013513513513513514,205,210,2.2,2.3,"(0.55, 0.6]"
"(205, 210]","(2.4, 2.5]",0.002702702702702703,205,210,2.4,2.5,"(0.55, 0.6]"
"(205, 210]","(2.7, 2.8]",0.0013513513513513514,205,210,2.7,2.8,"(0.55, 0.6]"
"(205, 210]","(2.8, 2.9]",0.0013513513513513514,205,210,2.8,2.9,"(0.55, 0.6]"
"(205, 210]","(2.9, 3.0]",0.002702702702702703,205,210,2.9,3.0,"(0.55, 0.6]"
"(205, 210]","(3.0, 3.1]",0.002702702702702703,205,210,3.0,3.1,"(0.55, 0.6]"
"(205, 210]","(3.1, 3.2]",0.002702702702702703,205,210,3.1,3.2,"(0.55, 0.6]"
"(205, 210]","(3.4, 3.5]",0.0013513513513513514,205,210,3.4,3.5,"(0.55, 0.6]"
"(210, 215]","(1.6, 1.7]",0.0013513513513513514,210,215,1.6,1.7,"(0.55, 0.6]"
"(210, 215]","(2.0, 2.1]",0.0013513513513513514,210,215,2.0,2.1,"(0.55, 0.6]"
"(210, 215]","(2.3, 2.4]",0.0013513513513513514,210,215,2.3,2.4,"(0.55, 0.6]"
"(210, 215]","(2.6, 2.7]",0.0013513513513513514,210,215,2.6,2.7,"(0.55, 0.6]"
"(210, 215]","(2.9, 3.0]",0.0013513513513513514,210,215,2.9,3.0,"(0.55, 0.6]"
"(210, 215]","(3.1, 3.2]",0.002702702702702703,210,215,3.1,3.2,"(0.55, 0.6]"
"(210, 215]","(3.3, 3.4]",0.0013513513513513514,210,215,3.3,3.4,"(0.55, 0.6]"
"(210, 215]","(3.5, 3.6]",0.0013513513513513514,210,215,3.5,3.6,"(0.55, 0.6]"
"(215, 220]","(1.8, 1.9]",0.0013513513513513514,215,220,1.8,1.9,"(0.55, 0.6]"
"(215, 220]","(2.5, 2.6]",0.0013513513513513514,215,220,2.5,2.6,"(0.55, 0.6]"
"(215, 220]","(2.6, 2.7]",0.0013513513513513514,215,220,2.6,2.7,"(0.55, 0.6]"
"(215, 220]","(2.8, 2.9]",0.0013513513513513514,215,220,2.8,2.9,"(0.55, 0.6]"
"(215, 220]","(2.9, 3.0]",0.0013513513513513514,215,220,2.9,3.0,"(0.55, 0.6]"
"(215, 220]","(3.0, 3.1]",0.0013513513513513514,215,220,3.0,3.1,"(0.55, 0.6]"
"(215, 220]","(3.1, 3.2]",0.002702702702702703,215,220,3.1,3.2,"(0.55, 0.6]"
"(215, 220]","(3.5, 3.6]",0.0013513513513513514,215,220,3.5,3.6,"(0.55, 0.6]"
"(220, 225]","(2.2, 2.3]",0.0013513513513513514,220,225,2.2,2.3,"(0.55, 0.6]"
"(220, 225]","(2.3, 2.4]",0.002702702702702703,220,225,2.3,2.4,"(0.55, 0.6]"
"(220, 225]","(2.7, 2.8]",0.0013513513513513514,220,225,2.7,2.8,"(0.55, 0.6]"
"(220, 225]","(2.8, 2.9]",0.0013513513513513514,220,225,2.8,2.9,"(0.55, 0.6]"
"(220, 225]","(2.9, 3.0]",0.0013513513513513514,220,225,2.9,3.0,"(0.55, 0.6]"
"(220, 225]","(3.0, 3.1]",0.002702702702702703,220,225,3.0,3.1,"(0.55, 0.6]"
"(220, 225]","(3.2, 3.3]",0.0013513513513513514,220,225,3.2,3.3,"(0.55, 0.6]"
"(225, 230]","(2.7, 2.8]",0.0013513513513513514,225,230,2.7,2.8,"(0.55, 0.6]"
"(225, 230]","(2.8, 2.9]",0.004054054054054054,225,230,2.8,2.9,"(0.55, 0.6]"
"(225, 230]","(3.0, 3.1]",0.0013513513513513514,225,230,3.0,3.1,"(0.55, 0.6]"
"(225, 230]","(3.1, 3.2]",0.002702702702702703,225,230,3.1,3.2,"(0.55, 0.6]"
"(230, 235]","(2.2, 2.3]",0.0013513513513513514,230,235,2.2,2.3,"(0.55, 0.6]"
"(230, 235]","(2.5, 2.6]",0.0013513513513513514,230,235,2.5,2.6,"(0.55, 0.6]"
"(230, 235]","(2.7, 2.8]",0.0013513513513513514,230,235,2.7,2.8,"(0.55, 0.6]"
"(230, 235]","(3.1, 3.2]",0.0013513513513513514,230,235,3.1,3.2,"(0.55, 0.6]"
"(235, 240]","(2.7, 2.8]",0.002702702702702703,235,240,2.7,2.8,"(0.55, 0.6]"
"(235, 240]","(2.9, 3.0]",0.0013513513513513514,235,240,2.9,3.0,"(0.55, 0.6]"
"(235, 240]","(3.0, 3.1]",0.0013513513513513514,235,240,3.0,3.1,"(0.55, 0.6]"
"(235, 240]","(3.1, 3.2]",0.005405405405405406,235,240,3.1,3.2,"(0.55, 0.6]"
"(240, 245]","(2.3, 2.4]",0.0013513513513513514,240,245,2.3,2.4,"(0.55, 0.6]"
"(240, 245]","(2.4, 2.5]",0.0013513513513513514,240,245,2.4,2.5,"(0.55, 0.6]"
"(240, 245]","(2.5, 2.6]",0.0013513513513513514,240,245,2.5,2.6,"(0.55, 0.6]"
"(240, 245]","(2.7, 2.8]",0.0013513513513513514,240,245,2.7,2.8,"(0.55, 0.6]"
"(240, 245]","(3.2, 3.3]",0.0013513513513513514,240,245,3.2,3.3,"(0.55, 0.6]"
"(240, 245]","(3.4, 3.5]",0.0013513513513513514,240,245,3.4,3.5,"(0.55, 0.6]"
"(245, 250]","(2.8, 2.9]",0.002702702702702703,245,250,2.8,2.9,"(0.55, 0.6]"
"(245, 250]","(3.0, 3.1]",0.0013513513513513514,245,250,3.0,3.1,"(0.55, 0.6]"
"(245, 250]","(3.1, 3.2]",0.0013513513513513514,245,250,3.1,3.2,"(0.55, 0.6]"
"(245, 250]","(3.2, 3.3]",0.0013513513513513514,245,250,3.2,3.3,"(0.55, 0.6]"
"(250, 255]","(2.1, 2.2]",0.0013513513513513514,250,255,2.1,2.2,"(0.55, 0.6]"
"(250, 255]","(2.2, 2.3]",0.0013513513513513514,250,255,2.2,2.3,"(0.55, 0.6]"
"(250, 255]","(2.9, 3.0]",0.0013513513513513514,250,255,2.9,3.0,"(0.55, 0.6]"
"(250, 255]","(3.0, 3.1]",0.002702702702702703,250,255,3.0,3.1,"(0.55, 0.6]"
"(250, 255]","(3.3, 3.4]",0.0013513513513513514,250,255,3.3,3.4,"(0.55, 0.6]"
"(250, 255]","(3.4, 3.5]",0.0013513513513513514,250,255,3.4,3.5,"(0.55, 0.6]"
"(255, 260]","(3.0, 3.1]",0.0013513513513513514,255,260,3.0,3.1,"(0.55, 0.6]"
"(255, 260]","(3.1, 3.2]",0.0013513513513513514,255,260,3.1,3.2,"(0.55, 0.6]"
"(260, 265]","(3.0, 3.1]",0.004054054054054054,260,265,3.0,3.1,"(0.55, 0.6]"
"(260, 265]","(3.1, 3.2]",0.002702702702702703,260,265,3.1,3.2,"(0.55, 0.6]"
"(265, 270]","(2.3, 2.4]",0.0013513513513513514,265,270,2.3,2.4,"(0.55, 0.6]"
"(265, 270]","(3.0, 3.1]",0.002702702702702703,265,270,3.0,3.1,"(0.55, 0.6]"
"(265, 270]","(3.1, 3.2]",0.0013513513513513514,265,270,3.1,3.2,"(0.55, 0.6]"
"(270, 275]","(3.2, 3.3]",0.0013513513513513514,270,275,3.2,3.3,"(0.55, 0.6]"
"(270, 275]","(3.3, 3.4]",0.002702702702702703,270,275,3.3,3.4,"(0.55, 0.6]"
"(275, 280]","(3.1, 3.2]",0.004054054054054054,275,280,3.1,3.2,"(0.55, 0.6]"
"(275, 280]","(3.4, 3.5]",0.0013513513513513514,275,280,3.4,3.5,"(0.55, 0.6]"
"(280, 285]","(3.1, 3.2]",0.0013513513513513514,280,285,3.1,3.2,"(0.55, 0.6]"
"(285, 290]","(3.1, 3.2]",0.0013513513513513514,285,290,3.1,3.2,"(0.55, 0.6]"
"(290, 295]","(2.1, 2.2]",0.0013513513513513514,290,295,2.1,2.2,"(0.55, 0.6]"
"(290, 295]","(2.4, 2.5]",0.0013513513513513514,290,295,2.4,2.5,"(0.55, 0.6]"
"(290, 295]","(2.9, 3.0]",0.0013513513513513514,290,295,2.9,3.0,"(0.55, 0.6]"
"(310, 315]","(3.0, 3.1]",0.0013513513513513514,310,315,3.0,3.1,"(0.55, 0.6]"
"(320, 325]","(3.1, 3.2]",0.002702702702702703,320,325,3.1,3.2,"(0.55, 0.6]"
"(340, 345]","(2.3, 2.4]",0.0013513513513513514,340,345,2.3,2.4,"(0.55, 0.6]"
"(350, 355]","(2.8, 2.9]",0.0013513513513513514,350,355,2.8,2.9,"(0.55, 0.6]"
"(355, 360]","(2.8, 2.9]",0.0013513513513513514,355,360,2.8,2.9,"(0.55, 0.6]"
"(380, 385]","(2.5, 2.6]",0.0013513513513513514,380,385,2.5,2.6,"(0.55, 0.6]"
"(395, 400]","(3.3, 3.4]",0.0013513513513513514,395,400,3.3,3.4,"(0.55, 0.6]"
"(410, 415]","(3.5, 3.6]",0.0013513513513513514,410,415,3.5,3.6,"(0.55, 0.6]"
"(50, 55]","(-3.4, -3.3]",0.0010976948408342481,50,55,-3.4,-3.3,"(0.6, 0.65]"
"(70, 75]","(-1.7, -1.6]",0.003293084522502744,70,75,-1.7,-1.6,"(0.6, 0.65]"
"(75, 80]","(-0.7, -0.6]",0.0010976948408342481,75,80,-0.7,-0.6,"(0.6, 0.65]"
"(80, 85]","(-0.6, -0.5]",0.0021953896816684962,80,85,-0.6,-0.5,"(0.6, 0.65]"
"(80, 85]","(-0.5, -0.4]",0.0010976948408342481,80,85,-0.5,-0.4,"(0.6, 0.65]"
"(80, 85]","(-0.4, -0.3]",0.0010976948408342481,80,85,-0.4,-0.3,"(0.6, 0.65]"
"(80, 85]","(0.0, 0.1]",0.0021953896816684962,80,85,0.0,0.1,"(0.6, 0.65]"
"(80, 85]","(0.4, 0.5]",0.0010976948408342481,80,85,0.4,0.5,"(0.6, 0.65]"
"(85, 90]","(-0.5, -0.4]",0.0010976948408342481,85,90,-0.5,-0.4,"(0.6, 0.65]"
"(85, 90]","(-0.3, -0.2]",0.0010976948408342481,85,90,-0.3,-0.2,"(0.6, 0.65]"
"(85, 90]","(-0.2, -0.1]",0.0010976948408342481,85,90,-0.2,-0.1,"(0.6, 0.65]"
"(85, 90]","(-0.1, 0.0]",0.003293084522502744,85,90,-0.1,0.0,"(0.6, 0.65]"
"(85, 90]","(0.0, 0.1]",0.007683863885839737,85,90,0.0,0.1,"(0.6, 0.65]"
"(85, 90]","(0.1, 0.2]",0.007683863885839737,85,90,0.1,0.2,"(0.6, 0.65]"
"(85, 90]","(0.2, 0.3]",0.0010976948408342481,85,90,0.2,0.3,"(0.6, 0.65]"
"(85, 90]","(0.4, 0.5]",0.0010976948408342481,85,90,0.4,0.5,"(0.6, 0.65]"
"(85, 90]","(0.5, 0.6]",0.0021953896816684962,85,90,0.5,0.6,"(0.6, 0.65]"
"(90, 95]","(0.1, 0.2]",0.0021953896816684962,90,95,0.1,0.2,"(0.6, 0.65]"
"(90, 95]","(0.4, 0.5]",0.0010976948408342481,90,95,0.4,0.5,"(0.6, 0.65]"
"(90, 95]","(0.5, 0.6]",0.0010976948408342481,90,95,0.5,0.6,"(0.6, 0.65]"
"(90, 95]","(0.6, 0.7]",0.0010976948408342481,90,95,0.6,0.7,"(0.6, 0.65]"
"(90, 95]","(0.7, 0.8]",0.0010976948408342481,90,95,0.7,0.8,"(0.6, 0.65]"
"(90, 95]","(0.8, 0.9]",0.0010976948408342481,90,95,0.8,0.9,"(0.6, 0.65]"
"(90, 95]","(1.0, 1.1]",0.0021953896816684962,90,95,1.0,1.1,"(0.6, 0.65]"
"(90, 95]","(1.1, 1.2]",0.0043907793633369925,90,95,1.1,1.2,"(0.6, 0.65]"
"(90, 95]","(1.3, 1.4]",0.0010976948408342481,90,95,1.3,1.4,"(0.6, 0.65]"
"(90, 95]","(1.4, 1.5]",0.0010976948408342481,90,95,1.4,1.5,"(0.6, 0.65]"
"(90, 95]","(1.5, 1.6]",0.0010976948408342481,90,95,1.5,1.6,"(0.6, 0.65]"
"(90, 95]","(1.6, 1.7]",0.003293084522502744,90,95,1.6,1.7,"(0.6, 0.65]"
"(95, 100]","(0.5, 0.6]",0.0010976948408342481,95,100,0.5,0.6,"(0.6, 0.65]"
"(95, 100]","(0.6, 0.7]",0.0010976948408342481,95,100,0.6,0.7,"(0.6, 0.65]"
"(95, 100]","(0.8, 0.9]",0.0010976948408342481,95,100,0.8,0.9,"(0.6, 0.65]"
"(95, 100]","(0.9, 1.0]",0.0010976948408342481,95,100,0.9,1.0,"(0.6, 0.65]"
"(95, 100]","(1.1, 1.2]",0.005488474204171241,95,100,1.1,1.2,"(0.6, 0.65]"
"(95, 100]","(1.3, 1.4]",0.0010976948408342481,95,100,1.3,1.4,"(0.6, 0.65]"
"(95, 100]","(1.5, 1.6]",0.0021953896816684962,95,100,1.5,1.6,"(0.6, 0.65]"
"(95, 100]","(1.7, 1.8]",0.0010976948408342481,95,100,1.7,1.8,"(0.6, 0.65]"
"(95, 100]","(1.8, 1.9]",0.0010976948408342481,95,100,1.8,1.9,"(0.6, 0.65]"
"(95, 100]","(1.9, 2.0]",0.0010976948408342481,95,100,1.9,2.0,"(0.6, 0.65]"
"(95, 100]","(2.0, 2.1]",0.003293084522502744,95,100,2.0,2.1,"(0.6, 0.65]"
"(95, 100]","(2.1, 2.2]",0.0021953896816684962,95,100,2.1,2.2,"(0.6, 0.65]"
"(95, 100]","(2.2, 2.3]",0.0010976948408342481,95,100,2.2,2.3,"(0.6, 0.65]"
"(95, 100]","(2.3, 2.4]",0.0010976948408342481,95,100,2.3,2.4,"(0.6, 0.65]"
"(100, 105]","(0.4, 0.5]",0.0010976948408342481,100,105,0.4,0.5,"(0.6, 0.65]"
"(100, 105]","(0.8, 0.9]",0.0010976948408342481,100,105,0.8,0.9,"(0.6, 0.65]"
"(100, 105]","(0.9, 1.0]",0.0010976948408342481,100,105,0.9,1.0,"(0.6, 0.65]"
"(100, 105]","(1.3, 1.4]",0.0010976948408342481,100,105,1.3,1.4,"(0.6, 0.65]"
"(100, 105]","(2.0, 2.1]",0.005488474204171241,100,105,2.0,2.1,"(0.6, 0.65]"
"(100, 105]","(2.2, 2.3]",0.0021953896816684962,100,105,2.2,2.3,"(0.6, 0.65]"
"(100, 105]","(2.3, 2.4]",0.005488474204171241,100,105,2.3,2.4,"(0.6, 0.65]"
"(100, 105]","(2.4, 2.5]",0.0010976948408342481,100,105,2.4,2.5,"(0.6, 0.65]"
"(100, 105]","(2.5, 2.6]",0.003293084522502744,100,105,2.5,2.6,"(0.6, 0.65]"
"(100, 105]","(2.6, 2.7]",0.0021953896816684962,100,105,2.6,2.7,"(0.6, 0.65]"
"(100, 105]","(2.7, 2.8]",0.0010976948408342481,100,105,2.7,2.8,"(0.6, 0.65]"
"(100, 105]","(2.8, 2.9]",0.008781558726673985,100,105,2.8,2.9,"(0.6, 0.65]"
"(100, 105]","(2.9, 3.0]",0.005488474204171241,100,105,2.9,3.0,"(0.6, 0.65]"
"(105, 110]","(1.1, 1.2]",0.0010976948408342481,105,110,1.1,1.2,"(0.6, 0.65]"
"(105, 110]","(2.4, 2.5]",0.0010976948408342481,105,110,2.4,2.5,"(0.6, 0.65]"
"(105, 110]","(2.6, 2.7]",0.0010976948408342481,105,110,2.6,2.7,"(0.6, 0.65]"
"(105, 110]","(2.7, 2.8]",0.0010976948408342481,105,110,2.7,2.8,"(0.6, 0.65]"
"(105, 110]","(2.8, 2.9]",0.0043907793633369925,105,110,2.8,2.9,"(0.6, 0.65]"
"(105, 110]","(2.9, 3.0]",0.007683863885839737,105,110,2.9,3.0,"(0.6, 0.65]"
"(105, 110]","(3.1, 3.2]",0.0021953896816684962,105,110,3.1,3.2,"(0.6, 0.65]"
"(110, 115]","(1.4, 1.5]",0.0010976948408342481,110,115,1.4,1.5,"(0.6, 0.65]"
"(110, 115]","(1.8, 1.9]",0.0010976948408342481,110,115,1.8,1.9,"(0.6, 0.65]"
"(110, 115]","(2.0, 2.1]",0.003293084522502744,110,115,2.0,2.1,"(0.6, 0.65]"
"(110, 115]","(2.1, 2.2]",0.0021953896816684962,110,115,2.1,2.2,"(0.6, 0.65]"
"(110, 115]","(2.2, 2.3]",0.012074643249176729,110,115,2.2,2.3,"(0.6, 0.65]"
"(110, 115]","(2.3, 2.4]",0.005488474204171241,110,115,2.3,2.4,"(0.6, 0.65]"
"(110, 115]","(2.5, 2.6]",0.0021953896816684962,110,115,2.5,2.6,"(0.6, 0.65]"
"(110, 115]","(2.7, 2.8]",0.003293084522502744,110,115,2.7,2.8,"(0.6, 0.65]"
"(110, 115]","(2.8, 2.9]",0.005488474204171241,110,115,2.8,2.9,"(0.6, 0.65]"
"(110, 115]","(2.9, 3.0]",0.0021953896816684962,110,115,2.9,3.0,"(0.6, 0.65]"
"(110, 115]","(3.0, 3.1]",0.0010976948408342481,110,115,3.0,3.1,"(0.6, 0.65]"
"(110, 115]","(3.1, 3.2]",0.0010976948408342481,110,115,3.1,3.2,"(0.6, 0.65]"
"(110, 115]","(3.2, 3.3]",0.0010976948408342481,110,115,3.2,3.3,"(0.6, 0.65]"
"(115, 120]","(1.4, 1.5]",0.0010976948408342481,115,120,1.4,1.5,"(0.6, 0.65]"
"(115, 120]","(1.8, 1.9]",0.0010976948408342481,115,120,1.8,1.9,"(0.6, 0.65]"
"(115, 120]","(1.9, 2.0]",0.003293084522502744,115,120,1.9,2.0,"(0.6, 0.65]"
"(115, 120]","(2.0, 2.1]",0.006586169045005488,115,120,2.0,2.1,"(0.6, 0.65]"
"(115, 120]","(2.1, 2.2]",0.003293084522502744,115,120,2.1,2.2,"(0.6, 0.65]"
"(115, 120]","(2.2, 2.3]",0.005488474204171241,115,120,2.2,2.3,"(0.6, 0.65]"
"(115, 120]","(2.3, 2.4]",0.005488474204171241,115,120,2.3,2.4,"(0.6, 0.65]"
"(115, 120]","(2.5, 2.6]",0.0021953896816684962,115,120,2.5,2.6,"(0.6, 0.65]"
"(115, 120]","(2.6, 2.7]",0.003293084522502744,115,120,2.6,2.7,"(0.6, 0.65]"
"(115, 120]","(2.7, 2.8]",0.0021953896816684962,115,120,2.7,2.8,"(0.6, 0.65]"
"(115, 120]","(2.8, 2.9]",0.012074643249176729,115,120,2.8,2.9,"(0.6, 0.65]"
"(115, 120]","(2.9, 3.0]",0.010976948408342482,115,120,2.9,3.0,"(0.6, 0.65]"
"(115, 120]","(3.0, 3.1]",0.0043907793633369925,115,120,3.0,3.1,"(0.6, 0.65]"
"(115, 120]","(3.2, 3.3]",0.0010976948408342481,115,120,3.2,3.3,"(0.6, 0.65]"
"(115, 120]","(3.4, 3.5]",0.0010976948408342481,115,120,3.4,3.5,"(0.6, 0.65]"
"(120, 125]","(1.1, 1.2]",0.0010976948408342481,120,125,1.1,1.2,"(0.6, 0.65]"
"(120, 125]","(1.4, 1.5]",0.003293084522502744,120,125,1.4,1.5,"(0.6, 0.65]"
"(120, 125]","(1.8, 1.9]",0.0010976948408342481,120,125,1.8,1.9,"(0.6, 0.65]"
"(120, 125]","(1.9, 2.0]",0.003293084522502744,120,125,1.9,2.0,"(0.6, 0.65]"
"(120, 125]","(2.0, 2.1]",0.0021953896816684962,120,125,2.0,2.1,"(0.6, 0.65]"
"(120, 125]","(2.1, 2.2]",0.005488474204171241,120,125,2.1,2.2,"(0.6, 0.65]"
"(120, 125]","(2.2, 2.3]",0.0010976948408342481,120,125,2.2,2.3,"(0.6, 0.65]"
"(120, 125]","(2.3, 2.4]",0.0010976948408342481,120,125,2.3,2.4,"(0.6, 0.65]"
"(120, 125]","(2.4, 2.5]",0.005488474204171241,120,125,2.4,2.5,"(0.6, 0.65]"
"(120, 125]","(2.5, 2.6]",0.0021953896816684962,120,125,2.5,2.6,"(0.6, 0.65]"
"(120, 125]","(2.6, 2.7]",0.0010976948408342481,120,125,2.6,2.7,"(0.6, 0.65]"
"(120, 125]","(2.7, 2.8]",0.005488474204171241,120,125,2.7,2.8,"(0.6, 0.65]"
"(120, 125]","(2.8, 2.9]",0.008781558726673985,120,125,2.8,2.9,"(0.6, 0.65]"
"(120, 125]","(2.9, 3.0]",0.010976948408342482,120,125,2.9,3.0,"(0.6, 0.65]"
"(120, 125]","(3.0, 3.1]",0.006586169045005488,120,125,3.0,3.1,"(0.6, 0.65]"
"(120, 125]","(3.1, 3.2]",0.0010976948408342481,120,125,3.1,3.2,"(0.6, 0.65]"
"(120, 125]","(3.2, 3.3]",0.0010976948408342481,120,125,3.2,3.3,"(0.6, 0.65]"
"(120, 125]","(3.3, 3.4]",0.0010976948408342481,120,125,3.3,3.4,"(0.6, 0.65]"
"(120, 125]","(3.4, 3.5]",0.003293084522502744,120,125,3.4,3.5,"(0.6, 0.65]"
"(125, 130]","(1.3, 1.4]",0.0010976948408342481,125,130,1.3,1.4,"(0.6, 0.65]"
"(125, 130]","(1.9, 2.0]",0.0021953896816684962,125,130,1.9,2.0,"(0.6, 0.65]"
"(125, 130]","(2.0, 2.1]",0.0010976948408342481,125,130,2.0,2.1,"(0.6, 0.65]"
"(125, 130]","(2.1, 2.2]",0.005488474204171241,125,130,2.1,2.2,"(0.6, 0.65]"
"(125, 130]","(2.2, 2.3]",0.005488474204171241,125,130,2.2,2.3,"(0.6, 0.65]"
"(125, 130]","(2.3, 2.4]",0.006586169045005488,125,130,2.3,2.4,"(0.6, 0.65]"
"(125, 130]","(2.4, 2.5]",0.003293084522502744,125,130,2.4,2.5,"(0.6, 0.65]"
"(125, 130]","(2.5, 2.6]",0.0010976948408342481,125,130,2.5,2.6,"(0.6, 0.65]"
"(125, 130]","(2.6, 2.7]",0.0021953896816684962,125,130,2.6,2.7,"(0.6, 0.65]"
"(125, 130]","(2.7, 2.8]",0.0021953896816684962,125,130,2.7,2.8,"(0.6, 0.65]"
"(125, 130]","(2.8, 2.9]",0.0021953896816684962,125,130,2.8,2.9,"(0.6, 0.65]"
"(125, 130]","(2.9, 3.0]",0.0021953896816684962,125,130,2.9,3.0,"(0.6, 0.65]"
"(125, 130]","(3.0, 3.1]",0.0021953896816684962,125,130,3.0,3.1,"(0.6, 0.65]"
"(125, 130]","(3.3, 3.4]",0.0010976948408342481,125,130,3.3,3.4,"(0.6, 0.65]"
"(130, 135]","(1.3, 1.4]",0.0021953896816684962,130,135,1.3,1.4,"(0.6, 0.65]"
"(130, 135]","(1.6, 1.7]",0.003293084522502744,130,135,1.6,1.7,"(0.6, 0.65]"
"(130, 135]","(1.7, 1.8]",0.0010976948408342481,130,135,1.7,1.8,"(0.6, 0.65]"
"(130, 135]","(1.8, 1.9]",0.0021953896816684962,130,135,1.8,1.9,"(0.6, 0.65]"
"(130, 135]","(1.9, 2.0]",0.0021953896816684962,130,135,1.9,2.0,"(0.6, 0.65]"
"(130, 135]","(2.0, 2.1]",0.0043907793633369925,130,135,2.0,2.1,"(0.6, 0.65]"
"(130, 135]","(2.1, 2.2]",0.0021953896816684962,130,135,2.1,2.2,"(0.6, 0.65]"
"(130, 135]","(2.2, 2.3]",0.007683863885839737,130,135,2.2,2.3,"(0.6, 0.65]"
"(130, 135]","(2.3, 2.4]",0.008781558726673985,130,135,2.3,2.4,"(0.6, 0.65]"
"(130, 135]","(2.4, 2.5]",0.005488474204171241,130,135,2.4,2.5,"(0.6, 0.65]"
"(130, 135]","(2.5, 2.6]",0.0010976948408342481,130,135,2.5,2.6,"(0.6, 0.65]"
"(130, 135]","(2.7, 2.8]",0.003293084522502744,130,135,2.7,2.8,"(0.6, 0.65]"
"(130, 135]","(2.9, 3.0]",0.0010976948408342481,130,135,2.9,3.0,"(0.6, 0.65]"
"(130, 135]","(3.0, 3.1]",0.0010976948408342481,130,135,3.0,3.1,"(0.6, 0.65]"
"(130, 135]","(3.1, 3.2]",0.0010976948408342481,130,135,3.1,3.2,"(0.6, 0.65]"
"(130, 135]","(3.4, 3.5]",0.0010976948408342481,130,135,3.4,3.5,"(0.6, 0.65]"
"(135, 140]","(1.6, 1.7]",0.0010976948408342481,135,140,1.6,1.7,"(0.6, 0.65]"
"(135, 140]","(1.8, 1.9]",0.0021953896816684962,135,140,1.8,1.9,"(0.6, 0.65]"
"(135, 140]","(1.9, 2.0]",0.0010976948408342481,135,140,1.9,2.0,"(0.6, 0.65]"
"(135, 140]","(2.0, 2.1]",0.0010976948408342481,135,140,2.0,2.1,"(0.6, 0.65]"
"(135, 140]","(2.1, 2.2]",0.0021953896816684962,135,140,2.1,2.2,"(0.6, 0.65]"
"(135, 140]","(2.2, 2.3]",0.003293084522502744,135,140,2.2,2.3,"(0.6, 0.65]"
"(135, 140]","(2.3, 2.4]",0.003293084522502744,135,140,2.3,2.4,"(0.6, 0.65]"
"(135, 140]","(2.5, 2.6]",0.0010976948408342481,135,140,2.5,2.6,"(0.6, 0.65]"
"(135, 140]","(2.6, 2.7]",0.0010976948408342481,135,140,2.6,2.7,"(0.6, 0.65]"
"(135, 140]","(2.7, 2.8]",0.003293084522502744,135,140,2.7,2.8,"(0.6, 0.65]"
"(135, 140]","(2.8, 2.9]",0.003293084522502744,135,140,2.8,2.9,"(0.6, 0.65]"
"(135, 140]","(2.9, 3.0]",0.005488474204171241,135,140,2.9,3.0,"(0.6, 0.65]"
"(135, 140]","(3.0, 3.1]",0.005488474204171241,135,140,3.0,3.1,"(0.6, 0.65]"
"(135, 140]","(3.2, 3.3]",0.0010976948408342481,135,140,3.2,3.3,"(0.6, 0.65]"
"(135, 140]","(3.3, 3.4]",0.003293084522502744,135,140,3.3,3.4,"(0.6, 0.65]"
"(135, 140]","(3.4, 3.5]",0.0010976948408342481,135,140,3.4,3.5,"(0.6, 0.65]"
"(140, 145]","(1.3, 1.4]",0.0010976948408342481,140,145,1.3,1.4,"(0.6, 0.65]"
"(140, 145]","(1.5, 1.6]",0.0010976948408342481,140,145,1.5,1.6,"(0.6, 0.65]"
"(140, 145]","(1.6, 1.7]",0.0021953896816684962,140,145,1.6,1.7,"(0.6, 0.65]"
"(140, 145]","(1.7, 1.8]",0.0010976948408342481,140,145,1.7,1.8,"(0.6, 0.65]"
"(140, 145]","(1.8, 1.9]",0.0010976948408342481,140,145,1.8,1.9,"(0.6, 0.65]"
"(140, 145]","(1.9, 2.0]",0.0010976948408342481,140,145,1.9,2.0,"(0.6, 0.65]"
"(140, 145]","(2.0, 2.1]",0.0010976948408342481,140,145,2.0,2.1,"(0.6, 0.65]"
"(140, 145]","(2.3, 2.4]",0.0010976948408342481,140,145,2.3,2.4,"(0.6, 0.65]"
"(140, 145]","(2.4, 2.5]",0.0010976948408342481,140,145,2.4,2.5,"(0.6, 0.65]"
"(140, 145]","(2.6, 2.7]",0.0010976948408342481,140,145,2.6,2.7,"(0.6, 0.65]"
"(140, 145]","(2.7, 2.8]",0.0021953896816684962,140,145,2.7,2.8,"(0.6, 0.65]"
"(140, 145]","(2.8, 2.9]",0.003293084522502744,140,145,2.8,2.9,"(0.6, 0.65]"
"(140, 145]","(2.9, 3.0]",0.003293084522502744,140,145,2.9,3.0,"(0.6, 0.65]"
"(140, 145]","(3.0, 3.1]",0.0043907793633369925,140,145,3.0,3.1,"(0.6, 0.65]"
"(140, 145]","(3.1, 3.2]",0.005488474204171241,140,145,3.1,3.2,"(0.6, 0.65]"
"(140, 145]","(3.2, 3.3]",0.0010976948408342481,140,145,3.2,3.3,"(0.6, 0.65]"
"(140, 145]","(3.3, 3.4]",0.003293084522502744,140,145,3.3,3.4,"(0.6, 0.65]"
"(140, 145]","(3.4, 3.5]",0.006586169045005488,140,145,3.4,3.5,"(0.6, 0.65]"
"(140, 145]","(3.5, 3.6]",0.0021953896816684962,140,145,3.5,3.6,"(0.6, 0.65]"
"(145, 150]","(1.8, 1.9]",0.0010976948408342481,145,150,1.8,1.9,"(0.6, 0.65]"
"(145, 150]","(2.2, 2.3]",0.003293084522502744,145,150,2.2,2.3,"(0.6, 0.65]"
"(145, 150]","(2.3, 2.4]",0.0010976948408342481,145,150,2.3,2.4,"(0.6, 0.65]"
"(145, 150]","(2.5, 2.6]",0.0021953896816684962,145,150,2.5,2.6,"(0.6, 0.65]"
"(145, 150]","(2.6, 2.7]",0.003293084522502744,145,150,2.6,2.7,"(0.6, 0.65]"
"(145, 150]","(2.7, 2.8]",0.0010976948408342481,145,150,2.7,2.8,"(0.6, 0.65]"
"(145, 150]","(2.8, 2.9]",0.0043907793633369925,145,150,2.8,2.9,"(0.6, 0.65]"
"(145, 150]","(2.9, 3.0]",0.009879253567508232,145,150,2.9,3.0,"(0.6, 0.65]"
"(145, 150]","(3.0, 3.1]",0.010976948408342482,145,150,3.0,3.1,"(0.6, 0.65]"
"(145, 150]","(3.1, 3.2]",0.003293084522502744,145,150,3.1,3.2,"(0.6, 0.65]"
"(145, 150]","(3.2, 3.3]",0.0010976948408342481,145,150,3.2,3.3,"(0.6, 0.65]"
"(145, 150]","(3.3, 3.4]",0.0010976948408342481,145,150,3.3,3.4,"(0.6, 0.65]"
"(145, 150]","(3.4, 3.5]",0.0010976948408342481,145,150,3.4,3.5,"(0.6, 0.65]"
"(150, 155]","(2.0, 2.1]",0.0010976948408342481,150,155,2.0,2.1,"(0.6, 0.65]"
"(150, 155]","(2.1, 2.2]",0.006586169045005488,150,155,2.1,2.2,"(0.6, 0.65]"
"(150, 155]","(2.3, 2.4]",0.006586169045005488,150,155,2.3,2.4,"(0.6, 0.65]"
"(150, 155]","(2.4, 2.5]",0.0021953896816684962,150,155,2.4,2.5,"(0.6, 0.65]"
"(150, 155]","(2.5, 2.6]",0.0010976948408342481,150,155,2.5,2.6,"(0.6, 0.65]"
"(150, 155]","(2.7, 2.8]",0.0021953896816684962,150,155,2.7,2.8,"(0.6, 0.65]"
"(150, 155]","(2.8, 2.9]",0.003293084522502744,150,155,2.8,2.9,"(0.6, 0.65]"
"(150, 155]","(2.9, 3.0]",0.006586169045005488,150,155,2.9,3.0,"(0.6, 0.65]"
"(150, 155]","(3.0, 3.1]",0.0043907793633369925,150,155,3.0,3.1,"(0.6, 0.65]"
"(150, 155]","(3.1, 3.2]",0.003293084522502744,150,155,3.1,3.2,"(0.6, 0.65]"
"(155, 160]","(0.9, 1.0]",0.0010976948408342481,155,160,0.9,1.0,"(0.6, 0.65]"
"(155, 160]","(1.7, 1.8]",0.0010976948408342481,155,160,1.7,1.8,"(0.6, 0.65]"
"(155, 160]","(2.1, 2.2]",0.007683863885839737,155,160,2.1,2.2,"(0.6, 0.65]"
"(155, 160]","(2.2, 2.3]",0.003293084522502744,155,160,2.2,2.3,"(0.6, 0.65]"
"(155, 160]","(2.3, 2.4]",0.007683863885839737,155,160,2.3,2.4,"(0.6, 0.65]"
"(155, 160]","(2.4, 2.5]",0.003293084522502744,155,160,2.4,2.5,"(0.6, 0.65]"
"(155, 160]","(2.5, 2.6]",0.0021953896816684962,155,160,2.5,2.6,"(0.6, 0.65]"
"(155, 160]","(2.6, 2.7]",0.0021953896816684962,155,160,2.6,2.7,"(0.6, 0.65]"
"(155, 160]","(2.7, 2.8]",0.0010976948408342481,155,160,2.7,2.8,"(0.6, 0.65]"
"(155, 160]","(2.8, 2.9]",0.0043907793633369925,155,160,2.8,2.9,"(0.6, 0.65]"
"(155, 160]","(2.9, 3.0]",0.0021953896816684962,155,160,2.9,3.0,"(0.6, 0.65]"
"(155, 160]","(3.0, 3.1]",0.0043907793633369925,155,160,3.0,3.1,"(0.6, 0.65]"
"(155, 160]","(3.1, 3.2]",0.0043907793633369925,155,160,3.1,3.2,"(0.6, 0.65]"
"(155, 160]","(3.2, 3.3]",0.0010976948408342481,155,160,3.2,3.3,"(0.6, 0.65]"
"(155, 160]","(3.4, 3.5]",0.0010976948408342481,155,160,3.4,3.5,"(0.6, 0.65]"
"(155, 160]","(3.6, 3.7]",0.0010976948408342481,155,160,3.6,3.7,"(0.6, 0.65]"
"(160, 165]","(1.7, 1.8]",0.0010976948408342481,160,165,1.7,1.8,"(0.6, 0.65]"
"(160, 165]","(1.8, 1.9]",0.0021953896816684962,160,165,1.8,1.9,"(0.6, 0.65]"
"(160, 165]","(2.1, 2.2]",0.007683863885839737,160,165,2.1,2.2,"(0.6, 0.65]"
"(160, 165]","(2.2, 2.3]",0.008781558726673985,160,165,2.2,2.3,"(0.6, 0.65]"
"(160, 165]","(2.3, 2.4]",0.009879253567508232,160,165,2.3,2.4,"(0.6, 0.65]"
"(160, 165]","(2.4, 2.5]",0.0010976948408342481,160,165,2.4,2.5,"(0.6, 0.65]"
"(160, 165]","(2.6, 2.7]",0.0021953896816684962,160,165,2.6,2.7,"(0.6, 0.65]"
"(160, 165]","(2.7, 2.8]",0.0021953896816684962,160,165,2.7,2.8,"(0.6, 0.65]"
"(160, 165]","(2.8, 2.9]",0.0021953896816684962,160,165,2.8,2.9,"(0.6, 0.65]"
"(160, 165]","(2.9, 3.0]",0.0010976948408342481,160,165,2.9,3.0,"(0.6, 0.65]"
"(160, 165]","(3.0, 3.1]",0.0021953896816684962,160,165,3.0,3.1,"(0.6, 0.65]"
"(160, 165]","(3.1, 3.2]",0.0021953896816684962,160,165,3.1,3.2,"(0.6, 0.65]"
"(160, 165]","(3.3, 3.4]",0.0021953896816684962,160,165,3.3,3.4,"(0.6, 0.65]"
"(160, 165]","(3.4, 3.5]",0.0010976948408342481,160,165,3.4,3.5,"(0.6, 0.65]"
"(165, 170]","(1.3, 1.4]",0.0010976948408342481,165,170,1.3,1.4,"(0.6, 0.65]"
"(165, 170]","(1.5, 1.6]",0.0021953896816684962,165,170,1.5,1.6,"(0.6, 0.65]"
"(165, 170]","(1.9, 2.0]",0.0010976948408342481,165,170,1.9,2.0,"(0.6, 0.65]"
"(165, 170]","(2.0, 2.1]",0.0043907793633369925,165,170,2.0,2.1,"(0.6, 0.65]"
"(165, 170]","(2.1, 2.2]",0.005488474204171241,165,170,2.1,2.2,"(0.6, 0.65]"
"(165, 170]","(2.2, 2.3]",0.0021953896816684962,165,170,2.2,2.3,"(0.6, 0.65]"
"(165, 170]","(2.3, 2.4]",0.006586169045005488,165,170,2.3,2.4,"(0.6, 0.65]"
"(165, 170]","(2.4, 2.5]",0.0043907793633369925,165,170,2.4,2.5,"(0.6, 0.65]"
"(165, 170]","(2.6, 2.7]",0.0010976948408342481,165,170,2.6,2.7,"(0.6, 0.65]"
"(165, 170]","(3.0, 3.1]",0.0043907793633369925,165,170,3.0,3.1,"(0.6, 0.65]"
"(165, 170]","(3.1, 3.2]",0.007683863885839737,165,170,3.1,3.2,"(0.6, 0.65]"
"(165, 170]","(3.4, 3.5]",0.0021953896816684962,165,170,3.4,3.5,"(0.6, 0.65]"
"(165, 170]","(3.5, 3.6]",0.0021953896816684962,165,170,3.5,3.6,"(0.6, 0.65]"
"(170, 175]","(1.5, 1.6]",0.0010976948408342481,170,175,1.5,1.6,"(0.6, 0.65]"
"(170, 175]","(1.7, 1.8]",0.0010976948408342481,170,175,1.7,1.8,"(0.6, 0.65]"
"(170, 175]","(1.9, 2.0]",0.0021953896816684962,170,175,1.9,2.0,"(0.6, 0.65]"
"(170, 175]","(2.0, 2.1]",0.0010976948408342481,170,175,2.0,2.1,"(0.6, 0.65]"
"(170, 175]","(2.2, 2.3]",0.0021953896816684962,170,175,2.2,2.3,"(0.6, 0.65]"
"(170, 175]","(2.3, 2.4]",0.003293084522502744,170,175,2.3,2.4,"(0.6, 0.65]"
"(170, 175]","(2.8, 2.9]",0.0010976948408342481,170,175,2.8,2.9,"(0.6, 0.65]"
"(170, 175]","(2.9, 3.0]",0.0043907793633369925,170,175,2.9,3.0,"(0.6, 0.65]"
"(170, 175]","(3.0, 3.1]",0.007683863885839737,170,175,3.0,3.1,"(0.6, 0.65]"
"(170, 175]","(3.1, 3.2]",0.007683863885839737,170,175,3.1,3.2,"(0.6, 0.65]"
"(170, 175]","(3.2, 3.3]",0.0021953896816684962,170,175,3.2,3.3,"(0.6, 0.65]"
"(170, 175]","(3.3, 3.4]",0.0043907793633369925,170,175,3.3,3.4,"(0.6, 0.65]"
"(170, 175]","(3.4, 3.5]",0.003293084522502744,170,175,3.4,3.5,"(0.6, 0.65]"
"(170, 175]","(3.5, 3.6]",0.0021953896816684962,170,175,3.5,3.6,"(0.6, 0.65]"
"(175, 180]","(2.1, 2.2]",0.0010976948408342481,175,180,2.1,2.2,"(0.6, 0.65]"
"(175, 180]","(2.2, 2.3]",0.0010976948408342481,175,180,2.2,2.3,"(0.6, 0.65]"
"(175, 180]","(2.3, 2.4]",0.0010976948408342481,175,180,2.3,2.4,"(0.6, 0.65]"
"(175, 180]","(2.5, 2.6]",0.0010976948408342481,175,180,2.5,2.6,"(0.6, 0.65]"
"(175, 180]","(2.6, 2.7]",0.0021953896816684962,175,180,2.6,2.7,"(0.6, 0.65]"
"(175, 180]","(2.7, 2.8]",0.0010976948408342481,175,180,2.7,2.8,"(0.6, 0.65]"
"(175, 180]","(2.8, 2.9]",0.003293084522502744,175,180,2.8,2.9,"(0.6, 0.65]"
"(175, 180]","(2.9, 3.0]",0.0043907793633369925,175,180,2.9,3.0,"(0.6, 0.65]"
"(175, 180]","(3.0, 3.1]",0.007683863885839737,175,180,3.0,3.1,"(0.6, 0.65]"
"(175, 180]","(3.1, 3.2]",0.010976948408342482,175,180,3.1,3.2,"(0.6, 0.65]"
"(175, 180]","(3.2, 3.3]",0.0021953896816684962,175,180,3.2,3.3,"(0.6, 0.65]"
"(175, 180]","(3.4, 3.5]",0.0021953896816684962,175,180,3.4,3.5,"(0.6, 0.65]"
"(180, 185]","(1.9, 2.0]",0.0021953896816684962,180,185,1.9,2.0,"(0.6, 0.65]"
"(180, 185]","(2.0, 2.1]",0.0010976948408342481,180,185,2.0,2.1,"(0.6, 0.65]"
"(180, 185]","(2.2, 2.3]",0.0021953896816684962,180,185,2.2,2.3,"(0.6, 0.65]"
"(180, 185]","(2.3, 2.4]",0.0021953896816684962,180,185,2.3,2.4,"(0.6, 0.65]"
"(180, 185]","(2.4, 2.5]",0.0010976948408342481,180,185,2.4,2.5,"(0.6, 0.65]"
"(180, 185]","(2.5, 2.6]",0.0021953896816684962,180,185,2.5,2.6,"(0.6, 0.65]"
"(180, 185]","(2.6, 2.7]",0.0021953896816684962,180,185,2.6,2.7,"(0.6, 0.65]"
"(180, 185]","(2.7, 2.8]",0.0043907793633369925,180,185,2.7,2.8,"(0.6, 0.65]"
"(180, 185]","(2.8, 2.9]",0.0021953896816684962,180,185,2.8,2.9,"(0.6, 0.65]"
"(180, 185]","(2.9, 3.0]",0.0010976948408342481,180,185,2.9,3.0,"(0.6, 0.65]"
"(180, 185]","(3.0, 3.1]",0.0010976948408342481,180,185,3.0,3.1,"(0.6, 0.65]"
"(180, 185]","(3.1, 3.2]",0.0010976948408342481,180,185,3.1,3.2,"(0.6, 0.65]"
"(180, 185]","(3.4, 3.5]",0.003293084522502744,180,185,3.4,3.5,"(0.6, 0.65]"
"(180, 185]","(3.5, 3.6]",0.0010976948408342481,180,185,3.5,3.6,"(0.6, 0.65]"
"(185, 190]","(1.9, 2.0]",0.0010976948408342481,185,190,1.9,2.0,"(0.6, 0.65]"
"(185, 190]","(2.1, 2.2]",0.0010976948408342481,185,190,2.1,2.2,"(0.6, 0.65]"
"(185, 190]","(2.2, 2.3]",0.0010976948408342481,185,190,2.2,2.3,"(0.6, 0.65]"
"(185, 190]","(2.3, 2.4]",0.003293084522502744,185,190,2.3,2.4,"(0.6, 0.65]"
"(185, 190]","(2.5, 2.6]",0.0010976948408342481,185,190,2.5,2.6,"(0.6, 0.65]"
"(185, 190]","(2.7, 2.8]",0.0021953896816684962,185,190,2.7,2.8,"(0.6, 0.65]"
"(185, 190]","(2.8, 2.9]",0.0010976948408342481,185,190,2.8,2.9,"(0.6, 0.65]"
"(185, 190]","(2.9, 3.0]",0.0010976948408342481,185,190,2.9,3.0,"(0.6, 0.65]"
"(185, 190]","(3.0, 3.1]",0.0021953896816684962,185,190,3.0,3.1,"(0.6, 0.65]"
"(185, 190]","(3.1, 3.2]",0.003293084522502744,185,190,3.1,3.2,"(0.6, 0.65]"
"(185, 190]","(3.3, 3.4]",0.0021953896816684962,185,190,3.3,3.4,"(0.6, 0.65]"
"(185, 190]","(3.4, 3.5]",0.0010976948408342481,185,190,3.4,3.5,"(0.6, 0.65]"
"(185, 190]","(3.5, 3.6]",0.0010976948408342481,185,190,3.5,3.6,"(0.6, 0.65]"
"(190, 195]","(1.9, 2.0]",0.0010976948408342481,190,195,1.9,2.0,"(0.6, 0.65]"
"(190, 195]","(2.0, 2.1]",0.0010976948408342481,190,195,2.0,2.1,"(0.6, 0.65]"
"(190, 195]","(2.1, 2.2]",0.0021953896816684962,190,195,2.1,2.2,"(0.6, 0.65]"
"(190, 195]","(2.2, 2.3]",0.0010976948408342481,190,195,2.2,2.3,"(0.6, 0.65]"
"(190, 195]","(2.8, 2.9]",0.0010976948408342481,190,195,2.8,2.9,"(0.6, 0.65]"
"(190, 195]","(2.9, 3.0]",0.0010976948408342481,190,195,2.9,3.0,"(0.6, 0.65]"
"(190, 195]","(3.0, 3.1]",0.0043907793633369925,190,195,3.0,3.1,"(0.6, 0.65]"
"(190, 195]","(3.1, 3.2]",0.0021953896816684962,190,195,3.1,3.2,"(0.6, 0.65]"
"(190, 195]","(3.4, 3.5]",0.0010976948408342481,190,195,3.4,3.5,"(0.6, 0.65]"
"(195, 200]","(1.7, 1.8]",0.0010976948408342481,195,200,1.7,1.8,"(0.6, 0.65]"
"(195, 200]","(1.8, 1.9]",0.0010976948408342481,195,200,1.8,1.9,"(0.6, 0.65]"
"(195, 200]","(2.0, 2.1]",0.0010976948408342481,195,200,2.0,2.1,"(0.6, 0.65]"
"(195, 200]","(2.2, 2.3]",0.0010976948408342481,195,200,2.2,2.3,"(0.6, 0.65]"
"(195, 200]","(2.3, 2.4]",0.0021953896816684962,195,200,2.3,2.4,"(0.6, 0.65]"
"(195, 200]","(2.6, 2.7]",0.0021953896816684962,195,200,2.6,2.7,"(0.6, 0.65]"
"(195, 200]","(2.8, 2.9]",0.0010976948408342481,195,200,2.8,2.9,"(0.6, 0.65]"
"(195, 200]","(2.9, 3.0]",0.0010976948408342481,195,200,2.9,3.0,"(0.6, 0.65]"
"(195, 200]","(3.0, 3.1]",0.005488474204171241,195,200,3.0,3.1,"(0.6, 0.65]"
"(195, 200]","(3.1, 3.2]",0.005488474204171241,195,200,3.1,3.2,"(0.6, 0.65]"
"(195, 200]","(3.2, 3.3]",0.0021953896816684962,195,200,3.2,3.3,"(0.6, 0.65]"
"(195, 200]","(3.3, 3.4]",0.0021953896816684962,195,200,3.3,3.4,"(0.6, 0.65]"
"(200, 205]","(2.1, 2.2]",0.0010976948408342481,200,205,2.1,2.2,"(0.6, 0.65]"
"(200, 205]","(2.3, 2.4]",0.003293084522502744,200,205,2.3,2.4,"(0.6, 0.65]"
"(200, 205]","(2.4, 2.5]",0.0010976948408342481,200,205,2.4,2.5,"(0.6, 0.65]"
"(200, 205]","(2.5, 2.6]",0.0021953896816684962,200,205,2.5,2.6,"(0.6, 0.65]"
"(200, 205]","(2.7, 2.8]",0.0010976948408342481,200,205,2.7,2.8,"(0.6, 0.65]"
"(200, 205]","(2.8, 2.9]",0.0010976948408342481,200,205,2.8,2.9,"(0.6, 0.65]"
"(200, 205]","(2.9, 3.0]",0.0010976948408342481,200,205,2.9,3.0,"(0.6, 0.65]"
"(200, 205]","(3.0, 3.1]",0.0043907793633369925,200,205,3.0,3.1,"(0.6, 0.65]"
"(205, 210]","(2.1, 2.2]",0.0010976948408342481,205,210,2.1,2.2,"(0.6, 0.65]"
"(205, 210]","(2.3, 2.4]",0.0021953896816684962,205,210,2.3,2.4,"(0.6, 0.65]"
"(205, 210]","(2.4, 2.5]",0.0010976948408342481,205,210,2.4,2.5,"(0.6, 0.65]"
"(205, 210]","(2.5, 2.6]",0.0010976948408342481,205,210,2.5,2.6,"(0.6, 0.65]"
"(205, 210]","(2.6, 2.7]",0.0010976948408342481,205,210,2.6,2.7,"(0.6, 0.65]"
"(205, 210]","(2.7, 2.8]",0.0010976948408342481,205,210,2.7,2.8,"(0.6, 0.65]"
"(205, 210]","(2.8, 2.9]",0.0010976948408342481,205,210,2.8,2.9,"(0.6, 0.65]"
"(205, 210]","(3.4, 3.5]",0.0010976948408342481,205,210,3.4,3.5,"(0.6, 0.65]"
"(210, 215]","(2.1, 2.2]",0.0010976948408342481,210,215,2.1,2.2,"(0.6, 0.65]"
"(210, 215]","(2.3, 2.4]",0.0021953896816684962,210,215,2.3,2.4,"(0.6, 0.65]"
"(210, 215]","(2.4, 2.5]",0.0021953896816684962,210,215,2.4,2.5,"(0.6, 0.65]"
"(210, 215]","(2.9, 3.0]",0.0010976948408342481,210,215,2.9,3.0,"(0.6, 0.65]"
"(210, 215]","(3.0, 3.1]",0.003293084522502744,210,215,3.0,3.1,"(0.6, 0.65]"
"(210, 215]","(3.1, 3.2]",0.0021953896816684962,210,215,3.1,3.2,"(0.6, 0.65]"
"(215, 220]","(2.7, 2.8]",0.0010976948408342481,215,220,2.7,2.8,"(0.6, 0.65]"
"(215, 220]","(3.0, 3.1]",0.0021953896816684962,215,220,3.0,3.1,"(0.6, 0.65]"
"(215, 220]","(3.1, 3.2]",0.0021953896816684962,215,220,3.1,3.2,"(0.6, 0.65]"
"(215, 220]","(3.2, 3.3]",0.0010976948408342481,215,220,3.2,3.3,"(0.6, 0.65]"
"(215, 220]","(3.4, 3.5]",0.0010976948408342481,215,220,3.4,3.5,"(0.6, 0.65]"
"(215, 220]","(3.5, 3.6]",0.0010976948408342481,215,220,3.5,3.6,"(0.6, 0.65]"
"(220, 225]","(2.5, 2.6]",0.0010976948408342481,220,225,2.5,2.6,"(0.6, 0.65]"
"(220, 225]","(2.8, 2.9]",0.0021953896816684962,220,225,2.8,2.9,"(0.6, 0.65]"
"(220, 225]","(2.9, 3.0]",0.0010976948408342481,220,225,2.9,3.0,"(0.6, 0.65]"
"(220, 225]","(3.0, 3.1]",0.0043907793633369925,220,225,3.0,3.1,"(0.6, 0.65]"
"(220, 225]","(3.1, 3.2]",0.0010976948408342481,220,225,3.1,3.2,"(0.6, 0.65]"
"(225, 230]","(2.1, 2.2]",0.0010976948408342481,225,230,2.1,2.2,"(0.6, 0.65]"
"(225, 230]","(2.6, 2.7]",0.0010976948408342481,225,230,2.6,2.7,"(0.6, 0.65]"
"(225, 230]","(2.7, 2.8]",0.0010976948408342481,225,230,2.7,2.8,"(0.6, 0.65]"
"(225, 230]","(2.9, 3.0]",0.0010976948408342481,225,230,2.9,3.0,"(0.6, 0.65]"
"(225, 230]","(3.1, 3.2]",0.0021953896816684962,225,230,3.1,3.2,"(0.6, 0.65]"
"(225, 230]","(3.2, 3.3]",0.0010976948408342481,225,230,3.2,3.3,"(0.6, 0.65]"
"(225, 230]","(3.3, 3.4]",0.0010976948408342481,225,230,3.3,3.4,"(0.6, 0.65]"
"(230, 235]","(2.5, 2.6]",0.0010976948408342481,230,235,2.5,2.6,"(0.6, 0.65]"
"(230, 235]","(2.9, 3.0]",0.0021953896816684962,230,235,2.9,3.0,"(0.6, 0.65]"
"(230, 235]","(3.0, 3.1]",0.0043907793633369925,230,235,3.0,3.1,"(0.6, 0.65]"
"(230, 235]","(3.1, 3.2]",0.0021953896816684962,230,235,3.1,3.2,"(0.6, 0.65]"
"(230, 235]","(3.3, 3.4]",0.0010976948408342481,230,235,3.3,3.4,"(0.6, 0.65]"
"(235, 240]","(2.2, 2.3]",0.0010976948408342481,235,240,2.2,2.3,"(0.6, 0.65]"
"(235, 240]","(2.3, 2.4]",0.0010976948408342481,235,240,2.3,2.4,"(0.6, 0.65]"
"(235, 240]","(2.8, 2.9]",0.0010976948408342481,235,240,2.8,2.9,"(0.6, 0.65]"
"(240, 245]","(1.6, 1.7]",0.0010976948408342481,240,245,1.6,1.7,"(0.6, 0.65]"
"(240, 245]","(2.1, 2.2]",0.0010976948408342481,240,245,2.1,2.2,"(0.6, 0.65]"
"(240, 245]","(2.4, 2.5]",0.0010976948408342481,240,245,2.4,2.5,"(0.6, 0.65]"
"(240, 245]","(2.9, 3.0]",0.0010976948408342481,240,245,2.9,3.0,"(0.6, 0.65]"
"(240, 245]","(3.1, 3.2]",0.0010976948408342481,240,245,3.1,3.2,"(0.6, 0.65]"
"(240, 245]","(3.2, 3.3]",0.0010976948408342481,240,245,3.2,3.3,"(0.6, 0.65]"
"(240, 245]","(3.4, 3.5]",0.0010976948408342481,240,245,3.4,3.5,"(0.6, 0.65]"
"(245, 250]","(1.8, 1.9]",0.0010976948408342481,245,250,1.8,1.9,"(0.6, 0.65]"
"(245, 250]","(2.3, 2.4]",0.0010976948408342481,245,250,2.3,2.4,"(0.6, 0.65]"
"(245, 250]","(2.6, 2.7]",0.0010976948408342481,245,250,2.6,2.7,"(0.6, 0.65]"
"(245, 250]","(2.8, 2.9]",0.0010976948408342481,245,250,2.8,2.9,"(0.6, 0.65]"
"(245, 250]","(3.0, 3.1]",0.0021953896816684962,245,250,3.0,3.1,"(0.6, 0.65]"
"(245, 250]","(3.1, 3.2]",0.0021953896816684962,245,250,3.1,3.2,"(0.6, 0.65]"
"(250, 255]","(3.1, 3.2]",0.0010976948408342481,250,255,3.1,3.2,"(0.6, 0.65]"
"(255, 260]","(3.0, 3.1]",0.0010976948408342481,255,260,3.0,3.1,"(0.6, 0.65]"
"(255, 260]","(3.1, 3.2]",0.0010976948408342481,255,260,3.1,3.2,"(0.6, 0.65]"
"(255, 260]","(3.3, 3.4]",0.0010976948408342481,255,260,3.3,3.4,"(0.6, 0.65]"
"(260, 265]","(2.8, 2.9]",0.0010976948408342481,260,265,2.8,2.9,"(0.6, 0.65]"
"(260, 265]","(2.9, 3.0]",0.0010976948408342481,260,265,2.9,3.0,"(0.6, 0.65]"
"(260, 265]","(3.4, 3.5]",0.0010976948408342481,260,265,3.4,3.5,"(0.6, 0.65]"
"(265, 270]","(2.2, 2.3]",0.0010976948408342481,265,270,2.2,2.3,"(0.6, 0.65]"
"(265, 270]","(2.5, 2.6]",0.0010976948408342481,265,270,2.5,2.6,"(0.6, 0.65]"
"(265, 270]","(3.0, 3.1]",0.0010976948408342481,265,270,3.0,3.1,"(0.6, 0.65]"
"(265, 270]","(3.1, 3.2]",0.0021953896816684962,265,270,3.1,3.2,"(0.6, 0.65]"
"(265, 270]","(3.2, 3.3]",0.0010976948408342481,265,270,3.2,3.3,"(0.6, 0.65]"
"(280, 285]","(2.2, 2.3]",0.0010976948408342481,280,285,2.2,2.3,"(0.6, 0.65]"
"(285, 290]","(2.7, 2.8]",0.0010976948408342481,285,290,2.7,2.8,"(0.6, 0.65]"
"(290, 295]","(2.5, 2.6]",0.0010976948408342481,290,295,2.5,2.6,"(0.6, 0.65]"
"(290, 295]","(2.9, 3.0]",0.0010976948408342481,290,295,2.9,3.0,"(0.6, 0.65]"
"(295, 300]","(2.7, 2.8]",0.0010976948408342481,295,300,2.7,2.8,"(0.6, 0.65]"
"(295, 300]","(3.1, 3.2]",0.0010976948408342481,295,300,3.1,3.2,"(0.6, 0.65]"
"(300, 305]","(2.9, 3.0]",0.0010976948408342481,300,305,2.9,3.0,"(0.6, 0.65]"
"(300, 305]","(3.0, 3.1]",0.0010976948408342481,300,305,3.0,3.1,"(0.6, 0.65]"
"(305, 310]","(3.2, 3.3]",0.0010976948408342481,305,310,3.2,3.3,"(0.6, 0.65]"
"(330, 335]","(3.1, 3.2]",0.0010976948408342481,330,335,3.1,3.2,"(0.6, 0.65]"
"(335, 340]","(2.9, 3.0]",0.0010976948408342481,335,340,2.9,3.0,"(0.6, 0.65]"
"(55, 60]","(-3.1, -3.0]",0.0008733624454148472,55,60,-3.1,-3.0,"(0.65, 0.7]"
"(60, 65]","(-2.5, -2.4]",0.0008733624454148472,60,65,-2.5,-2.4,"(0.65, 0.7]"
"(65, 70]","(-1.8, -1.7]",0.0008733624454148472,65,70,-1.8,-1.7,"(0.65, 0.7]"
"(70, 75]","(-1.8, -1.7]",0.0008733624454148472,70,75,-1.8,-1.7,"(0.65, 0.7]"
"(80, 85]","(-0.7, -0.6]",0.0008733624454148472,80,85,-0.7,-0.6,"(0.65, 0.7]"
"(80, 85]","(-0.3, -0.2]",0.0008733624454148472,80,85,-0.3,-0.2,"(0.65, 0.7]"
"(80, 85]","(-0.1, 0.0]",0.0017467248908296944,80,85,-0.1,0.0,"(0.65, 0.7]"
"(80, 85]","(0.0, 0.1]",0.0026200873362445414,80,85,0.0,0.1,"(0.65, 0.7]"
"(80, 85]","(0.1, 0.2]",0.0017467248908296944,80,85,0.1,0.2,"(0.65, 0.7]"
"(85, 90]","(-0.4, -0.3]",0.0008733624454148472,85,90,-0.4,-0.3,"(0.65, 0.7]"
"(85, 90]","(-0.3, -0.2]",0.0008733624454148472,85,90,-0.3,-0.2,"(0.65, 0.7]"
"(85, 90]","(-0.2, -0.1]",0.0008733624454148472,85,90,-0.2,-0.1,"(0.65, 0.7]"
"(85, 90]","(-0.1, 0.0]",0.0017467248908296944,85,90,-0.1,0.0,"(0.65, 0.7]"
"(85, 90]","(0.0, 0.1]",0.005240174672489083,85,90,0.0,0.1,"(0.65, 0.7]"
"(85, 90]","(0.1, 0.2]",0.013100436681222707,85,90,0.1,0.2,"(0.65, 0.7]"
"(85, 90]","(0.3, 0.4]",0.0008733624454148472,85,90,0.3,0.4,"(0.65, 0.7]"
"(85, 90]","(0.4, 0.5]",0.0008733624454148472,85,90,0.4,0.5,"(0.65, 0.7]"
"(85, 90]","(0.5, 0.6]",0.0034934497816593887,85,90,0.5,0.6,"(0.65, 0.7]"
"(85, 90]","(0.6, 0.7]",0.0008733624454148472,85,90,0.6,0.7,"(0.65, 0.7]"
"(85, 90]","(0.8, 0.9]",0.0017467248908296944,85,90,0.8,0.9,"(0.65, 0.7]"
"(90, 95]","(0.1, 0.2]",0.0017467248908296944,90,95,0.1,0.2,"(0.65, 0.7]"
"(90, 95]","(0.4, 0.5]",0.0008733624454148472,90,95,0.4,0.5,"(0.65, 0.7]"
"(90, 95]","(0.5, 0.6]",0.0008733624454148472,90,95,0.5,0.6,"(0.65, 0.7]"
"(90, 95]","(0.7, 0.8]",0.0008733624454148472,90,95,0.7,0.8,"(0.65, 0.7]"
"(90, 95]","(0.8, 0.9]",0.0008733624454148472,90,95,0.8,0.9,"(0.65, 0.7]"
"(90, 95]","(0.9, 1.0]",0.0008733624454148472,90,95,0.9,1.0,"(0.65, 0.7]"
"(90, 95]","(1.0, 1.1]",0.0017467248908296944,90,95,1.0,1.1,"(0.65, 0.7]"
"(90, 95]","(1.1, 1.2]",0.007860262008733625,90,95,1.1,1.2,"(0.65, 0.7]"
"(90, 95]","(1.2, 1.3]",0.0017467248908296944,90,95,1.2,1.3,"(0.65, 0.7]"
"(90, 95]","(1.3, 1.4]",0.0017467248908296944,90,95,1.3,1.4,"(0.65, 0.7]"
"(90, 95]","(1.5, 1.6]",0.0017467248908296944,90,95,1.5,1.6,"(0.65, 0.7]"
"(90, 95]","(1.8, 1.9]",0.0008733624454148472,90,95,1.8,1.9,"(0.65, 0.7]"
"(90, 95]","(1.9, 2.0]",0.0008733624454148472,90,95,1.9,2.0,"(0.65, 0.7]"
"(95, 100]","(1.0, 1.1]",0.0017467248908296944,95,100,1.0,1.1,"(0.65, 0.7]"
"(95, 100]","(1.1, 1.2]",0.010480349344978166,95,100,1.1,1.2,"(0.65, 0.7]"
"(95, 100]","(1.2, 1.3]",0.005240174672489083,95,100,1.2,1.3,"(0.65, 0.7]"
"(95, 100]","(1.3, 1.4]",0.005240174672489083,95,100,1.3,1.4,"(0.65, 0.7]"
"(95, 100]","(1.5, 1.6]",0.0017467248908296944,95,100,1.5,1.6,"(0.65, 0.7]"
"(95, 100]","(1.6, 1.7]",0.0008733624454148472,95,100,1.6,1.7,"(0.65, 0.7]"
"(95, 100]","(1.7, 1.8]",0.0008733624454148472,95,100,1.7,1.8,"(0.65, 0.7]"
"(95, 100]","(1.8, 1.9]",0.0026200873362445414,95,100,1.8,1.9,"(0.65, 0.7]"
"(95, 100]","(1.9, 2.0]",0.0008733624454148472,95,100,1.9,2.0,"(0.65, 0.7]"
"(95, 100]","(2.0, 2.1]",0.016593886462882096,95,100,2.0,2.1,"(0.65, 0.7]"
"(95, 100]","(2.1, 2.2]",0.0008733624454148472,95,100,2.1,2.2,"(0.65, 0.7]"
"(95, 100]","(2.2, 2.3]",0.00611353711790393,95,100,2.2,2.3,"(0.65, 0.7]"
"(95, 100]","(2.3, 2.4]",0.0034934497816593887,95,100,2.3,2.4,"(0.65, 0.7]"
"(95, 100]","(2.4, 2.5]",0.0008733624454148472,95,100,2.4,2.5,"(0.65, 0.7]"
"(95, 100]","(2.5, 2.6]",0.0008733624454148472,95,100,2.5,2.6,"(0.65, 0.7]"
"(100, 105]","(0.5, 0.6]",0.0008733624454148472,100,105,0.5,0.6,"(0.65, 0.7]"
"(100, 105]","(1.0, 1.1]",0.0008733624454148472,100,105,1.0,1.1,"(0.65, 0.7]"
"(100, 105]","(1.1, 1.2]",0.0017467248908296944,100,105,1.1,1.2,"(0.65, 0.7]"
"(100, 105]","(1.2, 1.3]",0.0008733624454148472,100,105,1.2,1.3,"(0.65, 0.7]"
"(100, 105]","(1.3, 1.4]",0.0008733624454148472,100,105,1.3,1.4,"(0.65, 0.7]"
"(100, 105]","(1.5, 1.6]",0.0008733624454148472,100,105,1.5,1.6,"(0.65, 0.7]"
"(100, 105]","(1.7, 1.8]",0.0008733624454148472,100,105,1.7,1.8,"(0.65, 0.7]"
"(100, 105]","(2.0, 2.1]",0.004366812227074236,100,105,2.0,2.1,"(0.65, 0.7]"
"(100, 105]","(2.1, 2.2]",0.0017467248908296944,100,105,2.1,2.2,"(0.65, 0.7]"
"(100, 105]","(2.2, 2.3]",0.0069868995633187774,100,105,2.2,2.3,"(0.65, 0.7]"
"(100, 105]","(2.3, 2.4]",0.0034934497816593887,100,105,2.3,2.4,"(0.65, 0.7]"
"(100, 105]","(2.4, 2.5]",0.004366812227074236,100,105,2.4,2.5,"(0.65, 0.7]"
"(100, 105]","(2.5, 2.6]",0.0017467248908296944,100,105,2.5,2.6,"(0.65, 0.7]"
"(100, 105]","(2.6, 2.7]",0.0069868995633187774,100,105,2.6,2.7,"(0.65, 0.7]"
"(100, 105]","(2.7, 2.8]",0.0026200873362445414,100,105,2.7,2.8,"(0.65, 0.7]"
"(100, 105]","(2.8, 2.9]",0.013100436681222707,100,105,2.8,2.9,"(0.65, 0.7]"
"(100, 105]","(2.9, 3.0]",0.005240174672489083,100,105,2.9,3.0,"(0.65, 0.7]"
"(100, 105]","(3.0, 3.1]",0.0008733624454148472,100,105,3.0,3.1,"(0.65, 0.7]"
"(105, 110]","(0.7, 0.8]",0.0008733624454148472,105,110,0.7,0.8,"(0.65, 0.7]"
"(105, 110]","(0.9, 1.0]",0.0017467248908296944,105,110,0.9,1.0,"(0.65, 0.7]"
"(105, 110]","(1.6, 1.7]",0.0008733624454148472,105,110,1.6,1.7,"(0.65, 0.7]"
"(105, 110]","(2.0, 2.1]",0.0008733624454148472,105,110,2.0,2.1,"(0.65, 0.7]"
"(105, 110]","(2.1, 2.2]",0.0008733624454148472,105,110,2.1,2.2,"(0.65, 0.7]"
"(105, 110]","(2.2, 2.3]",0.0017467248908296944,105,110,2.2,2.3,"(0.65, 0.7]"
"(105, 110]","(2.5, 2.6]",0.0008733624454148472,105,110,2.5,2.6,"(0.65, 0.7]"
"(105, 110]","(2.6, 2.7]",0.0017467248908296944,105,110,2.6,2.7,"(0.65, 0.7]"
"(105, 110]","(2.7, 2.8]",0.0017467248908296944,105,110,2.7,2.8,"(0.65, 0.7]"
"(105, 110]","(2.8, 2.9]",0.008733624454148471,105,110,2.8,2.9,"(0.65, 0.7]"
"(105, 110]","(2.9, 3.0]",0.004366812227074236,105,110,2.9,3.0,"(0.65, 0.7]"
"(105, 110]","(3.0, 3.1]",0.0017467248908296944,105,110,3.0,3.1,"(0.65, 0.7]"
"(105, 110]","(3.2, 3.3]",0.0008733624454148472,105,110,3.2,3.3,"(0.65, 0.7]"
"(110, 115]","(1.0, 1.1]",0.0017467248908296944,110,115,1.0,1.1,"(0.65, 0.7]"
"(110, 115]","(1.9, 2.0]",0.0017467248908296944,110,115,1.9,2.0,"(0.65, 0.7]"
"(110, 115]","(2.0, 2.1]",0.004366812227074236,110,115,2.0,2.1,"(0.65, 0.7]"
"(110, 115]","(2.1, 2.2]",0.0069868995633187774,110,115,2.1,2.2,"(0.65, 0.7]"
"(110, 115]","(2.2, 2.3]",0.00960698689956332,110,115,2.2,2.3,"(0.65, 0.7]"
"(110, 115]","(2.3, 2.4]",0.004366812227074236,110,115,2.3,2.4,"(0.65, 0.7]"
"(110, 115]","(2.4, 2.5]",0.0017467248908296944,110,115,2.4,2.5,"(0.65, 0.7]"
"(110, 115]","(2.6, 2.7]",0.0017467248908296944,110,115,2.6,2.7,"(0.65, 0.7]"
"(110, 115]","(2.7, 2.8]",0.0008733624454148472,110,115,2.7,2.8,"(0.65, 0.7]"
"(110, 115]","(2.8, 2.9]",0.0034934497816593887,110,115,2.8,2.9,"(0.65, 0.7]"
"(110, 115]","(2.9, 3.0]",0.00611353711790393,110,115,2.9,3.0,"(0.65, 0.7]"
"(110, 115]","(3.1, 3.2]",0.0008733624454148472,110,115,3.1,3.2,"(0.65, 0.7]"
"(110, 115]","(3.2, 3.3]",0.0026200873362445414,110,115,3.2,3.3,"(0.65, 0.7]"
"(110, 115]","(3.3, 3.4]",0.0008733624454148472,110,115,3.3,3.4,"(0.65, 0.7]"
"(115, 120]","(1.3, 1.4]",0.0008733624454148472,115,120,1.3,1.4,"(0.65, 0.7]"
"(115, 120]","(1.5, 1.6]",0.0017467248908296944,115,120,1.5,1.6,"(0.65, 0.7]"
"(115, 120]","(1.6, 1.7]",0.0026200873362445414,115,120,1.6,1.7,"(0.65, 0.7]"
"(115, 120]","(1.7, 1.8]",0.0034934497816593887,115,120,1.7,1.8,"(0.65, 0.7]"
"(115, 120]","(1.8, 1.9]",0.0017467248908296944,115,120,1.8,1.9,"(0.65, 0.7]"
"(115, 120]","(2.0, 2.1]",0.004366812227074236,115,120,2.0,2.1,"(0.65, 0.7]"
"(115, 120]","(2.1, 2.2]",0.004366812227074236,115,120,2.1,2.2,"(0.65, 0.7]"
"(115, 120]","(2.2, 2.3]",0.007860262008733625,115,120,2.2,2.3,"(0.65, 0.7]"
"(115, 120]","(2.3, 2.4]",0.0069868995633187774,115,120,2.3,2.4,"(0.65, 0.7]"
"(115, 120]","(2.4, 2.5]",0.0008733624454148472,115,120,2.4,2.5,"(0.65, 0.7]"
"(115, 120]","(2.5, 2.6]",0.0017467248908296944,115,120,2.5,2.6,"(0.65, 0.7]"
"(115, 120]","(2.6, 2.7]",0.0034934497816593887,115,120,2.6,2.7,"(0.65, 0.7]"
"(115, 120]","(2.7, 2.8]",0.004366812227074236,115,120,2.7,2.8,"(0.65, 0.7]"
"(115, 120]","(2.8, 2.9]",0.01572052401746725,115,120,2.8,2.9,"(0.65, 0.7]"
"(115, 120]","(2.9, 3.0]",0.011353711790393014,115,120,2.9,3.0,"(0.65, 0.7]"
"(115, 120]","(3.0, 3.1]",0.004366812227074236,115,120,3.0,3.1,"(0.65, 0.7]"
"(115, 120]","(3.1, 3.2]",0.0008733624454148472,115,120,3.1,3.2,"(0.65, 0.7]"
"(115, 120]","(3.2, 3.3]",0.0026200873362445414,115,120,3.2,3.3,"(0.65, 0.7]"
"(115, 120]","(3.3, 3.4]",0.0008733624454148472,115,120,3.3,3.4,"(0.65, 0.7]"
"(120, 125]","(1.3, 1.4]",0.0008733624454148472,120,125,1.3,1.4,"(0.65, 0.7]"
"(120, 125]","(1.4, 1.5]",0.0008733624454148472,120,125,1.4,1.5,"(0.65, 0.7]"
"(120, 125]","(1.5, 1.6]",0.0008733624454148472,120,125,1.5,1.6,"(0.65, 0.7]"
"(120, 125]","(1.7, 1.8]",0.0008733624454148472,120,125,1.7,1.8,"(0.65, 0.7]"
"(120, 125]","(1.9, 2.0]",0.0017467248908296944,120,125,1.9,2.0,"(0.65, 0.7]"
"(120, 125]","(2.0, 2.1]",0.0026200873362445414,120,125,2.0,2.1,"(0.65, 0.7]"
"(120, 125]","(2.1, 2.2]",0.0034934497816593887,120,125,2.1,2.2,"(0.65, 0.7]"
"(120, 125]","(2.2, 2.3]",0.0026200873362445414,120,125,2.2,2.3,"(0.65, 0.7]"
"(120, 125]","(2.3, 2.4]",0.0026200873362445414,120,125,2.3,2.4,"(0.65, 0.7]"
"(120, 125]","(2.4, 2.5]",0.0008733624454148472,120,125,2.4,2.5,"(0.65, 0.7]"
"(120, 125]","(2.5, 2.6]",0.005240174672489083,120,125,2.5,2.6,"(0.65, 0.7]"
"(120, 125]","(2.6, 2.7]",0.005240174672489083,120,125,2.6,2.7,"(0.65, 0.7]"
"(120, 125]","(2.7, 2.8]",0.005240174672489083,120,125,2.7,2.8,"(0.65, 0.7]"
"(120, 125]","(2.8, 2.9]",0.010480349344978166,120,125,2.8,2.9,"(0.65, 0.7]"
"(120, 125]","(2.9, 3.0]",0.0069868995633187774,120,125,2.9,3.0,"(0.65, 0.7]"
"(120, 125]","(3.0, 3.1]",0.00960698689956332,120,125,3.0,3.1,"(0.65, 0.7]"
"(120, 125]","(3.1, 3.2]",0.0017467248908296944,120,125,3.1,3.2,"(0.65, 0.7]"
"(120, 125]","(3.2, 3.3]",0.0008733624454148472,120,125,3.2,3.3,"(0.65, 0.7]"
"(120, 125]","(3.3, 3.4]",0.0026200873362445414,120,125,3.3,3.4,"(0.65, 0.7]"
"(120, 125]","(3.4, 3.5]",0.0008733624454148472,120,125,3.4,3.5,"(0.65, 0.7]"
"(120, 125]","(3.5, 3.6]",0.0008733624454148472,120,125,3.5,3.6,"(0.65, 0.7]"
"(125, 130]","(2.0, 2.1]",0.00611353711790393,125,130,2.0,2.1,"(0.65, 0.7]"
"(125, 130]","(2.1, 2.2]",0.005240174672489083,125,130,2.1,2.2,"(0.65, 0.7]"
"(125, 130]","(2.2, 2.3]",0.0069868995633187774,125,130,2.2,2.3,"(0.65, 0.7]"
"(125, 130]","(2.3, 2.4]",0.011353711790393014,125,130,2.3,2.4,"(0.65, 0.7]"
"(125, 130]","(2.5, 2.6]",0.0008733624454148472,125,130,2.5,2.6,"(0.65, 0.7]"
"(125, 130]","(2.6, 2.7]",0.0008733624454148472,125,130,2.6,2.7,"(0.65, 0.7]"
"(125, 130]","(2.7, 2.8]",0.0008733624454148472,125,130,2.7,2.8,"(0.65, 0.7]"
"(125, 130]","(2.8, 2.9]",0.0034934497816593887,125,130,2.8,2.9,"(0.65, 0.7]"
"(125, 130]","(2.9, 3.0]",0.0026200873362445414,125,130,2.9,3.0,"(0.65, 0.7]"
"(125, 130]","(3.0, 3.1]",0.0026200873362445414,125,130,3.0,3.1,"(0.65, 0.7]"
"(125, 130]","(3.1, 3.2]",0.0008733624454148472,125,130,3.1,3.2,"(0.65, 0.7]"
"(125, 130]","(3.3, 3.4]",0.0034934497816593887,125,130,3.3,3.4,"(0.65, 0.7]"
"(125, 130]","(3.4, 3.5]",0.0008733624454148472,125,130,3.4,3.5,"(0.65, 0.7]"
"(130, 135]","(1.3, 1.4]",0.0008733624454148472,130,135,1.3,1.4,"(0.65, 0.7]"
"(130, 135]","(1.6, 1.7]",0.0008733624454148472,130,135,1.6,1.7,"(0.65, 0.7]"
"(130, 135]","(1.8, 1.9]",0.0026200873362445414,130,135,1.8,1.9,"(0.65, 0.7]"
"(130, 135]","(2.0, 2.1]",0.0069868995633187774,130,135,2.0,2.1,"(0.65, 0.7]"
"(130, 135]","(2.1, 2.2]",0.00611353711790393,130,135,2.1,2.2,"(0.65, 0.7]"
"(130, 135]","(2.2, 2.3]",0.010480349344978166,130,135,2.2,2.3,"(0.65, 0.7]"
"(130, 135]","(2.3, 2.4]",0.00960698689956332,130,135,2.3,2.4,"(0.65, 0.7]"
"(130, 135]","(2.4, 2.5]",0.0026200873362445414,130,135,2.4,2.5,"(0.65, 0.7]"
"(130, 135]","(2.5, 2.6]",0.0008733624454148472,130,135,2.5,2.6,"(0.65, 0.7]"
"(130, 135]","(2.6, 2.7]",0.0017467248908296944,130,135,2.6,2.7,"(0.65, 0.7]"
"(130, 135]","(2.8, 2.9]",0.0026200873362445414,130,135,2.8,2.9,"(0.65, 0.7]"
"(130, 135]","(3.0, 3.1]",0.0008733624454148472,130,135,3.0,3.1,"(0.65, 0.7]"
"(135, 140]","(1.6, 1.7]",0.0017467248908296944,135,140,1.6,1.7,"(0.65, 0.7]"
"(135, 140]","(1.7, 1.8]",0.0034934497816593887,135,140,1.7,1.8,"(0.65, 0.7]"
"(135, 140]","(1.8, 1.9]",0.0017467248908296944,135,140,1.8,1.9,"(0.65, 0.7]"
"(135, 140]","(1.9, 2.0]",0.0017467248908296944,135,140,1.9,2.0,"(0.65, 0.7]"
"(135, 140]","(2.0, 2.1]",0.0026200873362445414,135,140,2.0,2.1,"(0.65, 0.7]"
"(135, 140]","(2.1, 2.2]",0.0026200873362445414,135,140,2.1,2.2,"(0.65, 0.7]"
"(135, 140]","(2.2, 2.3]",0.005240174672489083,135,140,2.2,2.3,"(0.65, 0.7]"
"(135, 140]","(2.3, 2.4]",0.005240174672489083,135,140,2.3,2.4,"(0.65, 0.7]"
"(135, 140]","(2.6, 2.7]",0.0017467248908296944,135,140,2.6,2.7,"(0.65, 0.7]"
"(135, 140]","(2.7, 2.8]",0.0008733624454148472,135,140,2.7,2.8,"(0.65, 0.7]"
"(135, 140]","(2.8, 2.9]",0.0069868995633187774,135,140,2.8,2.9,"(0.65, 0.7]"
"(135, 140]","(2.9, 3.0]",0.0034934497816593887,135,140,2.9,3.0,"(0.65, 0.7]"
"(135, 140]","(3.0, 3.1]",0.0026200873362445414,135,140,3.0,3.1,"(0.65, 0.7]"
"(135, 140]","(3.2, 3.3]",0.0008733624454148472,135,140,3.2,3.3,"(0.65, 0.7]"
"(135, 140]","(3.3, 3.4]",0.0017467248908296944,135,140,3.3,3.4,"(0.65, 0.7]"
"(135, 140]","(3.4, 3.5]",0.0008733624454148472,135,140,3.4,3.5,"(0.65, 0.7]"
"(140, 145]","(1.3, 1.4]",0.0008733624454148472,140,145,1.3,1.4,"(0.65, 0.7]"
"(140, 145]","(1.6, 1.7]",0.0008733624454148472,140,145,1.6,1.7,"(0.65, 0.7]"
"(140, 145]","(1.7, 1.8]",0.0008733624454148472,140,145,1.7,1.8,"(0.65, 0.7]"
"(140, 145]","(1.8, 1.9]",0.0008733624454148472,140,145,1.8,1.9,"(0.65, 0.7]"
"(140, 145]","(1.9, 2.0]",0.0026200873362445414,140,145,1.9,2.0,"(0.65, 0.7]"
"(140, 145]","(2.0, 2.1]",0.0017467248908296944,140,145,2.0,2.1,"(0.65, 0.7]"
"(140, 145]","(2.1, 2.2]",0.0008733624454148472,140,145,2.1,2.2,"(0.65, 0.7]"
"(140, 145]","(2.3, 2.4]",0.0026200873362445414,140,145,2.3,2.4,"(0.65, 0.7]"
"(140, 145]","(2.4, 2.5]",0.0017467248908296944,140,145,2.4,2.5,"(0.65, 0.7]"
"(140, 145]","(2.5, 2.6]",0.0017467248908296944,140,145,2.5,2.6,"(0.65, 0.7]"
"(140, 145]","(2.6, 2.7]",0.0008733624454148472,140,145,2.6,2.7,"(0.65, 0.7]"
"(140, 145]","(2.7, 2.8]",0.004366812227074236,140,145,2.7,2.8,"(0.65, 0.7]"
"(140, 145]","(2.8, 2.9]",0.0026200873362445414,140,145,2.8,2.9,"(0.65, 0.7]"
"(140, 145]","(2.9, 3.0]",0.0026200873362445414,140,145,2.9,3.0,"(0.65, 0.7]"
"(140, 145]","(3.0, 3.1]",0.00611353711790393,140,145,3.0,3.1,"(0.65, 0.7]"
"(140, 145]","(3.1, 3.2]",0.0026200873362445414,140,145,3.1,3.2,"(0.65, 0.7]"
"(140, 145]","(3.2, 3.3]",0.0008733624454148472,140,145,3.2,3.3,"(0.65, 0.7]"
"(140, 145]","(3.3, 3.4]",0.0017467248908296944,140,145,3.3,3.4,"(0.65, 0.7]"
"(140, 145]","(3.4, 3.5]",0.0008733624454148472,140,145,3.4,3.5,"(0.65, 0.7]"
"(140, 145]","(3.5, 3.6]",0.0017467248908296944,140,145,3.5,3.6,"(0.65, 0.7]"
"(145, 150]","(1.2, 1.3]",0.0008733624454148472,145,150,1.2,1.3,"(0.65, 0.7]"
"(145, 150]","(1.4, 1.5]",0.0008733624454148472,145,150,1.4,1.5,"(0.65, 0.7]"
"(145, 150]","(1.8, 1.9]",0.0008733624454148472,145,150,1.8,1.9,"(0.65, 0.7]"
"(145, 150]","(1.9, 2.0]",0.0008733624454148472,145,150,1.9,2.0,"(0.65, 0.7]"
"(145, 150]","(2.1, 2.2]",0.0008733624454148472,145,150,2.1,2.2,"(0.65, 0.7]"
"(145, 150]","(2.3, 2.4]",0.0017467248908296944,145,150,2.3,2.4,"(0.65, 0.7]"
"(145, 150]","(2.5, 2.6]",0.0017467248908296944,145,150,2.5,2.6,"(0.65, 0.7]"
"(145, 150]","(2.6, 2.7]",0.0017467248908296944,145,150,2.6,2.7,"(0.65, 0.7]"
"(145, 150]","(2.7, 2.8]",0.0026200873362445414,145,150,2.7,2.8,"(0.65, 0.7]"
"(145, 150]","(2.8, 2.9]",0.0017467248908296944,145,150,2.8,2.9,"(0.65, 0.7]"
"(145, 150]","(2.9, 3.0]",0.007860262008733625,145,150,2.9,3.0,"(0.65, 0.7]"
"(145, 150]","(3.0, 3.1]",0.007860262008733625,145,150,3.0,3.1,"(0.65, 0.7]"
"(145, 150]","(3.1, 3.2]",0.00960698689956332,145,150,3.1,3.2,"(0.65, 0.7]"
"(145, 150]","(3.3, 3.4]",0.0008733624454148472,145,150,3.3,3.4,"(0.65, 0.7]"
"(145, 150]","(3.5, 3.6]",0.0008733624454148472,145,150,3.5,3.6,"(0.65, 0.7]"
"(150, 155]","(1.6, 1.7]",0.0008733624454148472,150,155,1.6,1.7,"(0.65, 0.7]"
"(150, 155]","(1.7, 1.8]",0.0008733624454148472,150,155,1.7,1.8,"(0.65, 0.7]"
"(150, 155]","(1.8, 1.9]",0.0008733624454148472,150,155,1.8,1.9,"(0.65, 0.7]"
"(150, 155]","(2.0, 2.1]",0.0017467248908296944,150,155,2.0,2.1,"(0.65, 0.7]"
"(150, 155]","(2.1, 2.2]",0.0026200873362445414,150,155,2.1,2.2,"(0.65, 0.7]"
"(150, 155]","(2.2, 2.3]",0.0034934497816593887,150,155,2.2,2.3,"(0.65, 0.7]"
"(150, 155]","(2.3, 2.4]",0.004366812227074236,150,155,2.3,2.4,"(0.65, 0.7]"
"(150, 155]","(2.4, 2.5]",0.0008733624454148472,150,155,2.4,2.5,"(0.65, 0.7]"
"(150, 155]","(2.5, 2.6]",0.0026200873362445414,150,155,2.5,2.6,"(0.65, 0.7]"
"(150, 155]","(2.6, 2.7]",0.005240174672489083,150,155,2.6,2.7,"(0.65, 0.7]"
"(150, 155]","(2.7, 2.8]",0.0008733624454148472,150,155,2.7,2.8,"(0.65, 0.7]"
"(150, 155]","(2.8, 2.9]",0.0017467248908296944,150,155,2.8,2.9,"(0.65, 0.7]"
"(150, 155]","(2.9, 3.0]",0.00611353711790393,150,155,2.9,3.0,"(0.65, 0.7]"
"(150, 155]","(3.0, 3.1]",0.010480349344978166,150,155,3.0,3.1,"(0.65, 0.7]"
"(150, 155]","(3.1, 3.2]",0.0026200873362445414,150,155,3.1,3.2,"(0.65, 0.7]"
"(150, 155]","(3.2, 3.3]",0.0008733624454148472,150,155,3.2,3.3,"(0.65, 0.7]"
"(150, 155]","(3.4, 3.5]",0.0008733624454148472,150,155,3.4,3.5,"(0.65, 0.7]"
"(155, 160]","(1.7, 1.8]",0.0008733624454148472,155,160,1.7,1.8,"(0.65, 0.7]"
"(155, 160]","(1.9, 2.0]",0.0008733624454148472,155,160,1.9,2.0,"(0.65, 0.7]"
"(155, 160]","(2.1, 2.2]",0.0026200873362445414,155,160,2.1,2.2,"(0.65, 0.7]"
"(155, 160]","(2.2, 2.3]",0.00611353711790393,155,160,2.2,2.3,"(0.65, 0.7]"
"(155, 160]","(2.3, 2.4]",0.00611353711790393,155,160,2.3,2.4,"(0.65, 0.7]"
"(155, 160]","(2.4, 2.5]",0.0034934497816593887,155,160,2.4,2.5,"(0.65, 0.7]"
"(155, 160]","(2.5, 2.6]",0.0026200873362445414,155,160,2.5,2.6,"(0.65, 0.7]"
"(155, 160]","(2.6, 2.7]",0.0034934497816593887,155,160,2.6,2.7,"(0.65, 0.7]"
"(155, 160]","(2.7, 2.8]",0.0017467248908296944,155,160,2.7,2.8,"(0.65, 0.7]"
"(155, 160]","(2.8, 2.9]",0.0008733624454148472,155,160,2.8,2.9,"(0.65, 0.7]"
"(155, 160]","(2.9, 3.0]",0.0026200873362445414,155,160,2.9,3.0,"(0.65, 0.7]"
"(155, 160]","(3.0, 3.1]",0.0069868995633187774,155,160,3.0,3.1,"(0.65, 0.7]"
"(155, 160]","(3.1, 3.2]",0.0026200873362445414,155,160,3.1,3.2,"(0.65, 0.7]"
"(160, 165]","(1.6, 1.7]",0.0008733624454148472,160,165,1.6,1.7,"(0.65, 0.7]"
"(160, 165]","(1.7, 1.8]",0.0008733624454148472,160,165,1.7,1.8,"(0.65, 0.7]"
"(160, 165]","(1.9, 2.0]",0.0017467248908296944,160,165,1.9,2.0,"(0.65, 0.7]"
"(160, 165]","(2.0, 2.1]",0.0017467248908296944,160,165,2.0,2.1,"(0.65, 0.7]"
"(160, 165]","(2.1, 2.2]",0.007860262008733625,160,165,2.1,2.2,"(0.65, 0.7]"
"(160, 165]","(2.2, 2.3]",0.0069868995633187774,160,165,2.2,2.3,"(0.65, 0.7]"
"(160, 165]","(2.3, 2.4]",0.0026200873362445414,160,165,2.3,2.4,"(0.65, 0.7]"
"(160, 165]","(2.4, 2.5]",0.0017467248908296944,160,165,2.4,2.5,"(0.65, 0.7]"
"(160, 165]","(2.5, 2.6]",0.0008733624454148472,160,165,2.5,2.6,"(0.65, 0.7]"
"(160, 165]","(2.6, 2.7]",0.0026200873362445414,160,165,2.6,2.7,"(0.65, 0.7]"
"(160, 165]","(2.7, 2.8]",0.0034934497816593887,160,165,2.7,2.8,"(0.65, 0.7]"
"(160, 165]","(2.8, 2.9]",0.0026200873362445414,160,165,2.8,2.9,"(0.65, 0.7]"
"(160, 165]","(2.9, 3.0]",0.0034934497816593887,160,165,2.9,3.0,"(0.65, 0.7]"
"(160, 165]","(3.0, 3.1]",0.0017467248908296944,160,165,3.0,3.1,"(0.65, 0.7]"
"(160, 165]","(3.1, 3.2]",0.0026200873362445414,160,165,3.1,3.2,"(0.65, 0.7]"
"(160, 165]","(3.2, 3.3]",0.0008733624454148472,160,165,3.2,3.3,"(0.65, 0.7]"
"(160, 165]","(3.3, 3.4]",0.0017467248908296944,160,165,3.3,3.4,"(0.65, 0.7]"
"(160, 165]","(3.4, 3.5]",0.0017467248908296944,160,165,3.4,3.5,"(0.65, 0.7]"
"(165, 170]","(1.5, 1.6]",0.0008733624454148472,165,170,1.5,1.6,"(0.65, 0.7]"
"(165, 170]","(1.7, 1.8]",0.0008733624454148472,165,170,1.7,1.8,"(0.65, 0.7]"
"(165, 170]","(1.8, 1.9]",0.0008733624454148472,165,170,1.8,1.9,"(0.65, 0.7]"
"(165, 170]","(1.9, 2.0]",0.0017467248908296944,165,170,1.9,2.0,"(0.65, 0.7]"
"(165, 170]","(2.0, 2.1]",0.0008733624454148472,165,170,2.0,2.1,"(0.65, 0.7]"
"(165, 170]","(2.1, 2.2]",0.0017467248908296944,165,170,2.1,2.2,"(0.65, 0.7]"
"(165, 170]","(2.2, 2.3]",0.0026200873362445414,165,170,2.2,2.3,"(0.65, 0.7]"
"(165, 170]","(2.3, 2.4]",0.0026200873362445414,165,170,2.3,2.4,"(0.65, 0.7]"
"(165, 170]","(2.5, 2.6]",0.0026200873362445414,165,170,2.5,2.6,"(0.65, 0.7]"
"(165, 170]","(2.7, 2.8]",0.0008733624454148472,165,170,2.7,2.8,"(0.65, 0.7]"
"(165, 170]","(2.8, 2.9]",0.0008733624454148472,165,170,2.8,2.9,"(0.65, 0.7]"
"(165, 170]","(2.9, 3.0]",0.004366812227074236,165,170,2.9,3.0,"(0.65, 0.7]"
"(165, 170]","(3.0, 3.1]",0.005240174672489083,165,170,3.0,3.1,"(0.65, 0.7]"
"(165, 170]","(3.1, 3.2]",0.0008733624454148472,165,170,3.1,3.2,"(0.65, 0.7]"
"(165, 170]","(3.2, 3.3]",0.0034934497816593887,165,170,3.2,3.3,"(0.65, 0.7]"
"(165, 170]","(3.3, 3.4]",0.0008733624454148472,165,170,3.3,3.4,"(0.65, 0.7]"
"(165, 170]","(3.4, 3.5]",0.0008733624454148472,165,170,3.4,3.5,"(0.65, 0.7]"
"(165, 170]","(3.5, 3.6]",0.0026200873362445414,165,170,3.5,3.6,"(0.65, 0.7]"
"(170, 175]","(1.2, 1.3]",0.0008733624454148472,170,175,1.2,1.3,"(0.65, 0.7]"
"(170, 175]","(1.7, 1.8]",0.0008733624454148472,170,175,1.7,1.8,"(0.65, 0.7]"
"(170, 175]","(2.0, 2.1]",0.0008733624454148472,170,175,2.0,2.1,"(0.65, 0.7]"
"(170, 175]","(2.1, 2.2]",0.0008733624454148472,170,175,2.1,2.2,"(0.65, 0.7]"
"(170, 175]","(2.2, 2.3]",0.0017467248908296944,170,175,2.2,2.3,"(0.65, 0.7]"
"(170, 175]","(2.4, 2.5]",0.0008733624454148472,170,175,2.4,2.5,"(0.65, 0.7]"
"(170, 175]","(2.6, 2.7]",0.0017467248908296944,170,175,2.6,2.7,"(0.65, 0.7]"
"(170, 175]","(2.7, 2.8]",0.0008733624454148472,170,175,2.7,2.8,"(0.65, 0.7]"
"(170, 175]","(2.9, 3.0]",0.0026200873362445414,170,175,2.9,3.0,"(0.65, 0.7]"
"(170, 175]","(3.0, 3.1]",0.00960698689956332,170,175,3.0,3.1,"(0.65, 0.7]"
"(170, 175]","(3.1, 3.2]",0.0069868995633187774,170,175,3.1,3.2,"(0.65, 0.7]"
"(170, 175]","(3.2, 3.3]",0.0008733624454148472,170,175,3.2,3.3,"(0.65, 0.7]"
"(170, 175]","(3.4, 3.5]",0.0008733624454148472,170,175,3.4,3.5,"(0.65, 0.7]"
"(175, 180]","(2.0, 2.1]",0.0008733624454148472,175,180,2.0,2.1,"(0.65, 0.7]"
"(175, 180]","(2.1, 2.2]",0.0017467248908296944,175,180,2.1,2.2,"(0.65, 0.7]"
"(175, 180]","(2.2, 2.3]",0.0017467248908296944,175,180,2.2,2.3,"(0.65, 0.7]"
"(175, 180]","(2.3, 2.4]",0.0017467248908296944,175,180,2.3,2.4,"(0.65, 0.7]"
"(175, 180]","(2.7, 2.8]",0.0017467248908296944,175,180,2.7,2.8,"(0.65, 0.7]"
"(175, 180]","(2.8, 2.9]",0.0017467248908296944,175,180,2.8,2.9,"(0.65, 0.7]"
"(175, 180]","(2.9, 3.0]",0.0034934497816593887,175,180,2.9,3.0,"(0.65, 0.7]"
"(175, 180]","(3.0, 3.1]",0.004366812227074236,175,180,3.0,3.1,"(0.65, 0.7]"
"(175, 180]","(3.1, 3.2]",0.0034934497816593887,175,180,3.1,3.2,"(0.65, 0.7]"
"(175, 180]","(3.2, 3.3]",0.0017467248908296944,175,180,3.2,3.3,"(0.65, 0.7]"
"(175, 180]","(3.4, 3.5]",0.0008733624454148472,175,180,3.4,3.5,"(0.65, 0.7]"
"(180, 185]","(1.3, 1.4]",0.0008733624454148472,180,185,1.3,1.4,"(0.65, 0.7]"
"(180, 185]","(1.9, 2.0]",0.0008733624454148472,180,185,1.9,2.0,"(0.65, 0.7]"
"(180, 185]","(2.1, 2.2]",0.0017467248908296944,180,185,2.1,2.2,"(0.65, 0.7]"
"(180, 185]","(2.2, 2.3]",0.0017467248908296944,180,185,2.2,2.3,"(0.65, 0.7]"
"(180, 185]","(2.3, 2.4]",0.0017467248908296944,180,185,2.3,2.4,"(0.65, 0.7]"
"(180, 185]","(2.5, 2.6]",0.0026200873362445414,180,185,2.5,2.6,"(0.65, 0.7]"
"(180, 185]","(2.6, 2.7]",0.0026200873362445414,180,185,2.6,2.7,"(0.65, 0.7]"
"(180, 185]","(2.7, 2.8]",0.0017467248908296944,180,185,2.7,2.8,"(0.65, 0.7]"
"(180, 185]","(2.9, 3.0]",0.0008733624454148472,180,185,2.9,3.0,"(0.65, 0.7]"
"(180, 185]","(3.0, 3.1]",0.0017467248908296944,180,185,3.0,3.1,"(0.65, 0.7]"
"(180, 185]","(3.1, 3.2]",0.0017467248908296944,180,185,3.1,3.2,"(0.65, 0.7]"
"(180, 185]","(3.4, 3.5]",0.0008733624454148472,180,185,3.4,3.5,"(0.65, 0.7]"
"(180, 185]","(3.5, 3.6]",0.0008733624454148472,180,185,3.5,3.6,"(0.65, 0.7]"
"(185, 190]","(1.7, 1.8]",0.0008733624454148472,185,190,1.7,1.8,"(0.65, 0.7]"
"(185, 190]","(2.1, 2.2]",0.0026200873362445414,185,190,2.1,2.2,"(0.65, 0.7]"
"(185, 190]","(2.2, 2.3]",0.0026200873362445414,185,190,2.2,2.3,"(0.65, 0.7]"
"(185, 190]","(2.3, 2.4]",0.0008733624454148472,185,190,2.3,2.4,"(0.65, 0.7]"
"(185, 190]","(2.4, 2.5]",0.0017467248908296944,185,190,2.4,2.5,"(0.65, 0.7]"
"(185, 190]","(2.5, 2.6]",0.0008733624454148472,185,190,2.5,2.6,"(0.65, 0.7]"
"(185, 190]","(2.6, 2.7]",0.0008733624454148472,185,190,2.6,2.7,"(0.65, 0.7]"
"(185, 190]","(2.7, 2.8]",0.0008733624454148472,185,190,2.7,2.8,"(0.65, 0.7]"
"(185, 190]","(2.8, 2.9]",0.0017467248908296944,185,190,2.8,2.9,"(0.65, 0.7]"
"(185, 190]","(3.0, 3.1]",0.0008733624454148472,185,190,3.0,3.1,"(0.65, 0.7]"
"(185, 190]","(3.1, 3.2]",0.0026200873362445414,185,190,3.1,3.2,"(0.65, 0.7]"
"(185, 190]","(3.2, 3.3]",0.0026200873362445414,185,190,3.2,3.3,"(0.65, 0.7]"
"(185, 190]","(3.3, 3.4]",0.0008733624454148472,185,190,3.3,3.4,"(0.65, 0.7]"
"(190, 195]","(1.9, 2.0]",0.0008733624454148472,190,195,1.9,2.0,"(0.65, 0.7]"
"(190, 195]","(2.0, 2.1]",0.0008733624454148472,190,195,2.0,2.1,"(0.65, 0.7]"
"(190, 195]","(2.1, 2.2]",0.0008733624454148472,190,195,2.1,2.2,"(0.65, 0.7]"
"(190, 195]","(2.2, 2.3]",0.0008733624454148472,190,195,2.2,2.3,"(0.65, 0.7]"
"(190, 195]","(2.5, 2.6]",0.0026200873362445414,190,195,2.5,2.6,"(0.65, 0.7]"
"(190, 195]","(2.8, 2.9]",0.0008733624454148472,190,195,2.8,2.9,"(0.65, 0.7]"
"(190, 195]","(2.9, 3.0]",0.0008733624454148472,190,195,2.9,3.0,"(0.65, 0.7]"
"(190, 195]","(3.0, 3.1]",0.0017467248908296944,190,195,3.0,3.1,"(0.65, 0.7]"
"(190, 195]","(3.1, 3.2]",0.004366812227074236,190,195,3.1,3.2,"(0.65, 0.7]"
"(190, 195]","(3.2, 3.3]",0.0017467248908296944,190,195,3.2,3.3,"(0.65, 0.7]"
"(190, 195]","(3.3, 3.4]",0.0008733624454148472,190,195,3.3,3.4,"(0.65, 0.7]"
"(190, 195]","(3.4, 3.5]",0.0008733624454148472,190,195,3.4,3.5,"(0.65, 0.7]"
"(195, 200]","(1.5, 1.6]",0.0008733624454148472,195,200,1.5,1.6,"(0.65, 0.7]"
"(195, 200]","(1.8, 1.9]",0.0008733624454148472,195,200,1.8,1.9,"(0.65, 0.7]"
"(195, 200]","(2.3, 2.4]",0.0008733624454148472,195,200,2.3,2.4,"(0.65, 0.7]"
"(195, 200]","(2.4, 2.5]",0.0008733624454148472,195,200,2.4,2.5,"(0.65, 0.7]"
"(195, 200]","(2.7, 2.8]",0.0008733624454148472,195,200,2.7,2.8,"(0.65, 0.7]"
"(195, 200]","(2.9, 3.0]",0.0034934497816593887,195,200,2.9,3.0,"(0.65, 0.7]"
"(195, 200]","(3.0, 3.1]",0.0034934497816593887,195,200,3.0,3.1,"(0.65, 0.7]"
"(195, 200]","(3.1, 3.2]",0.0034934497816593887,195,200,3.1,3.2,"(0.65, 0.7]"
"(195, 200]","(3.2, 3.3]",0.0008733624454148472,195,200,3.2,3.3,"(0.65, 0.7]"
"(195, 200]","(3.4, 3.5]",0.0008733624454148472,195,200,3.4,3.5,"(0.65, 0.7]"
"(200, 205]","(2.1, 2.2]",0.0008733624454148472,200,205,2.1,2.2,"(0.65, 0.7]"
"(200, 205]","(2.5, 2.6]",0.0008733624454148472,200,205,2.5,2.6,"(0.65, 0.7]"
"(200, 205]","(2.7, 2.8]",0.0017467248908296944,200,205,2.7,2.8,"(0.65, 0.7]"
"(200, 205]","(2.8, 2.9]",0.0008733624454148472,200,205,2.8,2.9,"(0.65, 0.7]"
"(200, 205]","(2.9, 3.0]",0.0034934497816593887,200,205,2.9,3.0,"(0.65, 0.7]"
"(200, 205]","(3.0, 3.1]",0.0017467248908296944,200,205,3.0,3.1,"(0.65, 0.7]"
"(200, 205]","(3.1, 3.2]",0.0017467248908296944,200,205,3.1,3.2,"(0.65, 0.7]"
"(200, 205]","(3.4, 3.5]",0.0008733624454148472,200,205,3.4,3.5,"(0.65, 0.7]"
"(205, 210]","(2.1, 2.2]",0.0008733624454148472,205,210,2.1,2.2,"(0.65, 0.7]"
"(205, 210]","(2.2, 2.3]",0.0008733624454148472,205,210,2.2,2.3,"(0.65, 0.7]"
"(205, 210]","(2.3, 2.4]",0.0008733624454148472,205,210,2.3,2.4,"(0.65, 0.7]"
"(205, 210]","(2.4, 2.5]",0.0008733624454148472,205,210,2.4,2.5,"(0.65, 0.7]"
"(205, 210]","(2.5, 2.6]",0.0008733624454148472,205,210,2.5,2.6,"(0.65, 0.7]"
"(205, 210]","(2.9, 3.0]",0.0008733624454148472,205,210,2.9,3.0,"(0.65, 0.7]"
"(205, 210]","(3.0, 3.1]",0.0017467248908296944,205,210,3.0,3.1,"(0.65, 0.7]"
"(205, 210]","(3.2, 3.3]",0.0017467248908296944,205,210,3.2,3.3,"(0.65, 0.7]"
"(210, 215]","(2.1, 2.2]",0.0008733624454148472,210,215,2.1,2.2,"(0.65, 0.7]"
"(210, 215]","(2.2, 2.3]",0.0008733624454148472,210,215,2.2,2.3,"(0.65, 0.7]"
"(210, 215]","(2.3, 2.4]",0.0034934497816593887,210,215,2.3,2.4,"(0.65, 0.7]"
"(210, 215]","(2.5, 2.6]",0.0017467248908296944,210,215,2.5,2.6,"(0.65, 0.7]"
"(210, 215]","(3.0, 3.1]",0.0034934497816593887,210,215,3.0,3.1,"(0.65, 0.7]"
"(210, 215]","(3.1, 3.2]",0.0034934497816593887,210,215,3.1,3.2,"(0.65, 0.7]"
"(215, 220]","(1.7, 1.8]",0.0008733624454148472,215,220,1.7,1.8,"(0.65, 0.7]"
"(215, 220]","(2.2, 2.3]",0.0008733624454148472,215,220,2.2,2.3,"(0.65, 0.7]"
"(215, 220]","(2.3, 2.4]",0.0008733624454148472,215,220,2.3,2.4,"(0.65, 0.7]"
"(215, 220]","(2.4, 2.5]",0.0008733624454148472,215,220,2.4,2.5,"(0.65, 0.7]"
"(215, 220]","(3.0, 3.1]",0.0008733624454148472,215,220,3.0,3.1,"(0.65, 0.7]"
"(215, 220]","(3.1, 3.2]",0.0017467248908296944,215,220,3.1,3.2,"(0.65, 0.7]"
"(215, 220]","(3.2, 3.3]",0.0008733624454148472,215,220,3.2,3.3,"(0.65, 0.7]"
"(220, 225]","(2.3, 2.4]",0.0017467248908296944,220,225,2.3,2.4,"(0.65, 0.7]"
"(220, 225]","(2.4, 2.5]",0.0008733624454148472,220,225,2.4,2.5,"(0.65, 0.7]"
"(220, 225]","(2.6, 2.7]",0.0008733624454148472,220,225,2.6,2.7,"(0.65, 0.7]"
"(220, 225]","(2.7, 2.8]",0.0008733624454148472,220,225,2.7,2.8,"(0.65, 0.7]"
"(220, 225]","(3.0, 3.1]",0.0026200873362445414,220,225,3.0,3.1,"(0.65, 0.7]"
"(220, 225]","(3.1, 3.2]",0.0008733624454148472,220,225,3.1,3.2,"(0.65, 0.7]"
"(225, 230]","(2.9, 3.0]",0.0008733624454148472,225,230,2.9,3.0,"(0.65, 0.7]"
"(225, 230]","(3.1, 3.2]",0.0008733624454148472,225,230,3.1,3.2,"(0.65, 0.7]"
"(230, 235]","(2.7, 2.8]",0.0008733624454148472,230,235,2.7,2.8,"(0.65, 0.7]"
"(230, 235]","(2.9, 3.0]",0.0008733624454148472,230,235,2.9,3.0,"(0.65, 0.7]"
"(230, 235]","(3.1, 3.2]",0.0008733624454148472,230,235,3.1,3.2,"(0.65, 0.7]"
"(230, 235]","(3.2, 3.3]",0.0008733624454148472,230,235,3.2,3.3,"(0.65, 0.7]"
"(230, 235]","(3.4, 3.5]",0.0008733624454148472,230,235,3.4,3.5,"(0.65, 0.7]"
"(235, 240]","(2.4, 2.5]",0.0008733624454148472,235,240,2.4,2.5,"(0.65, 0.7]"
"(235, 240]","(2.7, 2.8]",0.0008733624454148472,235,240,2.7,2.8,"(0.65, 0.7]"
"(235, 240]","(3.1, 3.2]",0.0008733624454148472,235,240,3.1,3.2,"(0.65, 0.7]"
"(240, 245]","(2.7, 2.8]",0.0008733624454148472,240,245,2.7,2.8,"(0.65, 0.7]"
"(240, 245]","(2.9, 3.0]",0.0008733624454148472,240,245,2.9,3.0,"(0.65, 0.7]"
"(245, 250]","(2.2, 2.3]",0.0008733624454148472,245,250,2.2,2.3,"(0.65, 0.7]"
"(245, 250]","(2.3, 2.4]",0.0008733624454148472,245,250,2.3,2.4,"(0.65, 0.7]"
"(245, 250]","(2.8, 2.9]",0.0008733624454148472,245,250,2.8,2.9,"(0.65, 0.7]"
"(245, 250]","(2.9, 3.0]",0.0008733624454148472,245,250,2.9,3.0,"(0.65, 0.7]"
"(250, 255]","(2.9, 3.0]",0.0008733624454148472,250,255,2.9,3.0,"(0.65, 0.7]"
"(250, 255]","(3.0, 3.1]",0.0017467248908296944,250,255,3.0,3.1,"(0.65, 0.7]"
"(250, 255]","(3.3, 3.4]",0.0008733624454148472,250,255,3.3,3.4,"(0.65, 0.7]"
"(255, 260]","(1.7, 1.8]",0.0017467248908296944,255,260,1.7,1.8,"(0.65, 0.7]"
"(255, 260]","(3.2, 3.3]",0.0008733624454148472,255,260,3.2,3.3,"(0.65, 0.7]"
"(260, 265]","(2.9, 3.0]",0.0017467248908296944,260,265,2.9,3.0,"(0.65, 0.7]"
"(260, 265]","(3.1, 3.2]",0.0017467248908296944,260,265,3.1,3.2,"(0.65, 0.7]"
"(265, 270]","(2.2, 2.3]",0.0008733624454148472,265,270,2.2,2.3,"(0.65, 0.7]"
"(270, 275]","(2.3, 2.4]",0.0008733624454148472,270,275,2.3,2.4,"(0.65, 0.7]"
"(270, 275]","(2.8, 2.9]",0.0008733624454148472,270,275,2.8,2.9,"(0.65, 0.7]"
"(270, 275]","(3.0, 3.1]",0.0008733624454148472,270,275,3.0,3.1,"(0.65, 0.7]"
"(270, 275]","(3.2, 3.3]",0.0008733624454148472,270,275,3.2,3.3,"(0.65, 0.7]"
"(290, 295]","(2.3, 2.4]",0.0008733624454148472,290,295,2.3,2.4,"(0.65, 0.7]"
"(300, 305]","(3.1, 3.2]",0.0008733624454148472,300,305,3.1,3.2,"(0.65, 0.7]"
"(305, 310]","(3.2, 3.3]",0.0008733624454148472,305,310,3.2,3.3,"(0.65, 0.7]"
"(305, 310]","(3.3, 3.4]",0.0008733624454148472,305,310,3.3,3.4,"(0.65, 0.7]"
"(320, 325]","(3.2, 3.3]",0.0008733624454148472,320,325,3.2,3.3,"(0.65, 0.7]"
"(340, 345]","(3.1, 3.2]",0.0008733624454148472,340,345,3.1,3.2,"(0.65, 0.7]"
"(60, 65]","(-2.6, -2.5]",0.0006887052341597796,60,65,-2.6,-2.5,"(0.7, 0.75]"
"(65, 70]","(-2.1, -2.0]",0.0006887052341597796,65,70,-2.1,-2.0,"(0.7, 0.75]"
"(65, 70]","(-1.9, -1.8]",0.0006887052341597796,65,70,-1.9,-1.8,"(0.7, 0.75]"
"(70, 75]","(-1.9, -1.8]",0.0006887052341597796,70,75,-1.9,-1.8,"(0.7, 0.75]"
"(70, 75]","(-1.8, -1.7]",0.0006887052341597796,70,75,-1.8,-1.7,"(0.7, 0.75]"
"(70, 75]","(-1.7, -1.6]",0.002066115702479339,70,75,-1.7,-1.6,"(0.7, 0.75]"
"(70, 75]","(-1.6, -1.5]",0.0006887052341597796,70,75,-1.6,-1.5,"(0.7, 0.75]"
"(70, 75]","(-1.4, -1.3]",0.0006887052341597796,70,75,-1.4,-1.3,"(0.7, 0.75]"
"(75, 80]","(-1.8, -1.7]",0.0006887052341597796,75,80,-1.8,-1.7,"(0.7, 0.75]"
"(75, 80]","(-1.7, -1.6]",0.0006887052341597796,75,80,-1.7,-1.6,"(0.7, 0.75]"
"(75, 80]","(-0.9, -0.8]",0.0013774104683195593,75,80,-0.9,-0.8,"(0.7, 0.75]"
"(75, 80]","(-0.6, -0.5]",0.0006887052341597796,75,80,-0.6,-0.5,"(0.7, 0.75]"
"(75, 80]","(-0.5, -0.4]",0.0006887052341597796,75,80,-0.5,-0.4,"(0.7, 0.75]"
"(80, 85]","(-0.8, -0.7]",0.0006887052341597796,80,85,-0.8,-0.7,"(0.7, 0.75]"
"(80, 85]","(-0.6, -0.5]",0.002066115702479339,80,85,-0.6,-0.5,"(0.7, 0.75]"
"(80, 85]","(-0.5, -0.4]",0.0006887052341597796,80,85,-0.5,-0.4,"(0.7, 0.75]"
"(80, 85]","(-0.4, -0.3]",0.002066115702479339,80,85,-0.4,-0.3,"(0.7, 0.75]"
"(80, 85]","(-0.2, -0.1]",0.0006887052341597796,80,85,-0.2,-0.1,"(0.7, 0.75]"
"(80, 85]","(-0.1, 0.0]",0.002066115702479339,80,85,-0.1,0.0,"(0.7, 0.75]"
"(80, 85]","(0.0, 0.1]",0.006887052341597796,80,85,0.0,0.1,"(0.7, 0.75]"
"(80, 85]","(0.1, 0.2]",0.006887052341597796,80,85,0.1,0.2,"(0.7, 0.75]"
"(85, 90]","(-0.4, -0.3]",0.0006887052341597796,85,90,-0.4,-0.3,"(0.7, 0.75]"
"(85, 90]","(-0.3, -0.2]",0.0006887052341597796,85,90,-0.3,-0.2,"(0.7, 0.75]"
"(85, 90]","(-0.2, -0.1]",0.0027548209366391185,85,90,-0.2,-0.1,"(0.7, 0.75]"
"(85, 90]","(-0.1, 0.0]",0.002066115702479339,85,90,-0.1,0.0,"(0.7, 0.75]"
"(85, 90]","(0.0, 0.1]",0.011019283746556474,85,90,0.0,0.1,"(0.7, 0.75]"
"(85, 90]","(0.1, 0.2]",0.03581267217630854,85,90,0.1,0.2,"(0.7, 0.75]"
"(85, 90]","(0.2, 0.3]",0.0006887052341597796,85,90,0.2,0.3,"(0.7, 0.75]"
"(85, 90]","(0.4, 0.5]",0.0027548209366391185,85,90,0.4,0.5,"(0.7, 0.75]"
"(85, 90]","(0.5, 0.6]",0.004132231404958678,85,90,0.5,0.6,"(0.7, 0.75]"
"(85, 90]","(0.6, 0.7]",0.0013774104683195593,85,90,0.6,0.7,"(0.7, 0.75]"
"(85, 90]","(0.7, 0.8]",0.003443526170798898,85,90,0.7,0.8,"(0.7, 0.75]"
"(85, 90]","(0.9, 1.0]",0.0013774104683195593,85,90,0.9,1.0,"(0.7, 0.75]"
"(90, 95]","(0.0, 0.1]",0.0006887052341597796,90,95,0.0,0.1,"(0.7, 0.75]"
"(90, 95]","(0.1, 0.2]",0.003443526170798898,90,95,0.1,0.2,"(0.7, 0.75]"
"(90, 95]","(0.5, 0.6]",0.002066115702479339,90,95,0.5,0.6,"(0.7, 0.75]"
"(90, 95]","(0.6, 0.7]",0.004132231404958678,90,95,0.6,0.7,"(0.7, 0.75]"
"(90, 95]","(0.7, 0.8]",0.002066115702479339,90,95,0.7,0.8,"(0.7, 0.75]"
"(90, 95]","(0.8, 0.9]",0.0027548209366391185,90,95,0.8,0.9,"(0.7, 0.75]"
"(90, 95]","(1.0, 1.1]",0.003443526170798898,90,95,1.0,1.1,"(0.7, 0.75]"
"(90, 95]","(1.1, 1.2]",0.006198347107438017,90,95,1.1,1.2,"(0.7, 0.75]"
"(90, 95]","(1.2, 1.3]",0.002066115702479339,90,95,1.2,1.3,"(0.7, 0.75]"
"(90, 95]","(1.3, 1.4]",0.0027548209366391185,90,95,1.3,1.4,"(0.7, 0.75]"
"(90, 95]","(1.4, 1.5]",0.0006887052341597796,90,95,1.4,1.5,"(0.7, 0.75]"
"(90, 95]","(1.7, 1.8]",0.0006887052341597796,90,95,1.7,1.8,"(0.7, 0.75]"
"(90, 95]","(2.0, 2.1]",0.0006887052341597796,90,95,2.0,2.1,"(0.7, 0.75]"
"(95, 100]","(0.6, 0.7]",0.0006887052341597796,95,100,0.6,0.7,"(0.7, 0.75]"
"(95, 100]","(0.9, 1.0]",0.0006887052341597796,95,100,0.9,1.0,"(0.7, 0.75]"
"(95, 100]","(1.0, 1.1]",0.0027548209366391185,95,100,1.0,1.1,"(0.7, 0.75]"
"(95, 100]","(1.1, 1.2]",0.013085399449035813,95,100,1.1,1.2,"(0.7, 0.75]"
"(95, 100]","(1.2, 1.3]",0.0013774104683195593,95,100,1.2,1.3,"(0.7, 0.75]"
"(95, 100]","(1.3, 1.4]",0.003443526170798898,95,100,1.3,1.4,"(0.7, 0.75]"
"(95, 100]","(1.4, 1.5]",0.002066115702479339,95,100,1.4,1.5,"(0.7, 0.75]"
"(95, 100]","(1.5, 1.6]",0.0013774104683195593,95,100,1.5,1.6,"(0.7, 0.75]"
"(95, 100]","(1.6, 1.7]",0.002066115702479339,95,100,1.6,1.7,"(0.7, 0.75]"
"(95, 100]","(1.8, 1.9]",0.0006887052341597796,95,100,1.8,1.9,"(0.7, 0.75]"
"(95, 100]","(1.9, 2.0]",0.0006887052341597796,95,100,1.9,2.0,"(0.7, 0.75]"
"(95, 100]","(2.0, 2.1]",0.02203856749311295,95,100,2.0,2.1,"(0.7, 0.75]"
"(95, 100]","(2.1, 2.2]",0.003443526170798898,95,100,2.1,2.2,"(0.7, 0.75]"
"(95, 100]","(2.2, 2.3]",0.011707988980716254,95,100,2.2,2.3,"(0.7, 0.75]"
"(95, 100]","(2.3, 2.4]",0.0027548209366391185,95,100,2.3,2.4,"(0.7, 0.75]"
"(95, 100]","(2.4, 2.5]",0.0013774104683195593,95,100,2.4,2.5,"(0.7, 0.75]"
"(95, 100]","(2.6, 2.7]",0.0006887052341597796,95,100,2.6,2.7,"(0.7, 0.75]"
"(95, 100]","(2.7, 2.8]",0.0006887052341597796,95,100,2.7,2.8,"(0.7, 0.75]"
"(100, 105]","(1.1, 1.2]",0.002066115702479339,100,105,1.1,1.2,"(0.7, 0.75]"
"(100, 105]","(1.4, 1.5]",0.0013774104683195593,100,105,1.4,1.5,"(0.7, 0.75]"
"(100, 105]","(1.5, 1.6]",0.0013774104683195593,100,105,1.5,1.6,"(0.7, 0.75]"
"(100, 105]","(1.6, 1.7]",0.0006887052341597796,100,105,1.6,1.7,"(0.7, 0.75]"
"(100, 105]","(1.7, 1.8]",0.0013774104683195593,100,105,1.7,1.8,"(0.7, 0.75]"
"(100, 105]","(1.8, 1.9]",0.0006887052341597796,100,105,1.8,1.9,"(0.7, 0.75]"
"(100, 105]","(2.0, 2.1]",0.006198347107438017,100,105,2.0,2.1,"(0.7, 0.75]"
"(100, 105]","(2.1, 2.2]",0.0013774104683195593,100,105,2.1,2.2,"(0.7, 0.75]"
"(100, 105]","(2.2, 2.3]",0.008264462809917356,100,105,2.2,2.3,"(0.7, 0.75]"
"(100, 105]","(2.3, 2.4]",0.005509641873278237,100,105,2.3,2.4,"(0.7, 0.75]"
"(100, 105]","(2.4, 2.5]",0.003443526170798898,100,105,2.4,2.5,"(0.7, 0.75]"
"(100, 105]","(2.5, 2.6]",0.006887052341597796,100,105,2.5,2.6,"(0.7, 0.75]"
"(100, 105]","(2.6, 2.7]",0.004132231404958678,100,105,2.6,2.7,"(0.7, 0.75]"
"(100, 105]","(2.7, 2.8]",0.005509641873278237,100,105,2.7,2.8,"(0.7, 0.75]"
"(100, 105]","(2.8, 2.9]",0.01584022038567493,100,105,2.8,2.9,"(0.7, 0.75]"
"(100, 105]","(2.9, 3.0]",0.008953168044077135,100,105,2.9,3.0,"(0.7, 0.75]"
"(105, 110]","(0.8, 0.9]",0.0006887052341597796,105,110,0.8,0.9,"(0.7, 0.75]"
"(105, 110]","(1.0, 1.1]",0.0006887052341597796,105,110,1.0,1.1,"(0.7, 0.75]"
"(105, 110]","(1.1, 1.2]",0.0013774104683195593,105,110,1.1,1.2,"(0.7, 0.75]"
"(105, 110]","(2.1, 2.2]",0.0013774104683195593,105,110,2.1,2.2,"(0.7, 0.75]"
"(105, 110]","(2.2, 2.3]",0.0006887052341597796,105,110,2.2,2.3,"(0.7, 0.75]"
"(105, 110]","(2.3, 2.4]",0.002066115702479339,105,110,2.3,2.4,"(0.7, 0.75]"
"(105, 110]","(2.4, 2.5]",0.0006887052341597796,105,110,2.4,2.5,"(0.7, 0.75]"
"(105, 110]","(2.5, 2.6]",0.0027548209366391185,105,110,2.5,2.6,"(0.7, 0.75]"
"(105, 110]","(2.6, 2.7]",0.0006887052341597796,105,110,2.6,2.7,"(0.7, 0.75]"
"(105, 110]","(2.7, 2.8]",0.004132231404958678,105,110,2.7,2.8,"(0.7, 0.75]"
"(105, 110]","(2.8, 2.9]",0.008264462809917356,105,110,2.8,2.9,"(0.7, 0.75]"
"(105, 110]","(2.9, 3.0]",0.006887052341597796,105,110,2.9,3.0,"(0.7, 0.75]"
"(105, 110]","(3.0, 3.1]",0.002066115702479339,105,110,3.0,3.1,"(0.7, 0.75]"
"(105, 110]","(3.1, 3.2]",0.0013774104683195593,105,110,3.1,3.2,"(0.7, 0.75]"
"(105, 110]","(3.2, 3.3]",0.0006887052341597796,105,110,3.2,3.3,"(0.7, 0.75]"
"(105, 110]","(3.3, 3.4]",0.0006887052341597796,105,110,3.3,3.4,"(0.7, 0.75]"
"(110, 115]","(0.9, 1.0]",0.0006887052341597796,110,115,0.9,1.0,"(0.7, 0.75]"
"(110, 115]","(1.0, 1.1]",0.0006887052341597796,110,115,1.0,1.1,"(0.7, 0.75]"
"(110, 115]","(1.1, 1.2]",0.0006887052341597796,110,115,1.1,1.2,"(0.7, 0.75]"
"(110, 115]","(1.2, 1.3]",0.0006887052341597796,110,115,1.2,1.3,"(0.7, 0.75]"
"(110, 115]","(1.4, 1.5]",0.0006887052341597796,110,115,1.4,1.5,"(0.7, 0.75]"
"(110, 115]","(1.5, 1.6]",0.0006887052341597796,110,115,1.5,1.6,"(0.7, 0.75]"
"(110, 115]","(1.9, 2.0]",0.0006887052341597796,110,115,1.9,2.0,"(0.7, 0.75]"
"(110, 115]","(2.0, 2.1]",0.0048209366391184574,110,115,2.0,2.1,"(0.7, 0.75]"
"(110, 115]","(2.1, 2.2]",0.008264462809917356,110,115,2.1,2.2,"(0.7, 0.75]"
"(110, 115]","(2.2, 2.3]",0.008264462809917356,110,115,2.2,2.3,"(0.7, 0.75]"
"(110, 115]","(2.3, 2.4]",0.0048209366391184574,110,115,2.3,2.4,"(0.7, 0.75]"
"(110, 115]","(2.4, 2.5]",0.0013774104683195593,110,115,2.4,2.5,"(0.7, 0.75]"
"(110, 115]","(2.5, 2.6]",0.0006887052341597796,110,115,2.5,2.6,"(0.7, 0.75]"
"(110, 115]","(2.6, 2.7]",0.004132231404958678,110,115,2.6,2.7,"(0.7, 0.75]"
"(110, 115]","(2.7, 2.8]",0.0006887052341597796,110,115,2.7,2.8,"(0.7, 0.75]"
"(110, 115]","(2.8, 2.9]",0.007575757575757576,110,115,2.8,2.9,"(0.7, 0.75]"
"(110, 115]","(2.9, 3.0]",0.004132231404958678,110,115,2.9,3.0,"(0.7, 0.75]"
"(110, 115]","(3.0, 3.1]",0.0006887052341597796,110,115,3.0,3.1,"(0.7, 0.75]"
"(110, 115]","(3.1, 3.2]",0.0006887052341597796,110,115,3.1,3.2,"(0.7, 0.75]"
"(110, 115]","(3.3, 3.4]",0.0006887052341597796,110,115,3.3,3.4,"(0.7, 0.75]"
"(115, 120]","(0.9, 1.0]",0.0013774104683195593,115,120,0.9,1.0,"(0.7, 0.75]"
"(115, 120]","(1.3, 1.4]",0.0006887052341597796,115,120,1.3,1.4,"(0.7, 0.75]"
"(115, 120]","(1.4, 1.5]",0.0006887052341597796,115,120,1.4,1.5,"(0.7, 0.75]"
"(115, 120]","(1.5, 1.6]",0.0013774104683195593,115,120,1.5,1.6,"(0.7, 0.75]"
"(115, 120]","(1.7, 1.8]",0.0013774104683195593,115,120,1.7,1.8,"(0.7, 0.75]"
"(115, 120]","(1.8, 1.9]",0.0013774104683195593,115,120,1.8,1.9,"(0.7, 0.75]"
"(115, 120]","(1.9, 2.0]",0.0006887052341597796,115,120,1.9,2.0,"(0.7, 0.75]"
"(115, 120]","(2.0, 2.1]",0.005509641873278237,115,120,2.0,2.1,"(0.7, 0.75]"
"(115, 120]","(2.1, 2.2]",0.013774104683195593,115,120,2.1,2.2,"(0.7, 0.75]"
"(115, 120]","(2.2, 2.3]",0.008953168044077135,115,120,2.2,2.3,"(0.7, 0.75]"
"(115, 120]","(2.3, 2.4]",0.0048209366391184574,115,120,2.3,2.4,"(0.7, 0.75]"
"(115, 120]","(2.4, 2.5]",0.0013774104683195593,115,120,2.4,2.5,"(0.7, 0.75]"
"(115, 120]","(2.5, 2.6]",0.004132231404958678,115,120,2.5,2.6,"(0.7, 0.75]"
"(115, 120]","(2.6, 2.7]",0.0048209366391184574,115,120,2.6,2.7,"(0.7, 0.75]"
"(115, 120]","(2.7, 2.8]",0.005509641873278237,115,120,2.7,2.8,"(0.7, 0.75]"
"(115, 120]","(2.8, 2.9]",0.013774104683195593,115,120,2.8,2.9,"(0.7, 0.75]"
"(115, 120]","(2.9, 3.0]",0.012396694214876033,115,120,2.9,3.0,"(0.7, 0.75]"
"(115, 120]","(3.0, 3.1]",0.009641873278236915,115,120,3.0,3.1,"(0.7, 0.75]"
"(115, 120]","(3.1, 3.2]",0.0006887052341597796,115,120,3.1,3.2,"(0.7, 0.75]"
"(115, 120]","(3.4, 3.5]",0.0006887052341597796,115,120,3.4,3.5,"(0.7, 0.75]"
"(120, 125]","(1.2, 1.3]",0.0006887052341597796,120,125,1.2,1.3,"(0.7, 0.75]"
"(120, 125]","(1.3, 1.4]",0.0006887052341597796,120,125,1.3,1.4,"(0.7, 0.75]"
"(120, 125]","(1.4, 1.5]",0.0006887052341597796,120,125,1.4,1.5,"(0.7, 0.75]"
"(120, 125]","(1.6, 1.7]",0.0006887052341597796,120,125,1.6,1.7,"(0.7, 0.75]"
"(120, 125]","(1.7, 1.8]",0.0027548209366391185,120,125,1.7,1.8,"(0.7, 0.75]"
"(120, 125]","(2.0, 2.1]",0.0048209366391184574,120,125,2.0,2.1,"(0.7, 0.75]"
"(120, 125]","(2.1, 2.2]",0.0013774104683195593,120,125,2.1,2.2,"(0.7, 0.75]"
"(120, 125]","(2.2, 2.3]",0.009641873278236915,120,125,2.2,2.3,"(0.7, 0.75]"
"(120, 125]","(2.3, 2.4]",0.0048209366391184574,120,125,2.3,2.4,"(0.7, 0.75]"
"(120, 125]","(2.4, 2.5]",0.0013774104683195593,120,125,2.4,2.5,"(0.7, 0.75]"
"(120, 125]","(2.5, 2.6]",0.0027548209366391185,120,125,2.5,2.6,"(0.7, 0.75]"
"(120, 125]","(2.6, 2.7]",0.004132231404958678,120,125,2.6,2.7,"(0.7, 0.75]"
"(120, 125]","(2.7, 2.8]",0.0027548209366391185,120,125,2.7,2.8,"(0.7, 0.75]"
"(120, 125]","(2.8, 2.9]",0.0048209366391184574,120,125,2.8,2.9,"(0.7, 0.75]"
"(120, 125]","(2.9, 3.0]",0.009641873278236915,120,125,2.9,3.0,"(0.7, 0.75]"
"(120, 125]","(3.0, 3.1]",0.007575757575757576,120,125,3.0,3.1,"(0.7, 0.75]"
"(120, 125]","(3.1, 3.2]",0.002066115702479339,120,125,3.1,3.2,"(0.7, 0.75]"
"(120, 125]","(3.3, 3.4]",0.0006887052341597796,120,125,3.3,3.4,"(0.7, 0.75]"
"(120, 125]","(3.4, 3.5]",0.0013774104683195593,120,125,3.4,3.5,"(0.7, 0.75]"
"(125, 130]","(1.2, 1.3]",0.0006887052341597796,125,130,1.2,1.3,"(0.7, 0.75]"
"(125, 130]","(1.4, 1.5]",0.0013774104683195593,125,130,1.4,1.5,"(0.7, 0.75]"
"(125, 130]","(1.8, 1.9]",0.0006887052341597796,125,130,1.8,1.9,"(0.7, 0.75]"
"(125, 130]","(1.9, 2.0]",0.0006887052341597796,125,130,1.9,2.0,"(0.7, 0.75]"
"(125, 130]","(2.0, 2.1]",0.0048209366391184574,125,130,2.0,2.1,"(0.7, 0.75]"
"(125, 130]","(2.1, 2.2]",0.003443526170798898,125,130,2.1,2.2,"(0.7, 0.75]"
"(125, 130]","(2.2, 2.3]",0.006887052341597796,125,130,2.2,2.3,"(0.7, 0.75]"
"(125, 130]","(2.3, 2.4]",0.006887052341597796,125,130,2.3,2.4,"(0.7, 0.75]"
"(125, 130]","(2.4, 2.5]",0.004132231404958678,125,130,2.4,2.5,"(0.7, 0.75]"
"(125, 130]","(2.5, 2.6]",0.002066115702479339,125,130,2.5,2.6,"(0.7, 0.75]"
"(125, 130]","(2.6, 2.7]",0.002066115702479339,125,130,2.6,2.7,"(0.7, 0.75]"
"(125, 130]","(2.7, 2.8]",0.002066115702479339,125,130,2.7,2.8,"(0.7, 0.75]"
"(125, 130]","(2.8, 2.9]",0.002066115702479339,125,130,2.8,2.9,"(0.7, 0.75]"
"(125, 130]","(2.9, 3.0]",0.0013774104683195593,125,130,2.9,3.0,"(0.7, 0.75]"
"(125, 130]","(3.0, 3.1]",0.0006887052341597796,125,130,3.0,3.1,"(0.7, 0.75]"
"(125, 130]","(3.2, 3.3]",0.0006887052341597796,125,130,3.2,3.3,"(0.7, 0.75]"
"(125, 130]","(3.4, 3.5]",0.0006887052341597796,125,130,3.4,3.5,"(0.7, 0.75]"
"(125, 130]","(3.5, 3.6]",0.0006887052341597796,125,130,3.5,3.6,"(0.7, 0.75]"
"(130, 135]","(1.2, 1.3]",0.0006887052341597796,130,135,1.2,1.3,"(0.7, 0.75]"
"(130, 135]","(1.3, 1.4]",0.0006887052341597796,130,135,1.3,1.4,"(0.7, 0.75]"
"(130, 135]","(1.5, 1.6]",0.0006887052341597796,130,135,1.5,1.6,"(0.7, 0.75]"
"(130, 135]","(1.8, 1.9]",0.0013774104683195593,130,135,1.8,1.9,"(0.7, 0.75]"
"(130, 135]","(1.9, 2.0]",0.0013774104683195593,130,135,1.9,2.0,"(0.7, 0.75]"
"(130, 135]","(2.0, 2.1]",0.005509641873278237,130,135,2.0,2.1,"(0.7, 0.75]"
"(130, 135]","(2.1, 2.2]",0.003443526170798898,130,135,2.1,2.2,"(0.7, 0.75]"
"(130, 135]","(2.2, 2.3]",0.015151515151515152,130,135,2.2,2.3,"(0.7, 0.75]"
"(130, 135]","(2.3, 2.4]",0.007575757575757576,130,135,2.3,2.4,"(0.7, 0.75]"
"(130, 135]","(2.4, 2.5]",0.0006887052341597796,130,135,2.4,2.5,"(0.7, 0.75]"
"(130, 135]","(2.7, 2.8]",0.002066115702479339,130,135,2.7,2.8,"(0.7, 0.75]"
"(130, 135]","(2.8, 2.9]",0.0006887052341597796,130,135,2.8,2.9,"(0.7, 0.75]"
"(130, 135]","(3.0, 3.1]",0.0013774104683195593,130,135,3.0,3.1,"(0.7, 0.75]"
"(130, 135]","(3.1, 3.2]",0.0006887052341597796,130,135,3.1,3.2,"(0.7, 0.75]"
"(130, 135]","(3.2, 3.3]",0.0006887052341597796,130,135,3.2,3.3,"(0.7, 0.75]"
"(130, 135]","(3.4, 3.5]",0.0013774104683195593,130,135,3.4,3.5,"(0.7, 0.75]"
"(135, 140]","(1.3, 1.4]",0.0006887052341597796,135,140,1.3,1.4,"(0.7, 0.75]"
"(135, 140]","(1.4, 1.5]",0.0013774104683195593,135,140,1.4,1.5,"(0.7, 0.75]"
"(135, 140]","(1.6, 1.7]",0.002066115702479339,135,140,1.6,1.7,"(0.7, 0.75]"
"(135, 140]","(1.8, 1.9]",0.0013774104683195593,135,140,1.8,1.9,"(0.7, 0.75]"
"(135, 140]","(1.9, 2.0]",0.0013774104683195593,135,140,1.9,2.0,"(0.7, 0.75]"
"(135, 140]","(2.0, 2.1]",0.003443526170798898,135,140,2.0,2.1,"(0.7, 0.75]"
"(135, 140]","(2.1, 2.2]",0.0013774104683195593,135,140,2.1,2.2,"(0.7, 0.75]"
"(135, 140]","(2.2, 2.3]",0.0013774104683195593,135,140,2.2,2.3,"(0.7, 0.75]"
"(135, 140]","(2.3, 2.4]",0.007575757575757576,135,140,2.3,2.4,"(0.7, 0.75]"
"(135, 140]","(2.4, 2.5]",0.0006887052341597796,135,140,2.4,2.5,"(0.7, 0.75]"
"(135, 140]","(2.5, 2.6]",0.0006887052341597796,135,140,2.5,2.6,"(0.7, 0.75]"
"(135, 140]","(2.6, 2.7]",0.0027548209366391185,135,140,2.6,2.7,"(0.7, 0.75]"
"(135, 140]","(2.7, 2.8]",0.0027548209366391185,135,140,2.7,2.8,"(0.7, 0.75]"
"(135, 140]","(2.8, 2.9]",0.0013774104683195593,135,140,2.8,2.9,"(0.7, 0.75]"
"(135, 140]","(2.9, 3.0]",0.004132231404958678,135,140,2.9,3.0,"(0.7, 0.75]"
"(135, 140]","(3.0, 3.1]",0.003443526170798898,135,140,3.0,3.1,"(0.7, 0.75]"
"(135, 140]","(3.1, 3.2]",0.0013774104683195593,135,140,3.1,3.2,"(0.7, 0.75]"
"(135, 140]","(3.4, 3.5]",0.0006887052341597796,135,140,3.4,3.5,"(0.7, 0.75]"
"(135, 140]","(3.5, 3.6]",0.0006887052341597796,135,140,3.5,3.6,"(0.7, 0.75]"
"(140, 145]","(1.3, 1.4]",0.0006887052341597796,140,145,1.3,1.4,"(0.7, 0.75]"
"(140, 145]","(1.4, 1.5]",0.0006887052341597796,140,145,1.4,1.5,"(0.7, 0.75]"
"(140, 145]","(1.5, 1.6]",0.002066115702479339,140,145,1.5,1.6,"(0.7, 0.75]"
"(140, 145]","(1.6, 1.7]",0.0006887052341597796,140,145,1.6,1.7,"(0.7, 0.75]"
"(140, 145]","(1.7, 1.8]",0.0006887052341597796,140,145,1.7,1.8,"(0.7, 0.75]"
"(140, 145]","(1.8, 1.9]",0.002066115702479339,140,145,1.8,1.9,"(0.7, 0.75]"
"(140, 145]","(2.0, 2.1]",0.0013774104683195593,140,145,2.0,2.1,"(0.7, 0.75]"
"(140, 145]","(2.1, 2.2]",0.0013774104683195593,140,145,2.1,2.2,"(0.7, 0.75]"
"(140, 145]","(2.2, 2.3]",0.0013774104683195593,140,145,2.2,2.3,"(0.7, 0.75]"
"(140, 145]","(2.3, 2.4]",0.0013774104683195593,140,145,2.3,2.4,"(0.7, 0.75]"
"(140, 145]","(2.4, 2.5]",0.0006887052341597796,140,145,2.4,2.5,"(0.7, 0.75]"
"(140, 145]","(2.5, 2.6]",0.002066115702479339,140,145,2.5,2.6,"(0.7, 0.75]"
"(140, 145]","(2.6, 2.7]",0.0027548209366391185,140,145,2.6,2.7,"(0.7, 0.75]"
"(140, 145]","(2.7, 2.8]",0.0013774104683195593,140,145,2.7,2.8,"(0.7, 0.75]"
"(140, 145]","(2.8, 2.9]",0.0013774104683195593,140,145,2.8,2.9,"(0.7, 0.75]"
"(140, 145]","(2.9, 3.0]",0.005509641873278237,140,145,2.9,3.0,"(0.7, 0.75]"
"(140, 145]","(3.0, 3.1]",0.004132231404958678,140,145,3.0,3.1,"(0.7, 0.75]"
"(140, 145]","(3.1, 3.2]",0.002066115702479339,140,145,3.1,3.2,"(0.7, 0.75]"
"(140, 145]","(3.2, 3.3]",0.0006887052341597796,140,145,3.2,3.3,"(0.7, 0.75]"
"(140, 145]","(3.4, 3.5]",0.0006887052341597796,140,145,3.4,3.5,"(0.7, 0.75]"
"(140, 145]","(3.5, 3.6]",0.0006887052341597796,140,145,3.5,3.6,"(0.7, 0.75]"
"(145, 150]","(1.5, 1.6]",0.0006887052341597796,145,150,1.5,1.6,"(0.7, 0.75]"
"(145, 150]","(1.8, 1.9]",0.0006887052341597796,145,150,1.8,1.9,"(0.7, 0.75]"
"(145, 150]","(2.1, 2.2]",0.0006887052341597796,145,150,2.1,2.2,"(0.7, 0.75]"
"(145, 150]","(2.3, 2.4]",0.004132231404958678,145,150,2.3,2.4,"(0.7, 0.75]"
"(145, 150]","(2.4, 2.5]",0.0013774104683195593,145,150,2.4,2.5,"(0.7, 0.75]"
"(145, 150]","(2.5, 2.6]",0.0006887052341597796,145,150,2.5,2.6,"(0.7, 0.75]"
"(145, 150]","(2.6, 2.7]",0.0013774104683195593,145,150,2.6,2.7,"(0.7, 0.75]"
"(145, 150]","(2.7, 2.8]",0.002066115702479339,145,150,2.7,2.8,"(0.7, 0.75]"
"(145, 150]","(2.8, 2.9]",0.002066115702479339,145,150,2.8,2.9,"(0.7, 0.75]"
"(145, 150]","(2.9, 3.0]",0.006887052341597796,145,150,2.9,3.0,"(0.7, 0.75]"
"(145, 150]","(3.0, 3.1]",0.007575757575757576,145,150,3.0,3.1,"(0.7, 0.75]"
"(145, 150]","(3.1, 3.2]",0.004132231404958678,145,150,3.1,3.2,"(0.7, 0.75]"
"(145, 150]","(3.2, 3.3]",0.0006887052341597796,145,150,3.2,3.3,"(0.7, 0.75]"
"(145, 150]","(3.4, 3.5]",0.0006887052341597796,145,150,3.4,3.5,"(0.7, 0.75]"
"(150, 155]","(1.4, 1.5]",0.0006887052341597796,150,155,1.4,1.5,"(0.7, 0.75]"
"(150, 155]","(1.5, 1.6]",0.0006887052341597796,150,155,1.5,1.6,"(0.7, 0.75]"
"(150, 155]","(1.7, 1.8]",0.0006887052341597796,150,155,1.7,1.8,"(0.7, 0.75]"
"(150, 155]","(1.9, 2.0]",0.0006887052341597796,150,155,1.9,2.0,"(0.7, 0.75]"
"(150, 155]","(2.0, 2.1]",0.0013774104683195593,150,155,2.0,2.1,"(0.7, 0.75]"
"(150, 155]","(2.1, 2.2]",0.002066115702479339,150,155,2.1,2.2,"(0.7, 0.75]"
"(150, 155]","(2.2, 2.3]",0.0013774104683195593,150,155,2.2,2.3,"(0.7, 0.75]"
"(150, 155]","(2.3, 2.4]",0.0048209366391184574,150,155,2.3,2.4,"(0.7, 0.75]"
"(150, 155]","(2.4, 2.5]",0.003443526170798898,150,155,2.4,2.5,"(0.7, 0.75]"
"(150, 155]","(2.6, 2.7]",0.0013774104683195593,150,155,2.6,2.7,"(0.7, 0.75]"
"(150, 155]","(2.7, 2.8]",0.002066115702479339,150,155,2.7,2.8,"(0.7, 0.75]"
"(150, 155]","(2.8, 2.9]",0.004132231404958678,150,155,2.8,2.9,"(0.7, 0.75]"
"(150, 155]","(2.9, 3.0]",0.008953168044077135,150,155,2.9,3.0,"(0.7, 0.75]"
"(150, 155]","(3.0, 3.1]",0.008264462809917356,150,155,3.0,3.1,"(0.7, 0.75]"
"(150, 155]","(3.1, 3.2]",0.0048209366391184574,150,155,3.1,3.2,"(0.7, 0.75]"
"(150, 155]","(3.2, 3.3]",0.0013774104683195593,150,155,3.2,3.3,"(0.7, 0.75]"
"(150, 155]","(3.3, 3.4]",0.0006887052341597796,150,155,3.3,3.4,"(0.7, 0.75]"
"(155, 160]","(1.6, 1.7]",0.0006887052341597796,155,160,1.6,1.7,"(0.7, 0.75]"
"(155, 160]","(1.8, 1.9]",0.0013774104683195593,155,160,1.8,1.9,"(0.7, 0.75]"
"(155, 160]","(1.9, 2.0]",0.0006887052341597796,155,160,1.9,2.0,"(0.7, 0.75]"
"(155, 160]","(2.0, 2.1]",0.0013774104683195593,155,160,2.0,2.1,"(0.7, 0.75]"
"(155, 160]","(2.1, 2.2]",0.007575757575757576,155,160,2.1,2.2,"(0.7, 0.75]"
"(155, 160]","(2.2, 2.3]",0.005509641873278237,155,160,2.2,2.3,"(0.7, 0.75]"
"(155, 160]","(2.3, 2.4]",0.009641873278236915,155,160,2.3,2.4,"(0.7, 0.75]"
"(155, 160]","(2.4, 2.5]",0.002066115702479339,155,160,2.4,2.5,"(0.7, 0.75]"
"(155, 160]","(2.5, 2.6]",0.0006887052341597796,155,160,2.5,2.6,"(0.7, 0.75]"
"(155, 160]","(2.6, 2.7]",0.0006887052341597796,155,160,2.6,2.7,"(0.7, 0.75]"
"(155, 160]","(2.7, 2.8]",0.0006887052341597796,155,160,2.7,2.8,"(0.7, 0.75]"
"(155, 160]","(2.8, 2.9]",0.0013774104683195593,155,160,2.8,2.9,"(0.7, 0.75]"
"(155, 160]","(2.9, 3.0]",0.004132231404958678,155,160,2.9,3.0,"(0.7, 0.75]"
"(155, 160]","(3.0, 3.1]",0.0048209366391184574,155,160,3.0,3.1,"(0.7, 0.75]"
"(155, 160]","(3.1, 3.2]",0.0006887052341597796,155,160,3.1,3.2,"(0.7, 0.75]"
"(155, 160]","(3.3, 3.4]",0.0006887052341597796,155,160,3.3,3.4,"(0.7, 0.75]"
"(155, 160]","(3.4, 3.5]",0.0013774104683195593,155,160,3.4,3.5,"(0.7, 0.75]"
"(160, 165]","(1.7, 1.8]",0.0013774104683195593,160,165,1.7,1.8,"(0.7, 0.75]"
"(160, 165]","(1.8, 1.9]",0.0013774104683195593,160,165,1.8,1.9,"(0.7, 0.75]"
"(160, 165]","(2.0, 2.1]",0.0013774104683195593,160,165,2.0,2.1,"(0.7, 0.75]"
"(160, 165]","(2.1, 2.2]",0.008264462809917356,160,165,2.1,2.2,"(0.7, 0.75]"
"(160, 165]","(2.2, 2.3]",0.0027548209366391185,160,165,2.2,2.3,"(0.7, 0.75]"
"(160, 165]","(2.3, 2.4]",0.006887052341597796,160,165,2.3,2.4,"(0.7, 0.75]"
"(160, 165]","(2.4, 2.5]",0.0006887052341597796,160,165,2.4,2.5,"(0.7, 0.75]"
"(160, 165]","(2.5, 2.6]",0.0006887052341597796,160,165,2.5,2.6,"(0.7, 0.75]"
"(160, 165]","(2.6, 2.7]",0.0006887052341597796,160,165,2.6,2.7,"(0.7, 0.75]"
"(160, 165]","(2.7, 2.8]",0.0006887052341597796,160,165,2.7,2.8,"(0.7, 0.75]"
"(160, 165]","(3.0, 3.1]",0.0027548209366391185,160,165,3.0,3.1,"(0.7, 0.75]"
"(160, 165]","(3.1, 3.2]",0.0013774104683195593,160,165,3.1,3.2,"(0.7, 0.75]"
"(160, 165]","(3.4, 3.5]",0.0013774104683195593,160,165,3.4,3.5,"(0.7, 0.75]"
"(165, 170]","(1.6, 1.7]",0.0006887052341597796,165,170,1.6,1.7,"(0.7, 0.75]"
"(165, 170]","(1.8, 1.9]",0.0006887052341597796,165,170,1.8,1.9,"(0.7, 0.75]"
"(165, 170]","(1.9, 2.0]",0.0006887052341597796,165,170,1.9,2.0,"(0.7, 0.75]"
"(165, 170]","(2.1, 2.2]",0.004132231404958678,165,170,2.1,2.2,"(0.7, 0.75]"
"(165, 170]","(2.2, 2.3]",0.002066115702479339,165,170,2.2,2.3,"(0.7, 0.75]"
"(165, 170]","(2.3, 2.4]",0.003443526170798898,165,170,2.3,2.4,"(0.7, 0.75]"
"(165, 170]","(2.4, 2.5]",0.0006887052341597796,165,170,2.4,2.5,"(0.7, 0.75]"
"(165, 170]","(2.6, 2.7]",0.0013774104683195593,165,170,2.6,2.7,"(0.7, 0.75]"
"(165, 170]","(2.7, 2.8]",0.002066115702479339,165,170,2.7,2.8,"(0.7, 0.75]"
"(165, 170]","(2.8, 2.9]",0.002066115702479339,165,170,2.8,2.9,"(0.7, 0.75]"
"(165, 170]","(2.9, 3.0]",0.0027548209366391185,165,170,2.9,3.0,"(0.7, 0.75]"
"(165, 170]","(3.0, 3.1]",0.006887052341597796,165,170,3.0,3.1,"(0.7, 0.75]"
"(165, 170]","(3.1, 3.2]",0.004132231404958678,165,170,3.1,3.2,"(0.7, 0.75]"
"(165, 170]","(3.2, 3.3]",0.0013774104683195593,165,170,3.2,3.3,"(0.7, 0.75]"
"(165, 170]","(3.3, 3.4]",0.0006887052341597796,165,170,3.3,3.4,"(0.7, 0.75]"
"(165, 170]","(3.5, 3.6]",0.0006887052341597796,165,170,3.5,3.6,"(0.7, 0.75]"
"(170, 175]","(1.4, 1.5]",0.0006887052341597796,170,175,1.4,1.5,"(0.7, 0.75]"
"(170, 175]","(1.7, 1.8]",0.0006887052341597796,170,175,1.7,1.8,"(0.7, 0.75]"
"(170, 175]","(1.8, 1.9]",0.0006887052341597796,170,175,1.8,1.9,"(0.7, 0.75]"
"(170, 175]","(2.1, 2.2]",0.003443526170798898,170,175,2.1,2.2,"(0.7, 0.75]"
"(170, 175]","(2.2, 2.3]",0.0006887052341597796,170,175,2.2,2.3,"(0.7, 0.75]"
"(170, 175]","(2.8, 2.9]",0.0006887052341597796,170,175,2.8,2.9,"(0.7, 0.75]"
"(170, 175]","(2.9, 3.0]",0.002066115702479339,170,175,2.9,3.0,"(0.7, 0.75]"
"(170, 175]","(3.0, 3.1]",0.006198347107438017,170,175,3.0,3.1,"(0.7, 0.75]"
"(170, 175]","(3.1, 3.2]",0.004132231404958678,170,175,3.1,3.2,"(0.7, 0.75]"
"(175, 180]","(2.0, 2.1]",0.0006887052341597796,175,180,2.0,2.1,"(0.7, 0.75]"
"(175, 180]","(2.1, 2.2]",0.0013774104683195593,175,180,2.1,2.2,"(0.7, 0.75]"
"(175, 180]","(2.3, 2.4]",0.0013774104683195593,175,180,2.3,2.4,"(0.7, 0.75]"
"(175, 180]","(2.6, 2.7]",0.002066115702479339,175,180,2.6,2.7,"(0.7, 0.75]"
"(175, 180]","(2.7, 2.8]",0.0013774104683195593,175,180,2.7,2.8,"(0.7, 0.75]"
"(175, 180]","(2.8, 2.9]",0.0013774104683195593,175,180,2.8,2.9,"(0.7, 0.75]"
"(175, 180]","(2.9, 3.0]",0.002066115702479339,175,180,2.9,3.0,"(0.7, 0.75]"
"(175, 180]","(3.0, 3.1]",0.0027548209366391185,175,180,3.0,3.1,"(0.7, 0.75]"
"(175, 180]","(3.1, 3.2]",0.0006887052341597796,175,180,3.1,3.2,"(0.7, 0.75]"
"(175, 180]","(3.2, 3.3]",0.0006887052341597796,175,180,3.2,3.3,"(0.7, 0.75]"
"(180, 185]","(1.9, 2.0]",0.0006887052341597796,180,185,1.9,2.0,"(0.7, 0.75]"
"(180, 185]","(2.0, 2.1]",0.0006887052341597796,180,185,2.0,2.1,"(0.7, 0.75]"
"(180, 185]","(2.1, 2.2]",0.0006887052341597796,180,185,2.1,2.2,"(0.7, 0.75]"
"(180, 185]","(2.2, 2.3]",0.0013774104683195593,180,185,2.2,2.3,"(0.7, 0.75]"
"(180, 185]","(2.3, 2.4]",0.0013774104683195593,180,185,2.3,2.4,"(0.7, 0.75]"
"(180, 185]","(2.4, 2.5]",0.0006887052341597796,180,185,2.4,2.5,"(0.7, 0.75]"
"(180, 185]","(2.6, 2.7]",0.0013774104683195593,180,185,2.6,2.7,"(0.7, 0.75]"
"(180, 185]","(2.7, 2.8]",0.0013774104683195593,180,185,2.7,2.8,"(0.7, 0.75]"
"(180, 185]","(2.9, 3.0]",0.0006887052341597796,180,185,2.9,3.0,"(0.7, 0.75]"
"(180, 185]","(3.0, 3.1]",0.002066115702479339,180,185,3.0,3.1,"(0.7, 0.75]"
"(180, 185]","(3.1, 3.2]",0.002066115702479339,180,185,3.1,3.2,"(0.7, 0.75]"
"(180, 185]","(3.2, 3.3]",0.0006887052341597796,180,185,3.2,3.3,"(0.7, 0.75]"
"(185, 190]","(2.0, 2.1]",0.0006887052341597796,185,190,2.0,2.1,"(0.7, 0.75]"
"(185, 190]","(2.1, 2.2]",0.0006887052341597796,185,190,2.1,2.2,"(0.7, 0.75]"
"(185, 190]","(2.2, 2.3]",0.0006887052341597796,185,190,2.2,2.3,"(0.7, 0.75]"
"(185, 190]","(2.3, 2.4]",0.0006887052341597796,185,190,2.3,2.4,"(0.7, 0.75]"
"(185, 190]","(2.7, 2.8]",0.002066115702479339,185,190,2.7,2.8,"(0.7, 0.75]"
"(185, 190]","(2.8, 2.9]",0.0006887052341597796,185,190,2.8,2.9,"(0.7, 0.75]"
"(185, 190]","(2.9, 3.0]",0.0006887052341597796,185,190,2.9,3.0,"(0.7, 0.75]"
"(185, 190]","(3.0, 3.1]",0.0006887052341597796,185,190,3.0,3.1,"(0.7, 0.75]"
"(190, 195]","(1.0, 1.1]",0.0006887052341597796,190,195,1.0,1.1,"(0.7, 0.75]"
"(190, 195]","(1.6, 1.7]",0.0006887052341597796,190,195,1.6,1.7,"(0.7, 0.75]"
"(190, 195]","(1.9, 2.0]",0.0006887052341597796,190,195,1.9,2.0,"(0.7, 0.75]"
"(190, 195]","(2.1, 2.2]",0.0027548209366391185,190,195,2.1,2.2,"(0.7, 0.75]"
"(190, 195]","(2.2, 2.3]",0.0006887052341597796,190,195,2.2,2.3,"(0.7, 0.75]"
"(190, 195]","(2.3, 2.4]",0.002066115702479339,190,195,2.3,2.4,"(0.7, 0.75]"
"(190, 195]","(2.4, 2.5]",0.0006887052341597796,190,195,2.4,2.5,"(0.7, 0.75]"
"(190, 195]","(2.5, 2.6]",0.0006887052341597796,190,195,2.5,2.6,"(0.7, 0.75]"
"(190, 195]","(2.6, 2.7]",0.0006887052341597796,190,195,2.6,2.7,"(0.7, 0.75]"
"(190, 195]","(2.7, 2.8]",0.0013774104683195593,190,195,2.7,2.8,"(0.7, 0.75]"
"(190, 195]","(2.8, 2.9]",0.0006887052341597796,190,195,2.8,2.9,"(0.7, 0.75]"
"(190, 195]","(2.9, 3.0]",0.0006887052341597796,190,195,2.9,3.0,"(0.7, 0.75]"
"(190, 195]","(3.0, 3.1]",0.004132231404958678,190,195,3.0,3.1,"(0.7, 0.75]"
"(190, 195]","(3.1, 3.2]",0.002066115702479339,190,195,3.1,3.2,"(0.7, 0.75]"
"(195, 200]","(2.1, 2.2]",0.0006887052341597796,195,200,2.1,2.2,"(0.7, 0.75]"
"(195, 200]","(2.4, 2.5]",0.0006887052341597796,195,200,2.4,2.5,"(0.7, 0.75]"
"(195, 200]","(2.7, 2.8]",0.0006887052341597796,195,200,2.7,2.8,"(0.7, 0.75]"
"(195, 200]","(3.0, 3.1]",0.0006887052341597796,195,200,3.0,3.1,"(0.7, 0.75]"
"(195, 200]","(3.3, 3.4]",0.0006887052341597796,195,200,3.3,3.4,"(0.7, 0.75]"
"(195, 200]","(3.4, 3.5]",0.0006887052341597796,195,200,3.4,3.5,"(0.7, 0.75]"
"(200, 205]","(2.3, 2.4]",0.0006887052341597796,200,205,2.3,2.4,"(0.7, 0.75]"
"(200, 205]","(2.6, 2.7]",0.002066115702479339,200,205,2.6,2.7,"(0.7, 0.75]"
"(200, 205]","(2.8, 2.9]",0.0006887052341597796,200,205,2.8,2.9,"(0.7, 0.75]"
"(200, 205]","(3.0, 3.1]",0.0006887052341597796,200,205,3.0,3.1,"(0.7, 0.75]"
"(200, 205]","(3.2, 3.3]",0.0006887052341597796,200,205,3.2,3.3,"(0.7, 0.75]"
"(205, 210]","(2.1, 2.2]",0.0006887052341597796,205,210,2.1,2.2,"(0.7, 0.75]"
"(205, 210]","(2.2, 2.3]",0.0013774104683195593,205,210,2.2,2.3,"(0.7, 0.75]"
"(205, 210]","(2.5, 2.6]",0.0006887052341597796,205,210,2.5,2.6,"(0.7, 0.75]"
"(205, 210]","(2.6, 2.7]",0.0006887052341597796,205,210,2.6,2.7,"(0.7, 0.75]"
"(205, 210]","(3.0, 3.1]",0.0006887052341597796,205,210,3.0,3.1,"(0.7, 0.75]"
"(205, 210]","(3.4, 3.5]",0.0006887052341597796,205,210,3.4,3.5,"(0.7, 0.75]"
"(210, 215]","(1.9, 2.0]",0.0006887052341597796,210,215,1.9,2.0,"(0.7, 0.75]"
"(210, 215]","(2.0, 2.1]",0.0006887052341597796,210,215,2.0,2.1,"(0.7, 0.75]"
"(210, 215]","(2.2, 2.3]",0.0006887052341597796,210,215,2.2,2.3,"(0.7, 0.75]"
"(210, 215]","(2.3, 2.4]",0.0006887052341597796,210,215,2.3,2.4,"(0.7, 0.75]"
"(210, 215]","(2.7, 2.8]",0.0006887052341597796,210,215,2.7,2.8,"(0.7, 0.75]"
"(210, 215]","(2.9, 3.0]",0.0006887052341597796,210,215,2.9,3.0,"(0.7, 0.75]"
"(210, 215]","(3.0, 3.1]",0.0027548209366391185,210,215,3.0,3.1,"(0.7, 0.75]"
"(210, 215]","(3.3, 3.4]",0.0006887052341597796,210,215,3.3,3.4,"(0.7, 0.75]"
"(215, 220]","(2.3, 2.4]",0.0006887052341597796,215,220,2.3,2.4,"(0.7, 0.75]"
"(215, 220]","(2.6, 2.7]",0.0006887052341597796,215,220,2.6,2.7,"(0.7, 0.75]"
"(215, 220]","(3.0, 3.1]",0.0013774104683195593,215,220,3.0,3.1,"(0.7, 0.75]"
"(215, 220]","(3.1, 3.2]",0.0013774104683195593,215,220,3.1,3.2,"(0.7, 0.75]"
"(215, 220]","(3.3, 3.4]",0.0006887052341597796,215,220,3.3,3.4,"(0.7, 0.75]"
"(220, 225]","(1.7, 1.8]",0.0006887052341597796,220,225,1.7,1.8,"(0.7, 0.75]"
"(220, 225]","(2.0, 2.1]",0.0013774104683195593,220,225,2.0,2.1,"(0.7, 0.75]"
"(220, 225]","(2.2, 2.3]",0.0006887052341597796,220,225,2.2,2.3,"(0.7, 0.75]"
"(220, 225]","(2.5, 2.6]",0.0006887052341597796,220,225,2.5,2.6,"(0.7, 0.75]"
"(220, 225]","(3.0, 3.1]",0.0006887052341597796,220,225,3.0,3.1,"(0.7, 0.75]"
"(220, 225]","(3.2, 3.3]",0.0006887052341597796,220,225,3.2,3.3,"(0.7, 0.75]"
"(225, 230]","(2.7, 2.8]",0.0006887052341597796,225,230,2.7,2.8,"(0.7, 0.75]"
"(225, 230]","(2.8, 2.9]",0.0006887052341597796,225,230,2.8,2.9,"(0.7, 0.75]"
"(225, 230]","(3.0, 3.1]",0.0013774104683195593,225,230,3.0,3.1,"(0.7, 0.75]"
"(225, 230]","(3.2, 3.3]",0.0006887052341597796,225,230,3.2,3.3,"(0.7, 0.75]"
"(230, 235]","(2.9, 3.0]",0.0013774104683195593,230,235,2.9,3.0,"(0.7, 0.75]"
"(230, 235]","(3.0, 3.1]",0.0013774104683195593,230,235,3.0,3.1,"(0.7, 0.75]"
"(230, 235]","(3.1, 3.2]",0.0006887052341597796,230,235,3.1,3.2,"(0.7, 0.75]"
"(235, 240]","(1.8, 1.9]",0.0006887052341597796,235,240,1.8,1.9,"(0.7, 0.75]"
"(235, 240]","(2.1, 2.2]",0.0013774104683195593,235,240,2.1,2.2,"(0.7, 0.75]"
"(235, 240]","(2.2, 2.3]",0.0006887052341597796,235,240,2.2,2.3,"(0.7, 0.75]"
"(235, 240]","(3.0, 3.1]",0.0013774104683195593,235,240,3.0,3.1,"(0.7, 0.75]"
"(240, 245]","(2.8, 2.9]",0.0006887052341597796,240,245,2.8,2.9,"(0.7, 0.75]"
"(245, 250]","(2.4, 2.5]",0.0006887052341597796,245,250,2.4,2.5,"(0.7, 0.75]"
"(245, 250]","(2.5, 2.6]",0.0006887052341597796,245,250,2.5,2.6,"(0.7, 0.75]"
"(245, 250]","(2.6, 2.7]",0.0006887052341597796,245,250,2.6,2.7,"(0.7, 0.75]"
"(245, 250]","(2.9, 3.0]",0.0006887052341597796,245,250,2.9,3.0,"(0.7, 0.75]"
"(245, 250]","(3.5, 3.6]",0.0006887052341597796,245,250,3.5,3.6,"(0.7, 0.75]"
"(250, 255]","(2.5, 2.6]",0.0006887052341597796,250,255,2.5,2.6,"(0.7, 0.75]"
"(255, 260]","(2.0, 2.1]",0.0006887052341597796,255,260,2.0,2.1,"(0.7, 0.75]"
"(255, 260]","(3.2, 3.3]",0.0006887052341597796,255,260,3.2,3.3,"(0.7, 0.75]"
"(260, 265]","(2.3, 2.4]",0.0006887052341597796,260,265,2.3,2.4,"(0.7, 0.75]"
"(260, 265]","(3.0, 3.1]",0.0006887052341597796,260,265,3.0,3.1,"(0.7, 0.75]"
"(260, 265]","(3.1, 3.2]",0.0006887052341597796,260,265,3.1,3.2,"(0.7, 0.75]"
"(275, 280]","(3.2, 3.3]",0.0006887052341597796,275,280,3.2,3.3,"(0.7, 0.75]"
"(280, 285]","(2.6, 2.7]",0.002066115702479339,280,285,2.6,2.7,"(0.7, 0.75]"
"(285, 290]","(2.8, 2.9]",0.0006887052341597796,285,290,2.8,2.9,"(0.7, 0.75]"
"(290, 295]","(2.2, 2.3]",0.0006887052341597796,290,295,2.2,2.3,"(0.7, 0.75]"
"(310, 315]","(2.4, 2.5]",0.0006887052341597796,310,315,2.4,2.5,"(0.7, 0.75]"
"(310, 315]","(2.6, 2.7]",0.0006887052341597796,310,315,2.6,2.7,"(0.7, 0.75]"
"(330, 335]","(2.1, 2.2]",0.0006887052341597796,330,335,2.1,2.2,"(0.7, 0.75]"
"(60, 65]","(-2.8, -2.7]",0.00045871559633027525,60,65,-2.8,-2.7,"(0.75, 0.8]"
"(60, 65]","(-2.7, -2.6]",0.00045871559633027525,60,65,-2.7,-2.6,"(0.75, 0.8]"
"(65, 70]","(-2.1, -2.0]",0.0009174311926605505,65,70,-2.1,-2.0,"(0.75, 0.8]"
"(65, 70]","(-2.0, -1.9]",0.0009174311926605505,65,70,-2.0,-1.9,"(0.75, 0.8]"
"(65, 70]","(-1.8, -1.7]",0.0009174311926605505,65,70,-1.8,-1.7,"(0.75, 0.8]"
"(65, 70]","(-1.7, -1.6]",0.0009174311926605505,65,70,-1.7,-1.6,"(0.75, 0.8]"
"(70, 75]","(-1.9, -1.8]",0.0009174311926605505,70,75,-1.9,-1.8,"(0.75, 0.8]"
"(70, 75]","(-1.8, -1.7]",0.005045871559633028,70,75,-1.8,-1.7,"(0.75, 0.8]"
"(70, 75]","(-1.7, -1.6]",0.005504587155963303,70,75,-1.7,-1.6,"(0.75, 0.8]"
"(70, 75]","(-1.6, -1.5]",0.0009174311926605505,70,75,-1.6,-1.5,"(0.75, 0.8]"
"(70, 75]","(-1.5, -1.4]",0.00045871559633027525,70,75,-1.5,-1.4,"(0.75, 0.8]"
"(75, 80]","(-1.8, -1.7]",0.00045871559633027525,75,80,-1.8,-1.7,"(0.75, 0.8]"
"(75, 80]","(-1.6, -1.5]",0.00045871559633027525,75,80,-1.6,-1.5,"(0.75, 0.8]"
"(75, 80]","(-1.0, -0.9]",0.00045871559633027525,75,80,-1.0,-0.9,"(0.75, 0.8]"
"(75, 80]","(-0.7, -0.6]",0.0013761467889908258,75,80,-0.7,-0.6,"(0.75, 0.8]"
"(80, 85]","(-0.7, -0.6]",0.001834862385321101,80,85,-0.7,-0.6,"(0.75, 0.8]"
"(80, 85]","(-0.6, -0.5]",0.0022935779816513763,80,85,-0.6,-0.5,"(0.75, 0.8]"
"(80, 85]","(-0.5, -0.4]",0.0013761467889908258,80,85,-0.5,-0.4,"(0.75, 0.8]"
"(80, 85]","(-0.4, -0.3]",0.001834862385321101,80,85,-0.4,-0.3,"(0.75, 0.8]"
"(80, 85]","(-0.3, -0.2]",0.0022935779816513763,80,85,-0.3,-0.2,"(0.75, 0.8]"
"(80, 85]","(-0.2, -0.1]",0.0027522935779816515,80,85,-0.2,-0.1,"(0.75, 0.8]"
"(80, 85]","(-0.1, 0.0]",0.006422018348623854,80,85,-0.1,0.0,"(0.75, 0.8]"
"(80, 85]","(0.0, 0.1]",0.006422018348623854,80,85,0.0,0.1,"(0.75, 0.8]"
"(80, 85]","(0.1, 0.2]",0.011009174311926606,80,85,0.1,0.2,"(0.75, 0.8]"
"(80, 85]","(0.2, 0.3]",0.0013761467889908258,80,85,0.2,0.3,"(0.75, 0.8]"
"(85, 90]","(-0.5, -0.4]",0.0009174311926605505,85,90,-0.5,-0.4,"(0.75, 0.8]"
"(85, 90]","(-0.3, -0.2]",0.0009174311926605505,85,90,-0.3,-0.2,"(0.75, 0.8]"
"(85, 90]","(-0.2, -0.1]",0.0027522935779816515,85,90,-0.2,-0.1,"(0.75, 0.8]"
"(85, 90]","(-0.1, 0.0]",0.00871559633027523,85,90,-0.1,0.0,"(0.75, 0.8]"
"(85, 90]","(0.0, 0.1]",0.02431192660550459,85,90,0.0,0.1,"(0.75, 0.8]"
"(85, 90]","(0.1, 0.2]",0.05229357798165138,85,90,0.1,0.2,"(0.75, 0.8]"
"(85, 90]","(0.2, 0.3]",0.005045871559633028,85,90,0.2,0.3,"(0.75, 0.8]"
"(85, 90]","(0.3, 0.4]",0.0009174311926605505,85,90,0.3,0.4,"(0.75, 0.8]"
"(85, 90]","(0.4, 0.5]",0.0027522935779816515,85,90,0.4,0.5,"(0.75, 0.8]"
"(85, 90]","(0.5, 0.6]",0.006880733944954129,85,90,0.5,0.6,"(0.75, 0.8]"
"(85, 90]","(0.6, 0.7]",0.004128440366972477,85,90,0.6,0.7,"(0.75, 0.8]"
"(85, 90]","(0.7, 0.8]",0.003211009174311927,85,90,0.7,0.8,"(0.75, 0.8]"
"(85, 90]","(0.8, 0.9]",0.0022935779816513763,85,90,0.8,0.9,"(0.75, 0.8]"
"(85, 90]","(0.9, 1.0]",0.0009174311926605505,85,90,0.9,1.0,"(0.75, 0.8]"
"(85, 90]","(1.2, 1.3]",0.00045871559633027525,85,90,1.2,1.3,"(0.75, 0.8]"
"(90, 95]","(-0.1, 0.0]",0.00045871559633027525,90,95,-0.1,0.0,"(0.75, 0.8]"
"(90, 95]","(0.0, 0.1]",0.0009174311926605505,90,95,0.0,0.1,"(0.75, 0.8]"
"(90, 95]","(0.1, 0.2]",0.005045871559633028,90,95,0.1,0.2,"(0.75, 0.8]"
"(90, 95]","(0.2, 0.3]",0.0009174311926605505,90,95,0.2,0.3,"(0.75, 0.8]"
"(90, 95]","(0.4, 0.5]",0.0009174311926605505,90,95,0.4,0.5,"(0.75, 0.8]"
"(90, 95]","(0.5, 0.6]",0.0013761467889908258,90,95,0.5,0.6,"(0.75, 0.8]"
"(90, 95]","(0.6, 0.7]",0.006422018348623854,90,95,0.6,0.7,"(0.75, 0.8]"
"(90, 95]","(0.7, 0.8]",0.0022935779816513763,90,95,0.7,0.8,"(0.75, 0.8]"
"(90, 95]","(0.8, 0.9]",0.003211009174311927,90,95,0.8,0.9,"(0.75, 0.8]"
"(90, 95]","(0.9, 1.0]",0.004128440366972477,90,95,0.9,1.0,"(0.75, 0.8]"
"(90, 95]","(1.0, 1.1]",0.004128440366972477,90,95,1.0,1.1,"(0.75, 0.8]"
"(90, 95]","(1.1, 1.2]",0.011009174311926606,90,95,1.1,1.2,"(0.75, 0.8]"
"(90, 95]","(1.2, 1.3]",0.003669724770642202,90,95,1.2,1.3,"(0.75, 0.8]"
"(90, 95]","(1.3, 1.4]",0.005045871559633028,90,95,1.3,1.4,"(0.75, 0.8]"
"(90, 95]","(1.4, 1.5]",0.0009174311926605505,90,95,1.4,1.5,"(0.75, 0.8]"
"(90, 95]","(1.5, 1.6]",0.0013761467889908258,90,95,1.5,1.6,"(0.75, 0.8]"
"(90, 95]","(1.7, 1.8]",0.0013761467889908258,90,95,1.7,1.8,"(0.75, 0.8]"
"(90, 95]","(1.9, 2.0]",0.00045871559633027525,90,95,1.9,2.0,"(0.75, 0.8]"
"(95, 100]","(0.5, 0.6]",0.00045871559633027525,95,100,0.5,0.6,"(0.75, 0.8]"
"(95, 100]","(0.8, 0.9]",0.001834862385321101,95,100,0.8,0.9,"(0.75, 0.8]"
"(95, 100]","(0.9, 1.0]",0.0013761467889908258,95,100,0.9,1.0,"(0.75, 0.8]"
"(95, 100]","(1.0, 1.1]",0.0027522935779816515,95,100,1.0,1.1,"(0.75, 0.8]"
"(95, 100]","(1.1, 1.2]",0.015137614678899083,95,100,1.1,1.2,"(0.75, 0.8]"
"(95, 100]","(1.2, 1.3]",0.005504587155963303,95,100,1.2,1.3,"(0.75, 0.8]"
"(95, 100]","(1.3, 1.4]",0.008256880733944955,95,100,1.3,1.4,"(0.75, 0.8]"
"(95, 100]","(1.4, 1.5]",0.0009174311926605505,95,100,1.4,1.5,"(0.75, 0.8]"
"(95, 100]","(1.6, 1.7]",0.003211009174311927,95,100,1.6,1.7,"(0.75, 0.8]"
"(95, 100]","(1.7, 1.8]",0.001834862385321101,95,100,1.7,1.8,"(0.75, 0.8]"
"(95, 100]","(1.8, 1.9]",0.0027522935779816515,95,100,1.8,1.9,"(0.75, 0.8]"
"(95, 100]","(1.9, 2.0]",0.003211009174311927,95,100,1.9,2.0,"(0.75, 0.8]"
"(95, 100]","(2.0, 2.1]",0.04128440366972477,95,100,2.0,2.1,"(0.75, 0.8]"
"(95, 100]","(2.1, 2.2]",0.003211009174311927,95,100,2.1,2.2,"(0.75, 0.8]"
"(95, 100]","(2.2, 2.3]",0.011467889908256881,95,100,2.2,2.3,"(0.75, 0.8]"
"(95, 100]","(2.3, 2.4]",0.0027522935779816515,95,100,2.3,2.4,"(0.75, 0.8]"
"(95, 100]","(2.4, 2.5]",0.0009174311926605505,95,100,2.4,2.5,"(0.75, 0.8]"
"(95, 100]","(2.5, 2.6]",0.00045871559633027525,95,100,2.5,2.6,"(0.75, 0.8]"
"(100, 105]","(0.4, 0.5]",0.0013761467889908258,100,105,0.4,0.5,"(0.75, 0.8]"
"(100, 105]","(0.5, 0.6]",0.00045871559633027525,100,105,0.5,0.6,"(0.75, 0.8]"
"(100, 105]","(0.9, 1.0]",0.00045871559633027525,100,105,0.9,1.0,"(0.75, 0.8]"
"(100, 105]","(1.0, 1.1]",0.00045871559633027525,100,105,1.0,1.1,"(0.75, 0.8]"
"(100, 105]","(1.1, 1.2]",0.0045871559633027525,100,105,1.1,1.2,"(0.75, 0.8]"
"(100, 105]","(1.2, 1.3]",0.0009174311926605505,100,105,1.2,1.3,"(0.75, 0.8]"
"(100, 105]","(1.3, 1.4]",0.0009174311926605505,100,105,1.3,1.4,"(0.75, 0.8]"
"(100, 105]","(1.4, 1.5]",0.0013761467889908258,100,105,1.4,1.5,"(0.75, 0.8]"
"(100, 105]","(1.5, 1.6]",0.0009174311926605505,100,105,1.5,1.6,"(0.75, 0.8]"
"(100, 105]","(1.6, 1.7]",0.00045871559633027525,100,105,1.6,1.7,"(0.75, 0.8]"
"(100, 105]","(1.8, 1.9]",0.00045871559633027525,100,105,1.8,1.9,"(0.75, 0.8]"
"(100, 105]","(1.9, 2.0]",0.001834862385321101,100,105,1.9,2.0,"(0.75, 0.8]"
"(100, 105]","(2.0, 2.1]",0.00963302752293578,100,105,2.0,2.1,"(0.75, 0.8]"
"(100, 105]","(2.1, 2.2]",0.004128440366972477,100,105,2.1,2.2,"(0.75, 0.8]"
"(100, 105]","(2.2, 2.3]",0.010091743119266056,100,105,2.2,2.3,"(0.75, 0.8]"
"(100, 105]","(2.3, 2.4]",0.005504587155963303,100,105,2.3,2.4,"(0.75, 0.8]"
"(100, 105]","(2.4, 2.5]",0.005504587155963303,100,105,2.4,2.5,"(0.75, 0.8]"
"(100, 105]","(2.5, 2.6]",0.005045871559633028,100,105,2.5,2.6,"(0.75, 0.8]"
"(100, 105]","(2.6, 2.7]",0.005963302752293578,100,105,2.6,2.7,"(0.75, 0.8]"
"(100, 105]","(2.7, 2.8]",0.01055045871559633,100,105,2.7,2.8,"(0.75, 0.8]"
"(100, 105]","(2.8, 2.9]",0.02110091743119266,100,105,2.8,2.9,"(0.75, 0.8]"
"(100, 105]","(2.9, 3.0]",0.007798165137614679,100,105,2.9,3.0,"(0.75, 0.8]"
"(105, 110]","(0.2, 0.3]",0.00045871559633027525,105,110,0.2,0.3,"(0.75, 0.8]"
"(105, 110]","(0.7, 0.8]",0.00045871559633027525,105,110,0.7,0.8,"(0.75, 0.8]"
"(105, 110]","(0.9, 1.0]",0.00045871559633027525,105,110,0.9,1.0,"(0.75, 0.8]"
"(105, 110]","(1.0, 1.1]",0.0009174311926605505,105,110,1.0,1.1,"(0.75, 0.8]"
"(105, 110]","(1.1, 1.2]",0.0009174311926605505,105,110,1.1,1.2,"(0.75, 0.8]"
"(105, 110]","(2.0, 2.1]",0.0027522935779816515,105,110,2.0,2.1,"(0.75, 0.8]"
"(105, 110]","(2.1, 2.2]",0.0022935779816513763,105,110,2.1,2.2,"(0.75, 0.8]"
"(105, 110]","(2.2, 2.3]",0.0013761467889908258,105,110,2.2,2.3,"(0.75, 0.8]"
"(105, 110]","(2.3, 2.4]",0.00045871559633027525,105,110,2.3,2.4,"(0.75, 0.8]"
"(105, 110]","(2.4, 2.5]",0.0009174311926605505,105,110,2.4,2.5,"(0.75, 0.8]"
"(105, 110]","(2.5, 2.6]",0.0027522935779816515,105,110,2.5,2.6,"(0.75, 0.8]"
"(105, 110]","(2.6, 2.7]",0.0013761467889908258,105,110,2.6,2.7,"(0.75, 0.8]"
"(105, 110]","(2.7, 2.8]",0.001834862385321101,105,110,2.7,2.8,"(0.75, 0.8]"
"(105, 110]","(2.8, 2.9]",0.01055045871559633,105,110,2.8,2.9,"(0.75, 0.8]"
"(105, 110]","(2.9, 3.0]",0.009174311926605505,105,110,2.9,3.0,"(0.75, 0.8]"
"(105, 110]","(3.0, 3.1]",0.00045871559633027525,105,110,3.0,3.1,"(0.75, 0.8]"
"(105, 110]","(3.1, 3.2]",0.0009174311926605505,105,110,3.1,3.2,"(0.75, 0.8]"
"(110, 115]","(0.9, 1.0]",0.00045871559633027525,110,115,0.9,1.0,"(0.75, 0.8]"
"(110, 115]","(1.0, 1.1]",0.00045871559633027525,110,115,1.0,1.1,"(0.75, 0.8]"
"(110, 115]","(1.1, 1.2]",0.00045871559633027525,110,115,1.1,1.2,"(0.75, 0.8]"
"(110, 115]","(1.7, 1.8]",0.00045871559633027525,110,115,1.7,1.8,"(0.75, 0.8]"
"(110, 115]","(1.8, 1.9]",0.00045871559633027525,110,115,1.8,1.9,"(0.75, 0.8]"
"(110, 115]","(1.9, 2.0]",0.0009174311926605505,110,115,1.9,2.0,"(0.75, 0.8]"
"(110, 115]","(2.0, 2.1]",0.006880733944954129,110,115,2.0,2.1,"(0.75, 0.8]"
"(110, 115]","(2.1, 2.2]",0.009174311926605505,110,115,2.1,2.2,"(0.75, 0.8]"
"(110, 115]","(2.2, 2.3]",0.00963302752293578,110,115,2.2,2.3,"(0.75, 0.8]"
"(110, 115]","(2.3, 2.4]",0.0027522935779816515,110,115,2.3,2.4,"(0.75, 0.8]"
"(110, 115]","(2.4, 2.5]",0.0022935779816513763,110,115,2.4,2.5,"(0.75, 0.8]"
"(110, 115]","(2.5, 2.6]",0.004128440366972477,110,115,2.5,2.6,"(0.75, 0.8]"
"(110, 115]","(2.6, 2.7]",0.00045871559633027525,110,115,2.6,2.7,"(0.75, 0.8]"
"(110, 115]","(2.7, 2.8]",0.0013761467889908258,110,115,2.7,2.8,"(0.75, 0.8]"
"(110, 115]","(2.8, 2.9]",0.005045871559633028,110,115,2.8,2.9,"(0.75, 0.8]"
"(110, 115]","(2.9, 3.0]",0.0027522935779816515,110,115,2.9,3.0,"(0.75, 0.8]"
"(110, 115]","(3.0, 3.1]",0.00045871559633027525,110,115,3.0,3.1,"(0.75, 0.8]"
"(110, 115]","(3.1, 3.2]",0.0009174311926605505,110,115,3.1,3.2,"(0.75, 0.8]"
"(110, 115]","(3.2, 3.3]",0.00045871559633027525,110,115,3.2,3.3,"(0.75, 0.8]"
"(115, 120]","(1.1, 1.2]",0.0009174311926605505,115,120,1.1,1.2,"(0.75, 0.8]"
"(115, 120]","(1.2, 1.3]",0.001834862385321101,115,120,1.2,1.3,"(0.75, 0.8]"
"(115, 120]","(1.3, 1.4]",0.00045871559633027525,115,120,1.3,1.4,"(0.75, 0.8]"
"(115, 120]","(1.4, 1.5]",0.0013761467889908258,115,120,1.4,1.5,"(0.75, 0.8]"
"(115, 120]","(1.5, 1.6]",0.0022935779816513763,115,120,1.5,1.6,"(0.75, 0.8]"
"(115, 120]","(1.6, 1.7]",0.0013761467889908258,115,120,1.6,1.7,"(0.75, 0.8]"
"(115, 120]","(1.8, 1.9]",0.0027522935779816515,115,120,1.8,1.9,"(0.75, 0.8]"
"(115, 120]","(1.9, 2.0]",0.001834862385321101,115,120,1.9,2.0,"(0.75, 0.8]"
"(115, 120]","(2.0, 2.1]",0.006422018348623854,115,120,2.0,2.1,"(0.75, 0.8]"
"(115, 120]","(2.1, 2.2]",0.014678899082568808,115,120,2.1,2.2,"(0.75, 0.8]"
"(115, 120]","(2.2, 2.3]",0.010091743119266056,115,120,2.2,2.3,"(0.75, 0.8]"
"(115, 120]","(2.3, 2.4]",0.007798165137614679,115,120,2.3,2.4,"(0.75, 0.8]"
"(115, 120]","(2.4, 2.5]",0.0013761467889908258,115,120,2.4,2.5,"(0.75, 0.8]"
"(115, 120]","(2.5, 2.6]",0.0013761467889908258,115,120,2.5,2.6,"(0.75, 0.8]"
"(115, 120]","(2.6, 2.7]",0.0027522935779816515,115,120,2.6,2.7,"(0.75, 0.8]"
"(115, 120]","(2.7, 2.8]",0.0027522935779816515,115,120,2.7,2.8,"(0.75, 0.8]"
"(115, 120]","(2.8, 2.9]",0.00963302752293578,115,120,2.8,2.9,"(0.75, 0.8]"
"(115, 120]","(2.9, 3.0]",0.010091743119266056,115,120,2.9,3.0,"(0.75, 0.8]"
"(115, 120]","(3.0, 3.1]",0.005045871559633028,115,120,3.0,3.1,"(0.75, 0.8]"
"(115, 120]","(3.2, 3.3]",0.00045871559633027525,115,120,3.2,3.3,"(0.75, 0.8]"
"(120, 125]","(1.2, 1.3]",0.0009174311926605505,120,125,1.2,1.3,"(0.75, 0.8]"
"(120, 125]","(1.3, 1.4]",0.00045871559633027525,120,125,1.3,1.4,"(0.75, 0.8]"
"(120, 125]","(1.4, 1.5]",0.001834862385321101,120,125,1.4,1.5,"(0.75, 0.8]"
"(120, 125]","(1.5, 1.6]",0.0022935779816513763,120,125,1.5,1.6,"(0.75, 0.8]"
"(120, 125]","(1.6, 1.7]",0.0009174311926605505,120,125,1.6,1.7,"(0.75, 0.8]"
"(120, 125]","(1.8, 1.9]",0.0013761467889908258,120,125,1.8,1.9,"(0.75, 0.8]"
"(120, 125]","(1.9, 2.0]",0.0009174311926605505,120,125,1.9,2.0,"(0.75, 0.8]"
"(120, 125]","(2.0, 2.1]",0.004128440366972477,120,125,2.0,2.1,"(0.75, 0.8]"
"(120, 125]","(2.1, 2.2]",0.001834862385321101,120,125,2.1,2.2,"(0.75, 0.8]"
"(120, 125]","(2.2, 2.3]",0.005045871559633028,120,125,2.2,2.3,"(0.75, 0.8]"
"(120, 125]","(2.3, 2.4]",0.0022935779816513763,120,125,2.3,2.4,"(0.75, 0.8]"
"(120, 125]","(2.4, 2.5]",0.0022935779816513763,120,125,2.4,2.5,"(0.75, 0.8]"
"(120, 125]","(2.5, 2.6]",0.0022935779816513763,120,125,2.5,2.6,"(0.75, 0.8]"
"(120, 125]","(2.6, 2.7]",0.0022935779816513763,120,125,2.6,2.7,"(0.75, 0.8]"
"(120, 125]","(2.7, 2.8]",0.0045871559633027525,120,125,2.7,2.8,"(0.75, 0.8]"
"(120, 125]","(2.8, 2.9]",0.005045871559633028,120,125,2.8,2.9,"(0.75, 0.8]"
"(120, 125]","(2.9, 3.0]",0.005963302752293578,120,125,2.9,3.0,"(0.75, 0.8]"
"(120, 125]","(3.0, 3.1]",0.005963302752293578,120,125,3.0,3.1,"(0.75, 0.8]"
"(120, 125]","(3.1, 3.2]",0.0022935779816513763,120,125,3.1,3.2,"(0.75, 0.8]"
"(120, 125]","(3.2, 3.3]",0.00045871559633027525,120,125,3.2,3.3,"(0.75, 0.8]"
"(120, 125]","(3.3, 3.4]",0.0009174311926605505,120,125,3.3,3.4,"(0.75, 0.8]"
"(120, 125]","(3.4, 3.5]",0.00045871559633027525,120,125,3.4,3.5,"(0.75, 0.8]"
"(125, 130]","(1.2, 1.3]",0.00045871559633027525,125,130,1.2,1.3,"(0.75, 0.8]"
"(125, 130]","(1.6, 1.7]",0.00045871559633027525,125,130,1.6,1.7,"(0.75, 0.8]"
"(125, 130]","(1.7, 1.8]",0.0013761467889908258,125,130,1.7,1.8,"(0.75, 0.8]"
"(125, 130]","(1.9, 2.0]",0.00045871559633027525,125,130,1.9,2.0,"(0.75, 0.8]"
"(125, 130]","(2.0, 2.1]",0.007798165137614679,125,130,2.0,2.1,"(0.75, 0.8]"
"(125, 130]","(2.1, 2.2]",0.003669724770642202,125,130,2.1,2.2,"(0.75, 0.8]"
"(125, 130]","(2.2, 2.3]",0.00871559633027523,125,130,2.2,2.3,"(0.75, 0.8]"
"(125, 130]","(2.3, 2.4]",0.003211009174311927,125,130,2.3,2.4,"(0.75, 0.8]"
"(125, 130]","(2.4, 2.5]",0.0013761467889908258,125,130,2.4,2.5,"(0.75, 0.8]"
"(125, 130]","(2.5, 2.6]",0.0013761467889908258,125,130,2.5,2.6,"(0.75, 0.8]"
"(125, 130]","(2.6, 2.7]",0.001834862385321101,125,130,2.6,2.7,"(0.75, 0.8]"
"(125, 130]","(2.7, 2.8]",0.00045871559633027525,125,130,2.7,2.8,"(0.75, 0.8]"
"(125, 130]","(2.8, 2.9]",0.0009174311926605505,125,130,2.8,2.9,"(0.75, 0.8]"
"(125, 130]","(2.9, 3.0]",0.001834862385321101,125,130,2.9,3.0,"(0.75, 0.8]"
"(125, 130]","(3.0, 3.1]",0.00045871559633027525,125,130,3.0,3.1,"(0.75, 0.8]"
"(125, 130]","(3.2, 3.3]",0.00045871559633027525,125,130,3.2,3.3,"(0.75, 0.8]"
"(125, 130]","(3.4, 3.5]",0.00045871559633027525,125,130,3.4,3.5,"(0.75, 0.8]"
"(130, 135]","(1.0, 1.1]",0.00045871559633027525,130,135,1.0,1.1,"(0.75, 0.8]"
"(130, 135]","(1.2, 1.3]",0.00045871559633027525,130,135,1.2,1.3,"(0.75, 0.8]"
"(130, 135]","(1.3, 1.4]",0.0009174311926605505,130,135,1.3,1.4,"(0.75, 0.8]"
"(130, 135]","(1.4, 1.5]",0.00045871559633027525,130,135,1.4,1.5,"(0.75, 0.8]"
"(130, 135]","(1.6, 1.7]",0.0013761467889908258,130,135,1.6,1.7,"(0.75, 0.8]"
"(130, 135]","(1.7, 1.8]",0.00045871559633027525,130,135,1.7,1.8,"(0.75, 0.8]"
"(130, 135]","(1.8, 1.9]",0.00045871559633027525,130,135,1.8,1.9,"(0.75, 0.8]"
"(130, 135]","(1.9, 2.0]",0.00045871559633027525,130,135,1.9,2.0,"(0.75, 0.8]"
"(130, 135]","(2.0, 2.1]",0.00871559633027523,130,135,2.0,2.1,"(0.75, 0.8]"
"(130, 135]","(2.1, 2.2]",0.005045871559633028,130,135,2.1,2.2,"(0.75, 0.8]"
"(130, 135]","(2.2, 2.3]",0.008256880733944955,130,135,2.2,2.3,"(0.75, 0.8]"
"(130, 135]","(2.3, 2.4]",0.006422018348623854,130,135,2.3,2.4,"(0.75, 0.8]"
"(130, 135]","(2.4, 2.5]",0.0009174311926605505,130,135,2.4,2.5,"(0.75, 0.8]"
"(130, 135]","(2.5, 2.6]",0.0009174311926605505,130,135,2.5,2.6,"(0.75, 0.8]"
"(130, 135]","(2.6, 2.7]",0.0009174311926605505,130,135,2.6,2.7,"(0.75, 0.8]"
"(130, 135]","(2.7, 2.8]",0.0013761467889908258,130,135,2.7,2.8,"(0.75, 0.8]"
"(130, 135]","(2.9, 3.0]",0.00045871559633027525,130,135,2.9,3.0,"(0.75, 0.8]"
"(130, 135]","(3.0, 3.1]",0.0009174311926605505,130,135,3.0,3.1,"(0.75, 0.8]"
"(130, 135]","(3.3, 3.4]",0.00045871559633027525,130,135,3.3,3.4,"(0.75, 0.8]"
"(135, 140]","(1.0, 1.1]",0.00045871559633027525,135,140,1.0,1.1,"(0.75, 0.8]"
"(135, 140]","(1.2, 1.3]",0.00045871559633027525,135,140,1.2,1.3,"(0.75, 0.8]"
"(135, 140]","(1.3, 1.4]",0.0009174311926605505,135,140,1.3,1.4,"(0.75, 0.8]"
"(135, 140]","(1.4, 1.5]",0.00045871559633027525,135,140,1.4,1.5,"(0.75, 0.8]"
"(135, 140]","(1.5, 1.6]",0.00045871559633027525,135,140,1.5,1.6,"(0.75, 0.8]"
"(135, 140]","(1.6, 1.7]",0.0022935779816513763,135,140,1.6,1.7,"(0.75, 0.8]"
"(135, 140]","(1.7, 1.8]",0.0013761467889908258,135,140,1.7,1.8,"(0.75, 0.8]"
"(135, 140]","(1.8, 1.9]",0.00045871559633027525,135,140,1.8,1.9,"(0.75, 0.8]"
"(135, 140]","(1.9, 2.0]",0.00045871559633027525,135,140,1.9,2.0,"(0.75, 0.8]"
"(135, 140]","(2.0, 2.1]",0.003211009174311927,135,140,2.0,2.1,"(0.75, 0.8]"
"(135, 140]","(2.1, 2.2]",0.001834862385321101,135,140,2.1,2.2,"(0.75, 0.8]"
"(135, 140]","(2.2, 2.3]",0.005504587155963303,135,140,2.2,2.3,"(0.75, 0.8]"
"(135, 140]","(2.3, 2.4]",0.0022935779816513763,135,140,2.3,2.4,"(0.75, 0.8]"
"(135, 140]","(2.4, 2.5]",0.0009174311926605505,135,140,2.4,2.5,"(0.75, 0.8]"
"(135, 140]","(2.5, 2.6]",0.001834862385321101,135,140,2.5,2.6,"(0.75, 0.8]"
"(135, 140]","(2.6, 2.7]",0.001834862385321101,135,140,2.6,2.7,"(0.75, 0.8]"
"(135, 140]","(2.7, 2.8]",0.0009174311926605505,135,140,2.7,2.8,"(0.75, 0.8]"
"(135, 140]","(2.8, 2.9]",0.001834862385321101,135,140,2.8,2.9,"(0.75, 0.8]"
"(135, 140]","(2.9, 3.0]",0.003211009174311927,135,140,2.9,3.0,"(0.75, 0.8]"
"(135, 140]","(3.0, 3.1]",0.003211009174311927,135,140,3.0,3.1,"(0.75, 0.8]"
"(135, 140]","(3.1, 3.2]",0.0009174311926605505,135,140,3.1,3.2,"(0.75, 0.8]"
"(135, 140]","(3.2, 3.3]",0.0009174311926605505,135,140,3.2,3.3,"(0.75, 0.8]"
"(135, 140]","(3.3, 3.4]",0.00045871559633027525,135,140,3.3,3.4,"(0.75, 0.8]"
"(140, 145]","(1.3, 1.4]",0.00045871559633027525,140,145,1.3,1.4,"(0.75, 0.8]"
"(140, 145]","(1.4, 1.5]",0.00045871559633027525,140,145,1.4,1.5,"(0.75, 0.8]"
"(140, 145]","(1.5, 1.6]",0.0009174311926605505,140,145,1.5,1.6,"(0.75, 0.8]"
"(140, 145]","(1.6, 1.7]",0.0009174311926605505,140,145,1.6,1.7,"(0.75, 0.8]"
"(140, 145]","(2.0, 2.1]",0.0009174311926605505,140,145,2.0,2.1,"(0.75, 0.8]"
"(140, 145]","(2.1, 2.2]",0.0013761467889908258,140,145,2.1,2.2,"(0.75, 0.8]"
"(140, 145]","(2.2, 2.3]",0.00045871559633027525,140,145,2.2,2.3,"(0.75, 0.8]"
"(140, 145]","(2.3, 2.4]",0.001834862385321101,140,145,2.3,2.4,"(0.75, 0.8]"
"(140, 145]","(2.4, 2.5]",0.0013761467889908258,140,145,2.4,2.5,"(0.75, 0.8]"
"(140, 145]","(2.5, 2.6]",0.0009174311926605505,140,145,2.5,2.6,"(0.75, 0.8]"
"(140, 145]","(2.6, 2.7]",0.00045871559633027525,140,145,2.6,2.7,"(0.75, 0.8]"
"(140, 145]","(2.7, 2.8]",0.00045871559633027525,140,145,2.7,2.8,"(0.75, 0.8]"
"(140, 145]","(2.8, 2.9]",0.0009174311926605505,140,145,2.8,2.9,"(0.75, 0.8]"
"(140, 145]","(2.9, 3.0]",0.0027522935779816515,140,145,2.9,3.0,"(0.75, 0.8]"
"(140, 145]","(3.0, 3.1]",0.003211009174311927,140,145,3.0,3.1,"(0.75, 0.8]"
"(140, 145]","(3.1, 3.2]",0.001834862385321101,140,145,3.1,3.2,"(0.75, 0.8]"
"(145, 150]","(1.8, 1.9]",0.00045871559633027525,145,150,1.8,1.9,"(0.75, 0.8]"
"(145, 150]","(1.9, 2.0]",0.00045871559633027525,145,150,1.9,2.0,"(0.75, 0.8]"
"(145, 150]","(2.0, 2.1]",0.0009174311926605505,145,150,2.0,2.1,"(0.75, 0.8]"
"(145, 150]","(2.1, 2.2]",0.001834862385321101,145,150,2.1,2.2,"(0.75, 0.8]"
"(145, 150]","(2.2, 2.3]",0.0009174311926605505,145,150,2.2,2.3,"(0.75, 0.8]"
"(145, 150]","(2.3, 2.4]",0.001834862385321101,145,150,2.3,2.4,"(0.75, 0.8]"
"(145, 150]","(2.4, 2.5]",0.0013761467889908258,145,150,2.4,2.5,"(0.75, 0.8]"
"(145, 150]","(2.5, 2.6]",0.0022935779816513763,145,150,2.5,2.6,"(0.75, 0.8]"
"(145, 150]","(2.6, 2.7]",0.0009174311926605505,145,150,2.6,2.7,"(0.75, 0.8]"
"(145, 150]","(2.7, 2.8]",0.0009174311926605505,145,150,2.7,2.8,"(0.75, 0.8]"
"(145, 150]","(2.8, 2.9]",0.0027522935779816515,145,150,2.8,2.9,"(0.75, 0.8]"
"(145, 150]","(2.9, 3.0]",0.003669724770642202,145,150,2.9,3.0,"(0.75, 0.8]"
"(145, 150]","(3.0, 3.1]",0.006880733944954129,145,150,3.0,3.1,"(0.75, 0.8]"
"(145, 150]","(3.1, 3.2]",0.0013761467889908258,145,150,3.1,3.2,"(0.75, 0.8]"
"(145, 150]","(3.3, 3.4]",0.00045871559633027525,145,150,3.3,3.4,"(0.75, 0.8]"
"(150, 155]","(1.3, 1.4]",0.00045871559633027525,150,155,1.3,1.4,"(0.75, 0.8]"
"(150, 155]","(1.4, 1.5]",0.00045871559633027525,150,155,1.4,1.5,"(0.75, 0.8]"
"(150, 155]","(1.5, 1.6]",0.00045871559633027525,150,155,1.5,1.6,"(0.75, 0.8]"
"(150, 155]","(1.7, 1.8]",0.00045871559633027525,150,155,1.7,1.8,"(0.75, 0.8]"
"(150, 155]","(1.9, 2.0]",0.00045871559633027525,150,155,1.9,2.0,"(0.75, 0.8]"
"(150, 155]","(2.0, 2.1]",0.0009174311926605505,150,155,2.0,2.1,"(0.75, 0.8]"
"(150, 155]","(2.1, 2.2]",0.003211009174311927,150,155,2.1,2.2,"(0.75, 0.8]"
"(150, 155]","(2.2, 2.3]",0.0027522935779816515,150,155,2.2,2.3,"(0.75, 0.8]"
"(150, 155]","(2.4, 2.5]",0.00045871559633027525,150,155,2.4,2.5,"(0.75, 0.8]"
"(150, 155]","(2.5, 2.6]",0.0022935779816513763,150,155,2.5,2.6,"(0.75, 0.8]"
"(150, 155]","(2.6, 2.7]",0.0027522935779816515,150,155,2.6,2.7,"(0.75, 0.8]"
"(150, 155]","(2.7, 2.8]",0.0022935779816513763,150,155,2.7,2.8,"(0.75, 0.8]"
"(150, 155]","(2.8, 2.9]",0.003211009174311927,150,155,2.8,2.9,"(0.75, 0.8]"
"(150, 155]","(2.9, 3.0]",0.003211009174311927,150,155,2.9,3.0,"(0.75, 0.8]"
"(150, 155]","(3.0, 3.1]",0.003211009174311927,150,155,3.0,3.1,"(0.75, 0.8]"
"(150, 155]","(3.1, 3.2]",0.0013761467889908258,150,155,3.1,3.2,"(0.75, 0.8]"
"(155, 160]","(1.5, 1.6]",0.00045871559633027525,155,160,1.5,1.6,"(0.75, 0.8]"
"(155, 160]","(1.7, 1.8]",0.0009174311926605505,155,160,1.7,1.8,"(0.75, 0.8]"
"(155, 160]","(1.8, 1.9]",0.0009174311926605505,155,160,1.8,1.9,"(0.75, 0.8]"
"(155, 160]","(2.0, 2.1]",0.001834862385321101,155,160,2.0,2.1,"(0.75, 0.8]"
"(155, 160]","(2.1, 2.2]",0.006880733944954129,155,160,2.1,2.2,"(0.75, 0.8]"
"(155, 160]","(2.2, 2.3]",0.0022935779816513763,155,160,2.2,2.3,"(0.75, 0.8]"
"(155, 160]","(2.3, 2.4]",0.0022935779816513763,155,160,2.3,2.4,"(0.75, 0.8]"
"(155, 160]","(2.4, 2.5]",0.0009174311926605505,155,160,2.4,2.5,"(0.75, 0.8]"
"(155, 160]","(2.5, 2.6]",0.0009174311926605505,155,160,2.5,2.6,"(0.75, 0.8]"
"(155, 160]","(2.6, 2.7]",0.0009174311926605505,155,160,2.6,2.7,"(0.75, 0.8]"
"(155, 160]","(2.7, 2.8]",0.0013761467889908258,155,160,2.7,2.8,"(0.75, 0.8]"
"(155, 160]","(2.8, 2.9]",0.001834862385321101,155,160,2.8,2.9,"(0.75, 0.8]"
"(155, 160]","(3.0, 3.1]",0.0013761467889908258,155,160,3.0,3.1,"(0.75, 0.8]"
"(155, 160]","(3.1, 3.2]",0.00045871559633027525,155,160,3.1,3.2,"(0.75, 0.8]"
"(155, 160]","(3.2, 3.3]",0.00045871559633027525,155,160,3.2,3.3,"(0.75, 0.8]"
"(155, 160]","(3.4, 3.5]",0.00045871559633027525,155,160,3.4,3.5,"(0.75, 0.8]"
"(155, 160]","(3.5, 3.6]",0.00045871559633027525,155,160,3.5,3.6,"(0.75, 0.8]"
"(160, 165]","(1.4, 1.5]",0.00045871559633027525,160,165,1.4,1.5,"(0.75, 0.8]"
"(160, 165]","(1.5, 1.6]",0.00045871559633027525,160,165,1.5,1.6,"(0.75, 0.8]"
"(160, 165]","(1.6, 1.7]",0.00045871559633027525,160,165,1.6,1.7,"(0.75, 0.8]"
"(160, 165]","(1.8, 1.9]",0.0009174311926605505,160,165,1.8,1.9,"(0.75, 0.8]"
"(160, 165]","(1.9, 2.0]",0.0009174311926605505,160,165,1.9,2.0,"(0.75, 0.8]"
"(160, 165]","(2.0, 2.1]",0.0009174311926605505,160,165,2.0,2.1,"(0.75, 0.8]"
"(160, 165]","(2.1, 2.2]",0.005504587155963303,160,165,2.1,2.2,"(0.75, 0.8]"
"(160, 165]","(2.2, 2.3]",0.00045871559633027525,160,165,2.2,2.3,"(0.75, 0.8]"
"(160, 165]","(2.3, 2.4]",0.003669724770642202,160,165,2.3,2.4,"(0.75, 0.8]"
"(160, 165]","(2.4, 2.5]",0.00045871559633027525,160,165,2.4,2.5,"(0.75, 0.8]"
"(160, 165]","(2.7, 2.8]",0.0009174311926605505,160,165,2.7,2.8,"(0.75, 0.8]"
"(160, 165]","(2.8, 2.9]",0.0009174311926605505,160,165,2.8,2.9,"(0.75, 0.8]"
"(160, 165]","(2.9, 3.0]",0.0013761467889908258,160,165,2.9,3.0,"(0.75, 0.8]"
"(160, 165]","(3.0, 3.1]",0.001834862385321101,160,165,3.0,3.1,"(0.75, 0.8]"
"(160, 165]","(3.1, 3.2]",0.0009174311926605505,160,165,3.1,3.2,"(0.75, 0.8]"
"(160, 165]","(3.4, 3.5]",0.00045871559633027525,160,165,3.4,3.5,"(0.75, 0.8]"
"(165, 170]","(0.2, 0.3]",0.00045871559633027525,165,170,0.2,0.3,"(0.75, 0.8]"
"(165, 170]","(1.3, 1.4]",0.00045871559633027525,165,170,1.3,1.4,"(0.75, 0.8]"
"(165, 170]","(1.5, 1.6]",0.0009174311926605505,165,170,1.5,1.6,"(0.75, 0.8]"
"(165, 170]","(1.6, 1.7]",0.00045871559633027525,165,170,1.6,1.7,"(0.75, 0.8]"
"(165, 170]","(1.9, 2.0]",0.00045871559633027525,165,170,1.9,2.0,"(0.75, 0.8]"
"(165, 170]","(2.0, 2.1]",0.001834862385321101,165,170,2.0,2.1,"(0.75, 0.8]"
"(165, 170]","(2.1, 2.2]",0.0009174311926605505,165,170,2.1,2.2,"(0.75, 0.8]"
"(165, 170]","(2.2, 2.3]",0.001834862385321101,165,170,2.2,2.3,"(0.75, 0.8]"
"(165, 170]","(2.3, 2.4]",0.003669724770642202,165,170,2.3,2.4,"(0.75, 0.8]"
"(165, 170]","(2.4, 2.5]",0.00045871559633027525,165,170,2.4,2.5,"(0.75, 0.8]"
"(165, 170]","(2.5, 2.6]",0.0009174311926605505,165,170,2.5,2.6,"(0.75, 0.8]"
"(165, 170]","(2.6, 2.7]",0.0009174311926605505,165,170,2.6,2.7,"(0.75, 0.8]"
"(165, 170]","(2.7, 2.8]",0.0013761467889908258,165,170,2.7,2.8,"(0.75, 0.8]"
"(165, 170]","(2.9, 3.0]",0.0013761467889908258,165,170,2.9,3.0,"(0.75, 0.8]"
"(165, 170]","(3.0, 3.1]",0.001834862385321101,165,170,3.0,3.1,"(0.75, 0.8]"
"(165, 170]","(3.1, 3.2]",0.0022935779816513763,165,170,3.1,3.2,"(0.75, 0.8]"
"(170, 175]","(1.7, 1.8]",0.00045871559633027525,170,175,1.7,1.8,"(0.75, 0.8]"
"(170, 175]","(1.8, 1.9]",0.00045871559633027525,170,175,1.8,1.9,"(0.75, 0.8]"
"(170, 175]","(1.9, 2.0]",0.00045871559633027525,170,175,1.9,2.0,"(0.75, 0.8]"
"(170, 175]","(2.2, 2.3]",0.0009174311926605505,170,175,2.2,2.3,"(0.75, 0.8]"
"(170, 175]","(2.3, 2.4]",0.00045871559633027525,170,175,2.3,2.4,"(0.75, 0.8]"
"(170, 175]","(2.7, 2.8]",0.0013761467889908258,170,175,2.7,2.8,"(0.75, 0.8]"
"(170, 175]","(2.9, 3.0]",0.0013761467889908258,170,175,2.9,3.0,"(0.75, 0.8]"
"(170, 175]","(3.0, 3.1]",0.0045871559633027525,170,175,3.0,3.1,"(0.75, 0.8]"
"(170, 175]","(3.1, 3.2]",0.001834862385321101,170,175,3.1,3.2,"(0.75, 0.8]"
"(175, 180]","(1.6, 1.7]",0.00045871559633027525,175,180,1.6,1.7,"(0.75, 0.8]"
"(175, 180]","(1.7, 1.8]",0.00045871559633027525,175,180,1.7,1.8,"(0.75, 0.8]"
"(175, 180]","(2.0, 2.1]",0.00045871559633027525,175,180,2.0,2.1,"(0.75, 0.8]"
"(175, 180]","(2.3, 2.4]",0.0009174311926605505,175,180,2.3,2.4,"(0.75, 0.8]"
"(175, 180]","(2.4, 2.5]",0.00045871559633027525,175,180,2.4,2.5,"(0.75, 0.8]"
"(175, 180]","(2.5, 2.6]",0.00045871559633027525,175,180,2.5,2.6,"(0.75, 0.8]"
"(175, 180]","(2.6, 2.7]",0.0009174311926605505,175,180,2.6,2.7,"(0.75, 0.8]"
"(175, 180]","(2.7, 2.8]",0.00045871559633027525,175,180,2.7,2.8,"(0.75, 0.8]"
"(175, 180]","(2.8, 2.9]",0.00045871559633027525,175,180,2.8,2.9,"(0.75, 0.8]"
"(175, 180]","(2.9, 3.0]",0.0009174311926605505,175,180,2.9,3.0,"(0.75, 0.8]"
"(175, 180]","(3.0, 3.1]",0.0013761467889908258,175,180,3.0,3.1,"(0.75, 0.8]"
"(180, 185]","(2.0, 2.1]",0.00045871559633027525,180,185,2.0,2.1,"(0.75, 0.8]"
"(180, 185]","(2.1, 2.2]",0.0009174311926605505,180,185,2.1,2.2,"(0.75, 0.8]"
"(180, 185]","(2.2, 2.3]",0.0013761467889908258,180,185,2.2,2.3,"(0.75, 0.8]"
"(180, 185]","(2.3, 2.4]",0.0013761467889908258,180,185,2.3,2.4,"(0.75, 0.8]"
"(180, 185]","(2.4, 2.5]",0.00045871559633027525,180,185,2.4,2.5,"(0.75, 0.8]"
"(180, 185]","(2.5, 2.6]",0.0013761467889908258,180,185,2.5,2.6,"(0.75, 0.8]"
"(180, 185]","(2.6, 2.7]",0.0009174311926605505,180,185,2.6,2.7,"(0.75, 0.8]"
"(180, 185]","(2.7, 2.8]",0.0009174311926605505,180,185,2.7,2.8,"(0.75, 0.8]"
"(180, 185]","(2.8, 2.9]",0.00045871559633027525,180,185,2.8,2.9,"(0.75, 0.8]"
"(180, 185]","(2.9, 3.0]",0.00045871559633027525,180,185,2.9,3.0,"(0.75, 0.8]"
"(180, 185]","(3.1, 3.2]",0.00045871559633027525,180,185,3.1,3.2,"(0.75, 0.8]"
"(185, 190]","(1.7, 1.8]",0.00045871559633027525,185,190,1.7,1.8,"(0.75, 0.8]"
"(185, 190]","(1.8, 1.9]",0.00045871559633027525,185,190,1.8,1.9,"(0.75, 0.8]"
"(185, 190]","(1.9, 2.0]",0.00045871559633027525,185,190,1.9,2.0,"(0.75, 0.8]"
"(185, 190]","(2.1, 2.2]",0.0022935779816513763,185,190,2.1,2.2,"(0.75, 0.8]"
"(185, 190]","(2.2, 2.3]",0.00045871559633027525,185,190,2.2,2.3,"(0.75, 0.8]"
"(185, 190]","(2.3, 2.4]",0.0009174311926605505,185,190,2.3,2.4,"(0.75, 0.8]"
"(185, 190]","(2.7, 2.8]",0.00045871559633027525,185,190,2.7,2.8,"(0.75, 0.8]"
"(185, 190]","(2.8, 2.9]",0.00045871559633027525,185,190,2.8,2.9,"(0.75, 0.8]"
"(185, 190]","(2.9, 3.0]",0.0009174311926605505,185,190,2.9,3.0,"(0.75, 0.8]"
"(185, 190]","(3.0, 3.1]",0.00045871559633027525,185,190,3.0,3.1,"(0.75, 0.8]"
"(185, 190]","(3.1, 3.2]",0.001834862385321101,185,190,3.1,3.2,"(0.75, 0.8]"
"(190, 195]","(1.6, 1.7]",0.00045871559633027525,190,195,1.6,1.7,"(0.75, 0.8]"
"(190, 195]","(1.7, 1.8]",0.00045871559633027525,190,195,1.7,1.8,"(0.75, 0.8]"
"(190, 195]","(1.8, 1.9]",0.00045871559633027525,190,195,1.8,1.9,"(0.75, 0.8]"
"(190, 195]","(1.9, 2.0]",0.00045871559633027525,190,195,1.9,2.0,"(0.75, 0.8]"
"(190, 195]","(2.1, 2.2]",0.00045871559633027525,190,195,2.1,2.2,"(0.75, 0.8]"
"(190, 195]","(2.2, 2.3]",0.0009174311926605505,190,195,2.2,2.3,"(0.75, 0.8]"
"(190, 195]","(2.7, 2.8]",0.0009174311926605505,190,195,2.7,2.8,"(0.75, 0.8]"
"(190, 195]","(3.0, 3.1]",0.0009174311926605505,190,195,3.0,3.1,"(0.75, 0.8]"
"(190, 195]","(3.1, 3.2]",0.001834862385321101,190,195,3.1,3.2,"(0.75, 0.8]"
"(190, 195]","(3.2, 3.3]",0.00045871559633027525,190,195,3.2,3.3,"(0.75, 0.8]"
"(190, 195]","(3.4, 3.5]",0.00045871559633027525,190,195,3.4,3.5,"(0.75, 0.8]"
"(195, 200]","(1.6, 1.7]",0.00045871559633027525,195,200,1.6,1.7,"(0.75, 0.8]"
"(195, 200]","(1.7, 1.8]",0.00045871559633027525,195,200,1.7,1.8,"(0.75, 0.8]"
"(195, 200]","(2.0, 2.1]",0.00045871559633027525,195,200,2.0,2.1,"(0.75, 0.8]"
"(195, 200]","(2.2, 2.3]",0.00045871559633027525,195,200,2.2,2.3,"(0.75, 0.8]"
"(195, 200]","(2.9, 3.0]",0.00045871559633027525,195,200,2.9,3.0,"(0.75, 0.8]"
"(195, 200]","(3.0, 3.1]",0.00045871559633027525,195,200,3.0,3.1,"(0.75, 0.8]"
"(200, 205]","(2.1, 2.2]",0.0013761467889908258,200,205,2.1,2.2,"(0.75, 0.8]"
"(200, 205]","(2.2, 2.3]",0.00045871559633027525,200,205,2.2,2.3,"(0.75, 0.8]"
"(200, 205]","(2.3, 2.4]",0.00045871559633027525,200,205,2.3,2.4,"(0.75, 0.8]"
"(200, 205]","(2.7, 2.8]",0.0009174311926605505,200,205,2.7,2.8,"(0.75, 0.8]"
"(200, 205]","(2.9, 3.0]",0.00045871559633027525,200,205,2.9,3.0,"(0.75, 0.8]"
"(200, 205]","(3.0, 3.1]",0.0009174311926605505,200,205,3.0,3.1,"(0.75, 0.8]"
"(200, 205]","(3.5, 3.6]",0.00045871559633027525,200,205,3.5,3.6,"(0.75, 0.8]"
"(205, 210]","(0.8, 0.9]",0.00045871559633027525,205,210,0.8,0.9,"(0.75, 0.8]"
"(205, 210]","(2.1, 2.2]",0.00045871559633027525,205,210,2.1,2.2,"(0.75, 0.8]"
"(205, 210]","(2.2, 2.3]",0.0009174311926605505,205,210,2.2,2.3,"(0.75, 0.8]"
"(205, 210]","(2.3, 2.4]",0.0009174311926605505,205,210,2.3,2.4,"(0.75, 0.8]"
"(205, 210]","(2.4, 2.5]",0.00045871559633027525,205,210,2.4,2.5,"(0.75, 0.8]"
"(205, 210]","(2.5, 2.6]",0.0009174311926605505,205,210,2.5,2.6,"(0.75, 0.8]"
"(205, 210]","(2.6, 2.7]",0.00045871559633027525,205,210,2.6,2.7,"(0.75, 0.8]"
"(205, 210]","(2.8, 2.9]",0.00045871559633027525,205,210,2.8,2.9,"(0.75, 0.8]"
"(205, 210]","(2.9, 3.0]",0.0009174311926605505,205,210,2.9,3.0,"(0.75, 0.8]"
"(205, 210]","(3.0, 3.1]",0.0013761467889908258,205,210,3.0,3.1,"(0.75, 0.8]"
"(210, 215]","(2.1, 2.2]",0.0013761467889908258,210,215,2.1,2.2,"(0.75, 0.8]"
"(210, 215]","(2.4, 2.5]",0.0009174311926605505,210,215,2.4,2.5,"(0.75, 0.8]"
"(210, 215]","(2.6, 2.7]",0.00045871559633027525,210,215,2.6,2.7,"(0.75, 0.8]"
"(210, 215]","(2.8, 2.9]",0.00045871559633027525,210,215,2.8,2.9,"(0.75, 0.8]"
"(210, 215]","(3.0, 3.1]",0.0009174311926605505,210,215,3.0,3.1,"(0.75, 0.8]"
"(210, 215]","(3.1, 3.2]",0.00045871559633027525,210,215,3.1,3.2,"(0.75, 0.8]"
"(210, 215]","(3.4, 3.5]",0.00045871559633027525,210,215,3.4,3.5,"(0.75, 0.8]"
"(215, 220]","(2.1, 2.2]",0.00045871559633027525,215,220,2.1,2.2,"(0.75, 0.8]"
"(215, 220]","(2.2, 2.3]",0.00045871559633027525,215,220,2.2,2.3,"(0.75, 0.8]"
"(215, 220]","(2.3, 2.4]",0.00045871559633027525,215,220,2.3,2.4,"(0.75, 0.8]"
"(215, 220]","(2.4, 2.5]",0.00045871559633027525,215,220,2.4,2.5,"(0.75, 0.8]"
"(215, 220]","(2.6, 2.7]",0.00045871559633027525,215,220,2.6,2.7,"(0.75, 0.8]"
"(215, 220]","(3.0, 3.1]",0.0009174311926605505,215,220,3.0,3.1,"(0.75, 0.8]"
"(215, 220]","(3.1, 3.2]",0.00045871559633027525,215,220,3.1,3.2,"(0.75, 0.8]"
"(220, 225]","(1.8, 1.9]",0.00045871559633027525,220,225,1.8,1.9,"(0.75, 0.8]"
"(220, 225]","(2.9, 3.0]",0.00045871559633027525,220,225,2.9,3.0,"(0.75, 0.8]"
"(220, 225]","(3.1, 3.2]",0.00045871559633027525,220,225,3.1,3.2,"(0.75, 0.8]"
"(225, 230]","(2.6, 2.7]",0.0009174311926605505,225,230,2.6,2.7,"(0.75, 0.8]"
"(225, 230]","(2.9, 3.0]",0.00045871559633027525,225,230,2.9,3.0,"(0.75, 0.8]"
"(225, 230]","(3.1, 3.2]",0.00045871559633027525,225,230,3.1,3.2,"(0.75, 0.8]"
"(230, 235]","(2.2, 2.3]",0.00045871559633027525,230,235,2.2,2.3,"(0.75, 0.8]"
"(230, 235]","(2.8, 2.9]",0.00045871559633027525,230,235,2.8,2.9,"(0.75, 0.8]"
"(235, 240]","(2.1, 2.2]",0.00045871559633027525,235,240,2.1,2.2,"(0.75, 0.8]"
"(235, 240]","(2.2, 2.3]",0.00045871559633027525,235,240,2.2,2.3,"(0.75, 0.8]"
"(235, 240]","(2.7, 2.8]",0.00045871559633027525,235,240,2.7,2.8,"(0.75, 0.8]"
"(235, 240]","(3.0, 3.1]",0.00045871559633027525,235,240,3.0,3.1,"(0.75, 0.8]"
"(240, 245]","(2.4, 2.5]",0.00045871559633027525,240,245,2.4,2.5,"(0.75, 0.8]"
"(240, 245]","(2.7, 2.8]",0.00045871559633027525,240,245,2.7,2.8,"(0.75, 0.8]"
"(240, 245]","(2.9, 3.0]",0.00045871559633027525,240,245,2.9,3.0,"(0.75, 0.8]"
"(250, 255]","(2.3, 2.4]",0.00045871559633027525,250,255,2.3,2.4,"(0.75, 0.8]"
"(250, 255]","(2.4, 2.5]",0.00045871559633027525,250,255,2.4,2.5,"(0.75, 0.8]"
"(250, 255]","(2.9, 3.0]",0.00045871559633027525,250,255,2.9,3.0,"(0.75, 0.8]"
"(250, 255]","(3.1, 3.2]",0.00045871559633027525,250,255,3.1,3.2,"(0.75, 0.8]"
"(255, 260]","(2.1, 2.2]",0.00045871559633027525,255,260,2.1,2.2,"(0.75, 0.8]"
"(255, 260]","(2.5, 2.6]",0.00045871559633027525,255,260,2.5,2.6,"(0.75, 0.8]"
"(255, 260]","(2.8, 2.9]",0.00045871559633027525,255,260,2.8,2.9,"(0.75, 0.8]"
"(255, 260]","(3.0, 3.1]",0.00045871559633027525,255,260,3.0,3.1,"(0.75, 0.8]"
"(260, 265]","(2.6, 2.7]",0.00045871559633027525,260,265,2.6,2.7,"(0.75, 0.8]"
"(265, 270]","(2.1, 2.2]",0.00045871559633027525,265,270,2.1,2.2,"(0.75, 0.8]"
"(275, 280]","(2.1, 2.2]",0.00045871559633027525,275,280,2.1,2.2,"(0.75, 0.8]"
"(280, 285]","(2.7, 2.8]",0.00045871559633027525,280,285,2.7,2.8,"(0.75, 0.8]"
"(280, 285]","(2.8, 2.9]",0.00045871559633027525,280,285,2.8,2.9,"(0.75, 0.8]"
"(285, 290]","(3.0, 3.1]",0.00045871559633027525,285,290,3.0,3.1,"(0.75, 0.8]"
"(290, 295]","(2.5, 2.6]",0.00045871559633027525,290,295,2.5,2.6,"(0.75, 0.8]"
"(290, 295]","(3.0, 3.1]",0.00045871559633027525,290,295,3.0,3.1,"(0.75, 0.8]"
"(295, 300]","(2.2, 2.3]",0.00045871559633027525,295,300,2.2,2.3,"(0.75, 0.8]"
"(295, 300]","(2.5, 2.6]",0.00045871559633027525,295,300,2.5,2.6,"(0.75, 0.8]"
"(295, 300]","(2.6, 2.7]",0.00045871559633027525,295,300,2.6,2.7,"(0.75, 0.8]"
"(300, 305]","(2.6, 2.7]",0.00045871559633027525,300,305,2.6,2.7,"(0.75, 0.8]"
"(310, 315]","(3.2, 3.3]",0.00045871559633027525,310,315,3.2,3.3,"(0.75, 0.8]"
"(445, 450]","(2.9, 3.0]",0.00045871559633027525,445,450,2.9,3.0,"(0.75, 0.8]"
"(55, 60]","(-3.1, -3.0]",0.00033211557622052476,55,60,-3.1,-3.0,"(0.8, 0.85]"
"(55, 60]","(-2.9, -2.8]",0.00033211557622052476,55,60,-2.9,-2.8,"(0.8, 0.85]"
"(55, 60]","(-2.8, -2.7]",0.00033211557622052476,55,60,-2.8,-2.7,"(0.8, 0.85]"
"(55, 60]","(-2.6, -2.5]",0.00033211557622052476,55,60,-2.6,-2.5,"(0.8, 0.85]"
"(60, 65]","(-2.6, -2.5]",0.0009963467286615742,60,65,-2.6,-2.5,"(0.8, 0.85]"
"(60, 65]","(-2.1, -2.0]",0.00033211557622052476,60,65,-2.1,-2.0,"(0.8, 0.85]"
"(65, 70]","(-2.6, -2.5]",0.00033211557622052476,65,70,-2.6,-2.5,"(0.8, 0.85]"
"(65, 70]","(-2.2, -2.1]",0.00033211557622052476,65,70,-2.2,-2.1,"(0.8, 0.85]"
"(65, 70]","(-2.1, -2.0]",0.00033211557622052476,65,70,-2.1,-2.0,"(0.8, 0.85]"
"(65, 70]","(-2.0, -1.9]",0.0009963467286615742,65,70,-2.0,-1.9,"(0.8, 0.85]"
"(65, 70]","(-1.9, -1.8]",0.0006642311524410495,65,70,-1.9,-1.8,"(0.8, 0.85]"
"(65, 70]","(-1.8, -1.7]",0.0006642311524410495,65,70,-1.8,-1.7,"(0.8, 0.85]"
"(65, 70]","(-1.6, -1.5]",0.00033211557622052476,65,70,-1.6,-1.5,"(0.8, 0.85]"
"(70, 75]","(-2.2, -2.1]",0.00033211557622052476,70,75,-2.2,-2.1,"(0.8, 0.85]"
"(70, 75]","(-2.0, -1.9]",0.00033211557622052476,70,75,-2.0,-1.9,"(0.8, 0.85]"
"(70, 75]","(-1.9, -1.8]",0.0006642311524410495,70,75,-1.9,-1.8,"(0.8, 0.85]"
"(70, 75]","(-1.8, -1.7]",0.006642311524410495,70,75,-1.8,-1.7,"(0.8, 0.85]"
"(70, 75]","(-1.7, -1.6]",0.004649618067087346,70,75,-1.7,-1.6,"(0.8, 0.85]"
"(70, 75]","(-1.6, -1.5]",0.0009963467286615742,70,75,-1.6,-1.5,"(0.8, 0.85]"
"(75, 80]","(-1.8, -1.7]",0.00033211557622052476,75,80,-1.8,-1.7,"(0.8, 0.85]"
"(75, 80]","(-1.7, -1.6]",0.0009963467286615742,75,80,-1.7,-1.6,"(0.8, 0.85]"
"(75, 80]","(-1.6, -1.5]",0.00033211557622052476,75,80,-1.6,-1.5,"(0.8, 0.85]"
"(75, 80]","(-1.2, -1.1]",0.00033211557622052476,75,80,-1.2,-1.1,"(0.8, 0.85]"
"(75, 80]","(-1.1, -1.0]",0.00033211557622052476,75,80,-1.1,-1.0,"(0.8, 0.85]"
"(75, 80]","(-0.9, -0.8]",0.00033211557622052476,75,80,-0.9,-0.8,"(0.8, 0.85]"
"(75, 80]","(-0.8, -0.7]",0.00033211557622052476,75,80,-0.8,-0.7,"(0.8, 0.85]"
"(75, 80]","(-0.7, -0.6]",0.0006642311524410495,75,80,-0.7,-0.6,"(0.8, 0.85]"
"(75, 80]","(-0.6, -0.5]",0.0009963467286615742,75,80,-0.6,-0.5,"(0.8, 0.85]"
"(80, 85]","(-0.8, -0.7]",0.00033211557622052476,80,85,-0.8,-0.7,"(0.8, 0.85]"
"(80, 85]","(-0.7, -0.6]",0.002324809033543673,80,85,-0.7,-0.6,"(0.8, 0.85]"
"(80, 85]","(-0.6, -0.5]",0.0006642311524410495,80,85,-0.6,-0.5,"(0.8, 0.85]"
"(80, 85]","(-0.5, -0.4]",0.001328462304882099,80,85,-0.5,-0.4,"(0.8, 0.85]"
"(80, 85]","(-0.4, -0.3]",0.0016605778811026237,80,85,-0.4,-0.3,"(0.8, 0.85]"
"(80, 85]","(-0.3, -0.2]",0.0019926934573231483,80,85,-0.3,-0.2,"(0.8, 0.85]"
"(80, 85]","(-0.2, -0.1]",0.0033211557622052474,80,85,-0.2,-0.1,"(0.8, 0.85]"
"(80, 85]","(-0.1, 0.0]",0.0036532713384257723,80,85,-0.1,0.0,"(0.8, 0.85]"
"(80, 85]","(0.0, 0.1]",0.009299236134174693,80,85,0.0,0.1,"(0.8, 0.85]"
"(80, 85]","(0.1, 0.2]",0.016273663234805714,80,85,0.1,0.2,"(0.8, 0.85]"
"(80, 85]","(0.2, 0.3]",0.00033211557622052476,80,85,0.2,0.3,"(0.8, 0.85]"
"(80, 85]","(0.3, 0.4]",0.00033211557622052476,80,85,0.3,0.4,"(0.8, 0.85]"
"(80, 85]","(0.4, 0.5]",0.001328462304882099,80,85,0.4,0.5,"(0.8, 0.85]"
"(85, 90]","(-0.7, -0.6]",0.00033211557622052476,85,90,-0.7,-0.6,"(0.8, 0.85]"
"(85, 90]","(-0.5, -0.4]",0.0009963467286615742,85,90,-0.5,-0.4,"(0.8, 0.85]"
"(85, 90]","(-0.4, -0.3]",0.00033211557622052476,85,90,-0.4,-0.3,"(0.8, 0.85]"
"(85, 90]","(-0.3, -0.2]",0.0016605778811026237,85,90,-0.3,-0.2,"(0.8, 0.85]"
"(85, 90]","(-0.2, -0.1]",0.0033211557622052474,85,90,-0.2,-0.1,"(0.8, 0.85]"
"(85, 90]","(-0.1, 0.0]",0.009299236134174693,85,90,-0.1,0.0,"(0.8, 0.85]"
"(85, 90]","(0.0, 0.1]",0.028561939554965127,85,90,0.0,0.1,"(0.8, 0.85]"
"(85, 90]","(0.1, 0.2]",0.08435735636001329,85,90,0.1,0.2,"(0.8, 0.85]"
"(85, 90]","(0.2, 0.3]",0.003985386914646297,85,90,0.2,0.3,"(0.8, 0.85]"
"(85, 90]","(0.3, 0.4]",0.002656924609764198,85,90,0.3,0.4,"(0.8, 0.85]"
"(85, 90]","(0.4, 0.5]",0.004649618067087346,85,90,0.4,0.5,"(0.8, 0.85]"
"(85, 90]","(0.5, 0.6]",0.011291929591497841,85,90,0.5,0.6,"(0.8, 0.85]"
"(85, 90]","(0.6, 0.7]",0.006642311524410495,85,90,0.6,0.7,"(0.8, 0.85]"
"(85, 90]","(0.7, 0.8]",0.002656924609764198,85,90,0.7,0.8,"(0.8, 0.85]"
"(85, 90]","(0.8, 0.9]",0.0016605778811026237,85,90,0.8,0.9,"(0.8, 0.85]"
"(85, 90]","(0.9, 1.0]",0.002324809033543673,85,90,0.9,1.0,"(0.8, 0.85]"
"(85, 90]","(1.0, 1.1]",0.00033211557622052476,85,90,1.0,1.1,"(0.8, 0.85]"
"(90, 95]","(-0.2, -0.1]",0.00033211557622052476,90,95,-0.2,-0.1,"(0.8, 0.85]"
"(90, 95]","(-0.1, 0.0]",0.00033211557622052476,90,95,-0.1,0.0,"(0.8, 0.85]"
"(90, 95]","(0.0, 0.1]",0.0019926934573231483,90,95,0.0,0.1,"(0.8, 0.85]"
"(90, 95]","(0.1, 0.2]",0.008635004981733644,90,95,0.1,0.2,"(0.8, 0.85]"
"(90, 95]","(0.2, 0.3]",0.001328462304882099,90,95,0.2,0.3,"(0.8, 0.85]"
"(90, 95]","(0.3, 0.4]",0.00033211557622052476,90,95,0.3,0.4,"(0.8, 0.85]"
"(90, 95]","(0.4, 0.5]",0.0009963467286615742,90,95,0.4,0.5,"(0.8, 0.85]"
"(90, 95]","(0.5, 0.6]",0.002656924609764198,90,95,0.5,0.6,"(0.8, 0.85]"
"(90, 95]","(0.6, 0.7]",0.008302889405513119,90,95,0.6,0.7,"(0.8, 0.85]"
"(90, 95]","(0.7, 0.8]",0.0036532713384257723,90,95,0.7,0.8,"(0.8, 0.85]"
"(90, 95]","(0.8, 0.9]",0.005978080371969445,90,95,0.8,0.9,"(0.8, 0.85]"
"(90, 95]","(0.9, 1.0]",0.005313849219528396,90,95,0.9,1.0,"(0.8, 0.85]"
"(90, 95]","(1.0, 1.1]",0.005313849219528396,90,95,1.0,1.1,"(0.8, 0.85]"
"(90, 95]","(1.1, 1.2]",0.013948854201262038,90,95,1.1,1.2,"(0.8, 0.85]"
"(90, 95]","(1.2, 1.3]",0.005313849219528396,90,95,1.2,1.3,"(0.8, 0.85]"
"(90, 95]","(1.3, 1.4]",0.005645964795748921,90,95,1.3,1.4,"(0.8, 0.85]"
"(90, 95]","(1.4, 1.5]",0.00033211557622052476,90,95,1.4,1.5,"(0.8, 0.85]"
"(90, 95]","(1.5, 1.6]",0.001328462304882099,90,95,1.5,1.6,"(0.8, 0.85]"
"(90, 95]","(1.6, 1.7]",0.00033211557622052476,90,95,1.6,1.7,"(0.8, 0.85]"
"(90, 95]","(1.7, 1.8]",0.0006642311524410495,90,95,1.7,1.8,"(0.8, 0.85]"
"(90, 95]","(1.8, 1.9]",0.0009963467286615742,90,95,1.8,1.9,"(0.8, 0.85]"
"(90, 95]","(1.9, 2.0]",0.00033211557622052476,90,95,1.9,2.0,"(0.8, 0.85]"
"(90, 95]","(2.0, 2.1]",0.0009963467286615742,90,95,2.0,2.1,"(0.8, 0.85]"
"(95, 100]","(0.0, 0.1]",0.00033211557622052476,95,100,0.0,0.1,"(0.8, 0.85]"
"(95, 100]","(0.1, 0.2]",0.0019926934573231483,95,100,0.1,0.2,"(0.8, 0.85]"
"(95, 100]","(0.5, 0.6]",0.0009963467286615742,95,100,0.5,0.6,"(0.8, 0.85]"
"(95, 100]","(0.6, 0.7]",0.0009963467286615742,95,100,0.6,0.7,"(0.8, 0.85]"
"(95, 100]","(0.7, 0.8]",0.00033211557622052476,95,100,0.7,0.8,"(0.8, 0.85]"
"(95, 100]","(0.8, 0.9]",0.0009963467286615742,95,100,0.8,0.9,"(0.8, 0.85]"
"(95, 100]","(0.9, 1.0]",0.0016605778811026237,95,100,0.9,1.0,"(0.8, 0.85]"
"(95, 100]","(1.0, 1.1]",0.0016605778811026237,95,100,1.0,1.1,"(0.8, 0.85]"
"(95, 100]","(1.1, 1.2]",0.016605778811026237,95,100,1.1,1.2,"(0.8, 0.85]"
"(95, 100]","(1.2, 1.3]",0.004981733643307871,95,100,1.2,1.3,"(0.8, 0.85]"
"(95, 100]","(1.3, 1.4]",0.009299236134174693,95,100,1.3,1.4,"(0.8, 0.85]"
"(95, 100]","(1.4, 1.5]",0.0016605778811026237,95,100,1.4,1.5,"(0.8, 0.85]"
"(95, 100]","(1.5, 1.6]",0.001328462304882099,95,100,1.5,1.6,"(0.8, 0.85]"
"(95, 100]","(1.6, 1.7]",0.0036532713384257723,95,100,1.6,1.7,"(0.8, 0.85]"
"(95, 100]","(1.7, 1.8]",0.0029890401859847225,95,100,1.7,1.8,"(0.8, 0.85]"
"(95, 100]","(1.8, 1.9]",0.005645964795748921,95,100,1.8,1.9,"(0.8, 0.85]"
"(95, 100]","(1.9, 2.0]",0.0036532713384257723,95,100,1.9,2.0,"(0.8, 0.85]"
"(95, 100]","(2.0, 2.1]",0.060445034872135504,95,100,2.0,2.1,"(0.8, 0.85]"
"(95, 100]","(2.1, 2.2]",0.0036532713384257723,95,100,2.1,2.2,"(0.8, 0.85]"
"(95, 100]","(2.2, 2.3]",0.014280969777482564,95,100,2.2,2.3,"(0.8, 0.85]"
"(95, 100]","(2.3, 2.4]",0.004649618067087346,95,100,2.3,2.4,"(0.8, 0.85]"
"(95, 100]","(2.4, 2.5]",0.0019926934573231483,95,100,2.4,2.5,"(0.8, 0.85]"
"(95, 100]","(2.5, 2.6]",0.001328462304882099,95,100,2.5,2.6,"(0.8, 0.85]"
"(95, 100]","(2.6, 2.7]",0.001328462304882099,95,100,2.6,2.7,"(0.8, 0.85]"
"(95, 100]","(2.7, 2.8]",0.00033211557622052476,95,100,2.7,2.8,"(0.8, 0.85]"
"(100, 105]","(0.1, 0.2]",0.00033211557622052476,100,105,0.1,0.2,"(0.8, 0.85]"
"(100, 105]","(0.4, 0.5]",0.0009963467286615742,100,105,0.4,0.5,"(0.8, 0.85]"
"(100, 105]","(0.8, 0.9]",0.001328462304882099,100,105,0.8,0.9,"(0.8, 0.85]"
"(100, 105]","(0.9, 1.0]",0.00033211557622052476,100,105,0.9,1.0,"(0.8, 0.85]"
"(100, 105]","(1.0, 1.1]",0.0009963467286615742,100,105,1.0,1.1,"(0.8, 0.85]"
"(100, 105]","(1.1, 1.2]",0.003985386914646297,100,105,1.1,1.2,"(0.8, 0.85]"
"(100, 105]","(1.2, 1.3]",0.0009963467286615742,100,105,1.2,1.3,"(0.8, 0.85]"
"(100, 105]","(1.3, 1.4]",0.0006642311524410495,100,105,1.3,1.4,"(0.8, 0.85]"
"(100, 105]","(1.4, 1.5]",0.00033211557622052476,100,105,1.4,1.5,"(0.8, 0.85]"
"(100, 105]","(1.6, 1.7]",0.0009963467286615742,100,105,1.6,1.7,"(0.8, 0.85]"
"(100, 105]","(1.7, 1.8]",0.00033211557622052476,100,105,1.7,1.8,"(0.8, 0.85]"
"(100, 105]","(1.9, 2.0]",0.002324809033543673,100,105,1.9,2.0,"(0.8, 0.85]"
"(100, 105]","(2.0, 2.1]",0.018598472268349386,100,105,2.0,2.1,"(0.8, 0.85]"
"(100, 105]","(2.1, 2.2]",0.0006642311524410495,100,105,2.1,2.2,"(0.8, 0.85]"
"(100, 105]","(2.2, 2.3]",0.010959814015277316,100,105,2.2,2.3,"(0.8, 0.85]"
"(100, 105]","(2.3, 2.4]",0.0073065426768515445,100,105,2.3,2.4,"(0.8, 0.85]"
"(100, 105]","(2.4, 2.5]",0.0073065426768515445,100,105,2.4,2.5,"(0.8, 0.85]"
"(100, 105]","(2.5, 2.6]",0.006974427100631019,100,105,2.5,2.6,"(0.8, 0.85]"
"(100, 105]","(2.6, 2.7]",0.0029890401859847225,100,105,2.6,2.7,"(0.8, 0.85]"
"(100, 105]","(2.7, 2.8]",0.009631351710395218,100,105,2.7,2.8,"(0.8, 0.85]"
"(100, 105]","(2.8, 2.9]",0.01959481899701096,100,105,2.8,2.9,"(0.8, 0.85]"
"(100, 105]","(2.9, 3.0]",0.004981733643307871,100,105,2.9,3.0,"(0.8, 0.85]"
"(105, 110]","(0.6, 0.7]",0.00033211557622052476,105,110,0.6,0.7,"(0.8, 0.85]"
"(105, 110]","(0.7, 0.8]",0.00033211557622052476,105,110,0.7,0.8,"(0.8, 0.85]"
"(105, 110]","(0.9, 1.0]",0.0009963467286615742,105,110,0.9,1.0,"(0.8, 0.85]"
"(105, 110]","(1.0, 1.1]",0.001328462304882099,105,110,1.0,1.1,"(0.8, 0.85]"
"(105, 110]","(1.1, 1.2]",0.001328462304882099,105,110,1.1,1.2,"(0.8, 0.85]"
"(105, 110]","(1.4, 1.5]",0.00033211557622052476,105,110,1.4,1.5,"(0.8, 0.85]"
"(105, 110]","(1.5, 1.6]",0.00033211557622052476,105,110,1.5,1.6,"(0.8, 0.85]"
"(105, 110]","(1.6, 1.7]",0.00033211557622052476,105,110,1.6,1.7,"(0.8, 0.85]"
"(105, 110]","(2.0, 2.1]",0.001328462304882099,105,110,2.0,2.1,"(0.8, 0.85]"
"(105, 110]","(2.1, 2.2]",0.0033211557622052474,105,110,2.1,2.2,"(0.8, 0.85]"
"(105, 110]","(2.3, 2.4]",0.00033211557622052476,105,110,2.3,2.4,"(0.8, 0.85]"
"(105, 110]","(2.5, 2.6]",0.0019926934573231483,105,110,2.5,2.6,"(0.8, 0.85]"
"(105, 110]","(2.6, 2.7]",0.0009963467286615742,105,110,2.6,2.7,"(0.8, 0.85]"
"(105, 110]","(2.7, 2.8]",0.001328462304882099,105,110,2.7,2.8,"(0.8, 0.85]"
"(105, 110]","(2.8, 2.9]",0.00631019594818997,105,110,2.8,2.9,"(0.8, 0.85]"
"(105, 110]","(2.9, 3.0]",0.004317502490866822,105,110,2.9,3.0,"(0.8, 0.85]"
"(105, 110]","(3.1, 3.2]",0.0006642311524410495,105,110,3.1,3.2,"(0.8, 0.85]"
"(110, 115]","(0.7, 0.8]",0.00033211557622052476,110,115,0.7,0.8,"(0.8, 0.85]"
"(110, 115]","(0.8, 0.9]",0.00033211557622052476,110,115,0.8,0.9,"(0.8, 0.85]"
"(110, 115]","(0.9, 1.0]",0.001328462304882099,110,115,0.9,1.0,"(0.8, 0.85]"
"(110, 115]","(1.0, 1.1]",0.0009963467286615742,110,115,1.0,1.1,"(0.8, 0.85]"
"(110, 115]","(1.1, 1.2]",0.001328462304882099,110,115,1.1,1.2,"(0.8, 0.85]"
"(110, 115]","(1.4, 1.5]",0.0009963467286615742,110,115,1.4,1.5,"(0.8, 0.85]"
"(110, 115]","(1.6, 1.7]",0.0006642311524410495,110,115,1.6,1.7,"(0.8, 0.85]"
"(110, 115]","(1.7, 1.8]",0.00033211557622052476,110,115,1.7,1.8,"(0.8, 0.85]"
"(110, 115]","(1.8, 1.9]",0.00033211557622052476,110,115,1.8,1.9,"(0.8, 0.85]"
"(110, 115]","(1.9, 2.0]",0.0009963467286615742,110,115,1.9,2.0,"(0.8, 0.85]"
"(110, 115]","(2.0, 2.1]",0.0073065426768515445,110,115,2.0,2.1,"(0.8, 0.85]"
"(110, 115]","(2.1, 2.2]",0.018598472268349386,110,115,2.1,2.2,"(0.8, 0.85]"
"(110, 115]","(2.2, 2.3]",0.009631351710395218,110,115,2.2,2.3,"(0.8, 0.85]"
"(110, 115]","(2.3, 2.4]",0.002656924609764198,110,115,2.3,2.4,"(0.8, 0.85]"
"(110, 115]","(2.4, 2.5]",0.0006642311524410495,110,115,2.4,2.5,"(0.8, 0.85]"
"(110, 115]","(2.5, 2.6]",0.0019926934573231483,110,115,2.5,2.6,"(0.8, 0.85]"
"(110, 115]","(2.6, 2.7]",0.0016605778811026237,110,115,2.6,2.7,"(0.8, 0.85]"
"(110, 115]","(2.7, 2.8]",0.0033211557622052474,110,115,2.7,2.8,"(0.8, 0.85]"
"(110, 115]","(2.8, 2.9]",0.0029890401859847225,110,115,2.8,2.9,"(0.8, 0.85]"
"(110, 115]","(2.9, 3.0]",0.0019926934573231483,110,115,2.9,3.0,"(0.8, 0.85]"
"(110, 115]","(3.0, 3.1]",0.0006642311524410495,110,115,3.0,3.1,"(0.8, 0.85]"
"(110, 115]","(3.1, 3.2]",0.0006642311524410495,110,115,3.1,3.2,"(0.8, 0.85]"
"(110, 115]","(3.2, 3.3]",0.00033211557622052476,110,115,3.2,3.3,"(0.8, 0.85]"
"(115, 120]","(0.6, 0.7]",0.00033211557622052476,115,120,0.6,0.7,"(0.8, 0.85]"
"(115, 120]","(1.0, 1.1]",0.00033211557622052476,115,120,1.0,1.1,"(0.8, 0.85]"
"(115, 120]","(1.1, 1.2]",0.0006642311524410495,115,120,1.1,1.2,"(0.8, 0.85]"
"(115, 120]","(1.2, 1.3]",0.00033211557622052476,115,120,1.2,1.3,"(0.8, 0.85]"
"(115, 120]","(1.3, 1.4]",0.0009963467286615742,115,120,1.3,1.4,"(0.8, 0.85]"
"(115, 120]","(1.4, 1.5]",0.0019926934573231483,115,120,1.4,1.5,"(0.8, 0.85]"
"(115, 120]","(1.5, 1.6]",0.0019926934573231483,115,120,1.5,1.6,"(0.8, 0.85]"
"(115, 120]","(1.6, 1.7]",0.0006642311524410495,115,120,1.6,1.7,"(0.8, 0.85]"
"(115, 120]","(1.7, 1.8]",0.002656924609764198,115,120,1.7,1.8,"(0.8, 0.85]"
"(115, 120]","(1.8, 1.9]",0.0016605778811026237,115,120,1.8,1.9,"(0.8, 0.85]"
"(115, 120]","(1.9, 2.0]",0.002324809033543673,115,120,1.9,2.0,"(0.8, 0.85]"
"(115, 120]","(2.0, 2.1]",0.009631351710395218,115,120,2.0,2.1,"(0.8, 0.85]"
"(115, 120]","(2.1, 2.2]",0.013616738625041515,115,120,2.1,2.2,"(0.8, 0.85]"
"(115, 120]","(2.2, 2.3]",0.006974427100631019,115,120,2.2,2.3,"(0.8, 0.85]"
"(115, 120]","(2.3, 2.4]",0.00631019594818997,115,120,2.3,2.4,"(0.8, 0.85]"
"(115, 120]","(2.4, 2.5]",0.002324809033543673,115,120,2.4,2.5,"(0.8, 0.85]"
"(115, 120]","(2.5, 2.6]",0.0033211557622052474,115,120,2.5,2.6,"(0.8, 0.85]"
"(115, 120]","(2.6, 2.7]",0.0033211557622052474,115,120,2.6,2.7,"(0.8, 0.85]"
"(115, 120]","(2.7, 2.8]",0.003985386914646297,115,120,2.7,2.8,"(0.8, 0.85]"
"(115, 120]","(2.8, 2.9]",0.005978080371969445,115,120,2.8,2.9,"(0.8, 0.85]"
"(115, 120]","(2.9, 3.0]",0.005978080371969445,115,120,2.9,3.0,"(0.8, 0.85]"
"(115, 120]","(3.0, 3.1]",0.0016605778811026237,115,120,3.0,3.1,"(0.8, 0.85]"
"(115, 120]","(3.1, 3.2]",0.0006642311524410495,115,120,3.1,3.2,"(0.8, 0.85]"
"(120, 125]","(0.6, 0.7]",0.00033211557622052476,120,125,0.6,0.7,"(0.8, 0.85]"
"(120, 125]","(1.2, 1.3]",0.001328462304882099,120,125,1.2,1.3,"(0.8, 0.85]"
"(120, 125]","(1.4, 1.5]",0.001328462304882099,120,125,1.4,1.5,"(0.8, 0.85]"
"(120, 125]","(1.5, 1.6]",0.002656924609764198,120,125,1.5,1.6,"(0.8, 0.85]"
"(120, 125]","(1.6, 1.7]",0.0009963467286615742,120,125,1.6,1.7,"(0.8, 0.85]"
"(120, 125]","(1.7, 1.8]",0.0006642311524410495,120,125,1.7,1.8,"(0.8, 0.85]"
"(120, 125]","(1.8, 1.9]",0.0006642311524410495,120,125,1.8,1.9,"(0.8, 0.85]"
"(120, 125]","(1.9, 2.0]",0.0009963467286615742,120,125,1.9,2.0,"(0.8, 0.85]"
"(120, 125]","(2.0, 2.1]",0.005645964795748921,120,125,2.0,2.1,"(0.8, 0.85]"
"(120, 125]","(2.1, 2.2]",0.00631019594818997,120,125,2.1,2.2,"(0.8, 0.85]"
"(120, 125]","(2.2, 2.3]",0.0033211557622052474,120,125,2.2,2.3,"(0.8, 0.85]"
"(120, 125]","(2.3, 2.4]",0.0019926934573231483,120,125,2.3,2.4,"(0.8, 0.85]"
"(120, 125]","(2.4, 2.5]",0.002656924609764198,120,125,2.4,2.5,"(0.8, 0.85]"
"(120, 125]","(2.5, 2.6]",0.0009963467286615742,120,125,2.5,2.6,"(0.8, 0.85]"
"(120, 125]","(2.6, 2.7]",0.001328462304882099,120,125,2.6,2.7,"(0.8, 0.85]"
"(120, 125]","(2.7, 2.8]",0.003985386914646297,120,125,2.7,2.8,"(0.8, 0.85]"
"(120, 125]","(2.8, 2.9]",0.001328462304882099,120,125,2.8,2.9,"(0.8, 0.85]"
"(120, 125]","(2.9, 3.0]",0.002324809033543673,120,125,2.9,3.0,"(0.8, 0.85]"
"(120, 125]","(3.0, 3.1]",0.004317502490866822,120,125,3.0,3.1,"(0.8, 0.85]"
"(120, 125]","(3.1, 3.2]",0.0009963467286615742,120,125,3.1,3.2,"(0.8, 0.85]"
"(120, 125]","(3.4, 3.5]",0.00033211557622052476,120,125,3.4,3.5,"(0.8, 0.85]"
"(125, 130]","(1.0, 1.1]",0.00033211557622052476,125,130,1.0,1.1,"(0.8, 0.85]"
"(125, 130]","(1.1, 1.2]",0.00033211557622052476,125,130,1.1,1.2,"(0.8, 0.85]"
"(125, 130]","(1.2, 1.3]",0.00033211557622052476,125,130,1.2,1.3,"(0.8, 0.85]"
"(125, 130]","(1.6, 1.7]",0.00033211557622052476,125,130,1.6,1.7,"(0.8, 0.85]"
"(125, 130]","(1.7, 1.8]",0.00033211557622052476,125,130,1.7,1.8,"(0.8, 0.85]"
"(125, 130]","(1.8, 1.9]",0.0006642311524410495,125,130,1.8,1.9,"(0.8, 0.85]"
"(125, 130]","(1.9, 2.0]",0.001328462304882099,125,130,1.9,2.0,"(0.8, 0.85]"
"(125, 130]","(2.0, 2.1]",0.008635004981733644,125,130,2.0,2.1,"(0.8, 0.85]"
"(125, 130]","(2.1, 2.2]",0.00631019594818997,125,130,2.1,2.2,"(0.8, 0.85]"
"(125, 130]","(2.2, 2.3]",0.008635004981733644,125,130,2.2,2.3,"(0.8, 0.85]"
"(125, 130]","(2.3, 2.4]",0.0016605778811026237,125,130,2.3,2.4,"(0.8, 0.85]"
"(125, 130]","(2.4, 2.5]",0.0016605778811026237,125,130,2.4,2.5,"(0.8, 0.85]"
"(125, 130]","(2.5, 2.6]",0.0019926934573231483,125,130,2.5,2.6,"(0.8, 0.85]"
"(125, 130]","(2.6, 2.7]",0.00033211557622052476,125,130,2.6,2.7,"(0.8, 0.85]"
"(125, 130]","(2.7, 2.8]",0.0009963467286615742,125,130,2.7,2.8,"(0.8, 0.85]"
"(125, 130]","(2.8, 2.9]",0.0016605778811026237,125,130,2.8,2.9,"(0.8, 0.85]"
"(125, 130]","(3.0, 3.1]",0.00033211557622052476,125,130,3.0,3.1,"(0.8, 0.85]"
"(125, 130]","(3.1, 3.2]",0.00033211557622052476,125,130,3.1,3.2,"(0.8, 0.85]"
"(125, 130]","(3.3, 3.4]",0.00033211557622052476,125,130,3.3,3.4,"(0.8, 0.85]"
"(130, 135]","(1.1, 1.2]",0.00033211557622052476,130,135,1.1,1.2,"(0.8, 0.85]"
"(130, 135]","(1.3, 1.4]",0.0009963467286615742,130,135,1.3,1.4,"(0.8, 0.85]"
"(130, 135]","(1.4, 1.5]",0.00033211557622052476,130,135,1.4,1.5,"(0.8, 0.85]"
"(130, 135]","(1.5, 1.6]",0.0006642311524410495,130,135,1.5,1.6,"(0.8, 0.85]"
"(130, 135]","(1.6, 1.7]",0.00033211557622052476,130,135,1.6,1.7,"(0.8, 0.85]"
"(130, 135]","(1.7, 1.8]",0.00033211557622052476,130,135,1.7,1.8,"(0.8, 0.85]"
"(130, 135]","(1.8, 1.9]",0.00033211557622052476,130,135,1.8,1.9,"(0.8, 0.85]"
"(130, 135]","(1.9, 2.0]",0.0016605778811026237,130,135,1.9,2.0,"(0.8, 0.85]"
"(130, 135]","(2.0, 2.1]",0.00631019594818997,130,135,2.0,2.1,"(0.8, 0.85]"
"(130, 135]","(2.1, 2.2]",0.0033211557622052474,130,135,2.1,2.2,"(0.8, 0.85]"
"(130, 135]","(2.2, 2.3]",0.008635004981733644,130,135,2.2,2.3,"(0.8, 0.85]"
"(130, 135]","(2.3, 2.4]",0.0019926934573231483,130,135,2.3,2.4,"(0.8, 0.85]"
"(130, 135]","(2.6, 2.7]",0.0006642311524410495,130,135,2.6,2.7,"(0.8, 0.85]"
"(130, 135]","(2.7, 2.8]",0.0009963467286615742,130,135,2.7,2.8,"(0.8, 0.85]"
"(130, 135]","(2.9, 3.0]",0.0006642311524410495,130,135,2.9,3.0,"(0.8, 0.85]"
"(130, 135]","(3.5, 3.6]",0.00033211557622052476,130,135,3.5,3.6,"(0.8, 0.85]"
"(135, 140]","(1.2, 1.3]",0.0006642311524410495,135,140,1.2,1.3,"(0.8, 0.85]"
"(135, 140]","(1.3, 1.4]",0.00033211557622052476,135,140,1.3,1.4,"(0.8, 0.85]"
"(135, 140]","(1.4, 1.5]",0.001328462304882099,135,140,1.4,1.5,"(0.8, 0.85]"
"(135, 140]","(1.5, 1.6]",0.00033211557622052476,135,140,1.5,1.6,"(0.8, 0.85]"
"(135, 140]","(1.7, 1.8]",0.00033211557622052476,135,140,1.7,1.8,"(0.8, 0.85]"
"(135, 140]","(1.8, 1.9]",0.00033211557622052476,135,140,1.8,1.9,"(0.8, 0.85]"
"(135, 140]","(1.9, 2.0]",0.0006642311524410495,135,140,1.9,2.0,"(0.8, 0.85]"
"(135, 140]","(2.0, 2.1]",0.002656924609764198,135,140,2.0,2.1,"(0.8, 0.85]"
"(135, 140]","(2.1, 2.2]",0.0019926934573231483,135,140,2.1,2.2,"(0.8, 0.85]"
"(135, 140]","(2.2, 2.3]",0.002324809033543673,135,140,2.2,2.3,"(0.8, 0.85]"
"(135, 140]","(2.3, 2.4]",0.0016605778811026237,135,140,2.3,2.4,"(0.8, 0.85]"
"(135, 140]","(2.4, 2.5]",0.0006642311524410495,135,140,2.4,2.5,"(0.8, 0.85]"
"(135, 140]","(2.7, 2.8]",0.0016605778811026237,135,140,2.7,2.8,"(0.8, 0.85]"
"(135, 140]","(2.8, 2.9]",0.0009963467286615742,135,140,2.8,2.9,"(0.8, 0.85]"
"(135, 140]","(2.9, 3.0]",0.0006642311524410495,135,140,2.9,3.0,"(0.8, 0.85]"
"(135, 140]","(3.0, 3.1]",0.002656924609764198,135,140,3.0,3.1,"(0.8, 0.85]"
"(135, 140]","(3.1, 3.2]",0.00033211557622052476,135,140,3.1,3.2,"(0.8, 0.85]"
"(135, 140]","(3.2, 3.3]",0.0006642311524410495,135,140,3.2,3.3,"(0.8, 0.85]"
"(135, 140]","(3.4, 3.5]",0.0006642311524410495,135,140,3.4,3.5,"(0.8, 0.85]"
"(140, 145]","(1.4, 1.5]",0.00033211557622052476,140,145,1.4,1.5,"(0.8, 0.85]"
"(140, 145]","(1.6, 1.7]",0.001328462304882099,140,145,1.6,1.7,"(0.8, 0.85]"
"(140, 145]","(1.8, 1.9]",0.0006642311524410495,140,145,1.8,1.9,"(0.8, 0.85]"
"(140, 145]","(2.0, 2.1]",0.0006642311524410495,140,145,2.0,2.1,"(0.8, 0.85]"
"(140, 145]","(2.1, 2.2]",0.0016605778811026237,140,145,2.1,2.2,"(0.8, 0.85]"
"(140, 145]","(2.2, 2.3]",0.002324809033543673,140,145,2.2,2.3,"(0.8, 0.85]"
"(140, 145]","(2.3, 2.4]",0.0009963467286615742,140,145,2.3,2.4,"(0.8, 0.85]"
"(140, 145]","(2.4, 2.5]",0.00033211557622052476,140,145,2.4,2.5,"(0.8, 0.85]"
"(140, 145]","(2.5, 2.6]",0.001328462304882099,140,145,2.5,2.6,"(0.8, 0.85]"
"(140, 145]","(2.6, 2.7]",0.0016605778811026237,140,145,2.6,2.7,"(0.8, 0.85]"
"(140, 145]","(2.7, 2.8]",0.00033211557622052476,140,145,2.7,2.8,"(0.8, 0.85]"
"(140, 145]","(2.8, 2.9]",0.0006642311524410495,140,145,2.8,2.9,"(0.8, 0.85]"
"(140, 145]","(2.9, 3.0]",0.0016605778811026237,140,145,2.9,3.0,"(0.8, 0.85]"
"(140, 145]","(3.0, 3.1]",0.0019926934573231483,140,145,3.0,3.1,"(0.8, 0.85]"
"(140, 145]","(3.1, 3.2]",0.00033211557622052476,140,145,3.1,3.2,"(0.8, 0.85]"
"(140, 145]","(3.3, 3.4]",0.0006642311524410495,140,145,3.3,3.4,"(0.8, 0.85]"
"(145, 150]","(1.4, 1.5]",0.0009963467286615742,145,150,1.4,1.5,"(0.8, 0.85]"
"(145, 150]","(2.1, 2.2]",0.0006642311524410495,145,150,2.1,2.2,"(0.8, 0.85]"
"(145, 150]","(2.2, 2.3]",0.0006642311524410495,145,150,2.2,2.3,"(0.8, 0.85]"
"(145, 150]","(2.3, 2.4]",0.0009963467286615742,145,150,2.3,2.4,"(0.8, 0.85]"
"(145, 150]","(2.4, 2.5]",0.0016605778811026237,145,150,2.4,2.5,"(0.8, 0.85]"
"(145, 150]","(2.5, 2.6]",0.001328462304882099,145,150,2.5,2.6,"(0.8, 0.85]"
"(145, 150]","(2.6, 2.7]",0.0009963467286615742,145,150,2.6,2.7,"(0.8, 0.85]"
"(145, 150]","(2.7, 2.8]",0.0006642311524410495,145,150,2.7,2.8,"(0.8, 0.85]"
"(145, 150]","(2.8, 2.9]",0.0009963467286615742,145,150,2.8,2.9,"(0.8, 0.85]"
"(145, 150]","(2.9, 3.0]",0.002656924609764198,145,150,2.9,3.0,"(0.8, 0.85]"
"(145, 150]","(3.0, 3.1]",0.0019926934573231483,145,150,3.0,3.1,"(0.8, 0.85]"
"(145, 150]","(3.1, 3.2]",0.0006642311524410495,145,150,3.1,3.2,"(0.8, 0.85]"
"(150, 155]","(0.6, 0.7]",0.00033211557622052476,150,155,0.6,0.7,"(0.8, 0.85]"
"(150, 155]","(1.6, 1.7]",0.00033211557622052476,150,155,1.6,1.7,"(0.8, 0.85]"
"(150, 155]","(1.7, 1.8]",0.00033211557622052476,150,155,1.7,1.8,"(0.8, 0.85]"
"(150, 155]","(1.8, 1.9]",0.00033211557622052476,150,155,1.8,1.9,"(0.8, 0.85]"
"(150, 155]","(2.0, 2.1]",0.0009963467286615742,150,155,2.0,2.1,"(0.8, 0.85]"
"(150, 155]","(2.1, 2.2]",0.002324809033543673,150,155,2.1,2.2,"(0.8, 0.85]"
"(150, 155]","(2.2, 2.3]",0.0009963467286615742,150,155,2.2,2.3,"(0.8, 0.85]"
"(150, 155]","(2.3, 2.4]",0.0009963467286615742,150,155,2.3,2.4,"(0.8, 0.85]"
"(150, 155]","(2.4, 2.5]",0.0019926934573231483,150,155,2.4,2.5,"(0.8, 0.85]"
"(150, 155]","(2.5, 2.6]",0.002324809033543673,150,155,2.5,2.6,"(0.8, 0.85]"
"(150, 155]","(2.6, 2.7]",0.0009963467286615742,150,155,2.6,2.7,"(0.8, 0.85]"
"(150, 155]","(2.7, 2.8]",0.0006642311524410495,150,155,2.7,2.8,"(0.8, 0.85]"
"(150, 155]","(2.8, 2.9]",0.001328462304882099,150,155,2.8,2.9,"(0.8, 0.85]"
"(150, 155]","(2.9, 3.0]",0.0019926934573231483,150,155,2.9,3.0,"(0.8, 0.85]"
"(150, 155]","(3.0, 3.1]",0.001328462304882099,150,155,3.0,3.1,"(0.8, 0.85]"
"(155, 160]","(1.6, 1.7]",0.0009963467286615742,155,160,1.6,1.7,"(0.8, 0.85]"
"(155, 160]","(1.7, 1.8]",0.0006642311524410495,155,160,1.7,1.8,"(0.8, 0.85]"
"(155, 160]","(1.8, 1.9]",0.00033211557622052476,155,160,1.8,1.9,"(0.8, 0.85]"
"(155, 160]","(1.9, 2.0]",0.0009963467286615742,155,160,1.9,2.0,"(0.8, 0.85]"
"(155, 160]","(2.0, 2.1]",0.0009963467286615742,155,160,2.0,2.1,"(0.8, 0.85]"
"(155, 160]","(2.1, 2.2]",0.003985386914646297,155,160,2.1,2.2,"(0.8, 0.85]"
"(155, 160]","(2.2, 2.3]",0.003985386914646297,155,160,2.2,2.3,"(0.8, 0.85]"
"(155, 160]","(2.3, 2.4]",0.002656924609764198,155,160,2.3,2.4,"(0.8, 0.85]"
"(155, 160]","(2.4, 2.5]",0.0016605778811026237,155,160,2.4,2.5,"(0.8, 0.85]"
"(155, 160]","(2.5, 2.6]",0.00033211557622052476,155,160,2.5,2.6,"(0.8, 0.85]"
"(155, 160]","(2.6, 2.7]",0.00033211557622052476,155,160,2.6,2.7,"(0.8, 0.85]"
"(155, 160]","(2.7, 2.8]",0.00033211557622052476,155,160,2.7,2.8,"(0.8, 0.85]"
"(155, 160]","(2.8, 2.9]",0.0009963467286615742,155,160,2.8,2.9,"(0.8, 0.85]"
"(155, 160]","(2.9, 3.0]",0.0006642311524410495,155,160,2.9,3.0,"(0.8, 0.85]"
"(155, 160]","(3.0, 3.1]",0.0009963467286615742,155,160,3.0,3.1,"(0.8, 0.85]"
"(155, 160]","(3.1, 3.2]",0.00033211557622052476,155,160,3.1,3.2,"(0.8, 0.85]"
"(160, 165]","(1.4, 1.5]",0.00033211557622052476,160,165,1.4,1.5,"(0.8, 0.85]"
"(160, 165]","(1.6, 1.7]",0.0006642311524410495,160,165,1.6,1.7,"(0.8, 0.85]"
"(160, 165]","(1.7, 1.8]",0.00033211557622052476,160,165,1.7,1.8,"(0.8, 0.85]"
"(160, 165]","(1.8, 1.9]",0.00033211557622052476,160,165,1.8,1.9,"(0.8, 0.85]"
"(160, 165]","(2.0, 2.1]",0.00033211557622052476,160,165,2.0,2.1,"(0.8, 0.85]"
"(160, 165]","(2.1, 2.2]",0.004317502490866822,160,165,2.1,2.2,"(0.8, 0.85]"
"(160, 165]","(2.2, 2.3]",0.002324809033543673,160,165,2.2,2.3,"(0.8, 0.85]"
"(160, 165]","(2.3, 2.4]",0.002324809033543673,160,165,2.3,2.4,"(0.8, 0.85]"
"(160, 165]","(2.4, 2.5]",0.00033211557622052476,160,165,2.4,2.5,"(0.8, 0.85]"
"(160, 165]","(2.5, 2.6]",0.00033211557622052476,160,165,2.5,2.6,"(0.8, 0.85]"
"(160, 165]","(2.6, 2.7]",0.00033211557622052476,160,165,2.6,2.7,"(0.8, 0.85]"
"(160, 165]","(2.9, 3.0]",0.0009963467286615742,160,165,2.9,3.0,"(0.8, 0.85]"
"(160, 165]","(3.0, 3.1]",0.001328462304882099,160,165,3.0,3.1,"(0.8, 0.85]"
"(160, 165]","(3.1, 3.2]",0.00033211557622052476,160,165,3.1,3.2,"(0.8, 0.85]"
"(165, 170]","(0.4, 0.5]",0.00033211557622052476,165,170,0.4,0.5,"(0.8, 0.85]"
"(165, 170]","(1.8, 1.9]",0.0006642311524410495,165,170,1.8,1.9,"(0.8, 0.85]"
"(165, 170]","(2.0, 2.1]",0.0006642311524410495,165,170,2.0,2.1,"(0.8, 0.85]"
"(165, 170]","(2.1, 2.2]",0.001328462304882099,165,170,2.1,2.2,"(0.8, 0.85]"
"(165, 170]","(2.2, 2.3]",0.0006642311524410495,165,170,2.2,2.3,"(0.8, 0.85]"
"(165, 170]","(2.3, 2.4]",0.0016605778811026237,165,170,2.3,2.4,"(0.8, 0.85]"
"(165, 170]","(2.4, 2.5]",0.00033211557622052476,165,170,2.4,2.5,"(0.8, 0.85]"
"(165, 170]","(2.5, 2.6]",0.0009963467286615742,165,170,2.5,2.6,"(0.8, 0.85]"
"(165, 170]","(2.6, 2.7]",0.00033211557622052476,165,170,2.6,2.7,"(0.8, 0.85]"
"(165, 170]","(2.8, 2.9]",0.00033211557622052476,165,170,2.8,2.9,"(0.8, 0.85]"
"(165, 170]","(3.0, 3.1]",0.002324809033543673,165,170,3.0,3.1,"(0.8, 0.85]"
"(165, 170]","(3.1, 3.2]",0.001328462304882099,165,170,3.1,3.2,"(0.8, 0.85]"
"(170, 175]","(1.6, 1.7]",0.00033211557622052476,170,175,1.6,1.7,"(0.8, 0.85]"
"(170, 175]","(1.7, 1.8]",0.00033211557622052476,170,175,1.7,1.8,"(0.8, 0.85]"
"(170, 175]","(1.9, 2.0]",0.00033211557622052476,170,175,1.9,2.0,"(0.8, 0.85]"
"(170, 175]","(2.1, 2.2]",0.0006642311524410495,170,175,2.1,2.2,"(0.8, 0.85]"
"(170, 175]","(2.2, 2.3]",0.001328462304882099,170,175,2.2,2.3,"(0.8, 0.85]"
"(170, 175]","(2.3, 2.4]",0.0006642311524410495,170,175,2.3,2.4,"(0.8, 0.85]"
"(170, 175]","(2.6, 2.7]",0.00033211557622052476,170,175,2.6,2.7,"(0.8, 0.85]"
"(170, 175]","(2.7, 2.8]",0.00033211557622052476,170,175,2.7,2.8,"(0.8, 0.85]"
"(170, 175]","(2.8, 2.9]",0.0006642311524410495,170,175,2.8,2.9,"(0.8, 0.85]"
"(170, 175]","(2.9, 3.0]",0.0009963467286615742,170,175,2.9,3.0,"(0.8, 0.85]"
"(170, 175]","(3.0, 3.1]",0.0019926934573231483,170,175,3.0,3.1,"(0.8, 0.85]"
"(170, 175]","(3.1, 3.2]",0.00033211557622052476,170,175,3.1,3.2,"(0.8, 0.85]"
"(175, 180]","(0.4, 0.5]",0.00033211557622052476,175,180,0.4,0.5,"(0.8, 0.85]"
"(175, 180]","(1.0, 1.1]",0.00033211557622052476,175,180,1.0,1.1,"(0.8, 0.85]"
"(175, 180]","(1.9, 2.0]",0.00033211557622052476,175,180,1.9,2.0,"(0.8, 0.85]"
"(175, 180]","(2.0, 2.1]",0.00033211557622052476,175,180,2.0,2.1,"(0.8, 0.85]"
"(175, 180]","(2.1, 2.2]",0.00033211557622052476,175,180,2.1,2.2,"(0.8, 0.85]"
"(175, 180]","(2.3, 2.4]",0.0009963467286615742,175,180,2.3,2.4,"(0.8, 0.85]"
"(175, 180]","(2.4, 2.5]",0.0006642311524410495,175,180,2.4,2.5,"(0.8, 0.85]"
"(175, 180]","(2.5, 2.6]",0.0009963467286615742,175,180,2.5,2.6,"(0.8, 0.85]"
"(175, 180]","(2.6, 2.7]",0.00033211557622052476,175,180,2.6,2.7,"(0.8, 0.85]"
"(175, 180]","(2.7, 2.8]",0.00033211557622052476,175,180,2.7,2.8,"(0.8, 0.85]"
"(175, 180]","(3.0, 3.1]",0.00033211557622052476,175,180,3.0,3.1,"(0.8, 0.85]"
"(180, 185]","(0.8, 0.9]",0.00033211557622052476,180,185,0.8,0.9,"(0.8, 0.85]"
"(180, 185]","(1.4, 1.5]",0.00033211557622052476,180,185,1.4,1.5,"(0.8, 0.85]"
"(180, 185]","(1.7, 1.8]",0.0006642311524410495,180,185,1.7,1.8,"(0.8, 0.85]"
"(180, 185]","(2.0, 2.1]",0.0009963467286615742,180,185,2.0,2.1,"(0.8, 0.85]"
"(180, 185]","(2.1, 2.2]",0.0009963467286615742,180,185,2.1,2.2,"(0.8, 0.85]"
"(180, 185]","(2.3, 2.4]",0.0006642311524410495,180,185,2.3,2.4,"(0.8, 0.85]"
"(180, 185]","(2.4, 2.5]",0.0006642311524410495,180,185,2.4,2.5,"(0.8, 0.85]"
"(180, 185]","(2.8, 2.9]",0.0006642311524410495,180,185,2.8,2.9,"(0.8, 0.85]"
"(180, 185]","(2.9, 3.0]",0.00033211557622052476,180,185,2.9,3.0,"(0.8, 0.85]"
"(180, 185]","(3.0, 3.1]",0.00033211557622052476,180,185,3.0,3.1,"(0.8, 0.85]"
"(180, 185]","(3.1, 3.2]",0.00033211557622052476,180,185,3.1,3.2,"(0.8, 0.85]"
"(185, 190]","(0.9, 1.0]",0.00033211557622052476,185,190,0.9,1.0,"(0.8, 0.85]"
"(185, 190]","(1.5, 1.6]",0.00033211557622052476,185,190,1.5,1.6,"(0.8, 0.85]"
"(185, 190]","(1.8, 1.9]",0.00033211557622052476,185,190,1.8,1.9,"(0.8, 0.85]"
"(185, 190]","(2.0, 2.1]",0.00033211557622052476,185,190,2.0,2.1,"(0.8, 0.85]"
"(185, 190]","(2.1, 2.2]",0.0016605778811026237,185,190,2.1,2.2,"(0.8, 0.85]"
"(185, 190]","(2.2, 2.3]",0.001328462304882099,185,190,2.2,2.3,"(0.8, 0.85]"
"(185, 190]","(2.5, 2.6]",0.00033211557622052476,185,190,2.5,2.6,"(0.8, 0.85]"
"(185, 190]","(2.7, 2.8]",0.00033211557622052476,185,190,2.7,2.8,"(0.8, 0.85]"
"(185, 190]","(2.8, 2.9]",0.00033211557622052476,185,190,2.8,2.9,"(0.8, 0.85]"
"(185, 190]","(2.9, 3.0]",0.00033211557622052476,185,190,2.9,3.0,"(0.8, 0.85]"
"(185, 190]","(3.1, 3.2]",0.0009963467286615742,185,190,3.1,3.2,"(0.8, 0.85]"
"(185, 190]","(3.3, 3.4]",0.00033211557622052476,185,190,3.3,3.4,"(0.8, 0.85]"
"(190, 195]","(1.4, 1.5]",0.00033211557622052476,190,195,1.4,1.5,"(0.8, 0.85]"
"(190, 195]","(1.6, 1.7]",0.00033211557622052476,190,195,1.6,1.7,"(0.8, 0.85]"
"(190, 195]","(1.7, 1.8]",0.00033211557622052476,190,195,1.7,1.8,"(0.8, 0.85]"
"(190, 195]","(2.8, 2.9]",0.00033211557622052476,190,195,2.8,2.9,"(0.8, 0.85]"
"(190, 195]","(3.0, 3.1]",0.0006642311524410495,190,195,3.0,3.1,"(0.8, 0.85]"
"(190, 195]","(3.1, 3.2]",0.0006642311524410495,190,195,3.1,3.2,"(0.8, 0.85]"
"(195, 200]","(2.0, 2.1]",0.00033211557622052476,195,200,2.0,2.1,"(0.8, 0.85]"
"(195, 200]","(2.1, 2.2]",0.0006642311524410495,195,200,2.1,2.2,"(0.8, 0.85]"
"(195, 200]","(2.5, 2.6]",0.00033211557622052476,195,200,2.5,2.6,"(0.8, 0.85]"
"(195, 200]","(2.8, 2.9]",0.00033211557622052476,195,200,2.8,2.9,"(0.8, 0.85]"
"(195, 200]","(2.9, 3.0]",0.00033211557622052476,195,200,2.9,3.0,"(0.8, 0.85]"
"(195, 200]","(3.0, 3.1]",0.00033211557622052476,195,200,3.0,3.1,"(0.8, 0.85]"
"(195, 200]","(3.1, 3.2]",0.0009963467286615742,195,200,3.1,3.2,"(0.8, 0.85]"
"(200, 205]","(1.7, 1.8]",0.00033211557622052476,200,205,1.7,1.8,"(0.8, 0.85]"
"(200, 205]","(1.9, 2.0]",0.00033211557622052476,200,205,1.9,2.0,"(0.8, 0.85]"
"(200, 205]","(2.0, 2.1]",0.00033211557622052476,200,205,2.0,2.1,"(0.8, 0.85]"
"(200, 205]","(2.1, 2.2]",0.0006642311524410495,200,205,2.1,2.2,"(0.8, 0.85]"
"(200, 205]","(2.2, 2.3]",0.00033211557622052476,200,205,2.2,2.3,"(0.8, 0.85]"
"(200, 205]","(2.4, 2.5]",0.00033211557622052476,200,205,2.4,2.5,"(0.8, 0.85]"
"(200, 205]","(2.5, 2.6]",0.00033211557622052476,200,205,2.5,2.6,"(0.8, 0.85]"
"(200, 205]","(2.6, 2.7]",0.00033211557622052476,200,205,2.6,2.7,"(0.8, 0.85]"
"(200, 205]","(2.8, 2.9]",0.0006642311524410495,200,205,2.8,2.9,"(0.8, 0.85]"
"(200, 205]","(2.9, 3.0]",0.0006642311524410495,200,205,2.9,3.0,"(0.8, 0.85]"
"(200, 205]","(3.0, 3.1]",0.00033211557622052476,200,205,3.0,3.1,"(0.8, 0.85]"
"(205, 210]","(1.5, 1.6]",0.00033211557622052476,205,210,1.5,1.6,"(0.8, 0.85]"
"(205, 210]","(2.1, 2.2]",0.00033211557622052476,205,210,2.1,2.2,"(0.8, 0.85]"
"(205, 210]","(2.3, 2.4]",0.00033211557622052476,205,210,2.3,2.4,"(0.8, 0.85]"
"(205, 210]","(2.7, 2.8]",0.00033211557622052476,205,210,2.7,2.8,"(0.8, 0.85]"
"(205, 210]","(2.9, 3.0]",0.0006642311524410495,205,210,2.9,3.0,"(0.8, 0.85]"
"(205, 210]","(3.0, 3.1]",0.0006642311524410495,205,210,3.0,3.1,"(0.8, 0.85]"
"(210, 215]","(1.9, 2.0]",0.00033211557622052476,210,215,1.9,2.0,"(0.8, 0.85]"
"(210, 215]","(2.1, 2.2]",0.0009963467286615742,210,215,2.1,2.2,"(0.8, 0.85]"
"(210, 215]","(2.2, 2.3]",0.00033211557622052476,210,215,2.2,2.3,"(0.8, 0.85]"
"(210, 215]","(2.3, 2.4]",0.0009963467286615742,210,215,2.3,2.4,"(0.8, 0.85]"
"(215, 220]","(1.3, 1.4]",0.00033211557622052476,215,220,1.3,1.4,"(0.8, 0.85]"
"(215, 220]","(2.1, 2.2]",0.00033211557622052476,215,220,2.1,2.2,"(0.8, 0.85]"
"(215, 220]","(2.2, 2.3]",0.00033211557622052476,215,220,2.2,2.3,"(0.8, 0.85]"
"(215, 220]","(2.5, 2.6]",0.0006642311524410495,215,220,2.5,2.6,"(0.8, 0.85]"
"(215, 220]","(2.6, 2.7]",0.00033211557622052476,215,220,2.6,2.7,"(0.8, 0.85]"
"(215, 220]","(2.7, 2.8]",0.00033211557622052476,215,220,2.7,2.8,"(0.8, 0.85]"
"(215, 220]","(2.8, 2.9]",0.00033211557622052476,215,220,2.8,2.9,"(0.8, 0.85]"
"(215, 220]","(2.9, 3.0]",0.00033211557622052476,215,220,2.9,3.0,"(0.8, 0.85]"
"(220, 225]","(2.2, 2.3]",0.00033211557622052476,220,225,2.2,2.3,"(0.8, 0.85]"
"(220, 225]","(2.4, 2.5]",0.00033211557622052476,220,225,2.4,2.5,"(0.8, 0.85]"
"(225, 230]","(2.2, 2.3]",0.0006642311524410495,225,230,2.2,2.3,"(0.8, 0.85]"
"(225, 230]","(2.3, 2.4]",0.0009963467286615742,225,230,2.3,2.4,"(0.8, 0.85]"
"(225, 230]","(2.5, 2.6]",0.00033211557622052476,225,230,2.5,2.6,"(0.8, 0.85]"
"(230, 235]","(3.0, 3.1]",0.0006642311524410495,230,235,3.0,3.1,"(0.8, 0.85]"
"(235, 240]","(2.1, 2.2]",0.00033211557622052476,235,240,2.1,2.2,"(0.8, 0.85]"
"(235, 240]","(2.3, 2.4]",0.00033211557622052476,235,240,2.3,2.4,"(0.8, 0.85]"
"(235, 240]","(3.1, 3.2]",0.0006642311524410495,235,240,3.1,3.2,"(0.8, 0.85]"
"(240, 245]","(1.4, 1.5]",0.00033211557622052476,240,245,1.4,1.5,"(0.8, 0.85]"
"(240, 245]","(2.9, 3.0]",0.00033211557622052476,240,245,2.9,3.0,"(0.8, 0.85]"
"(240, 245]","(3.0, 3.1]",0.00033211557622052476,240,245,3.0,3.1,"(0.8, 0.85]"
"(245, 250]","(2.1, 2.2]",0.0006642311524410495,245,250,2.1,2.2,"(0.8, 0.85]"
"(245, 250]","(2.8, 2.9]",0.00033211557622052476,245,250,2.8,2.9,"(0.8, 0.85]"
"(255, 260]","(2.4, 2.5]",0.00033211557622052476,255,260,2.4,2.5,"(0.8, 0.85]"
"(255, 260]","(2.7, 2.8]",0.00033211557622052476,255,260,2.7,2.8,"(0.8, 0.85]"
"(265, 270]","(3.0, 3.1]",0.00033211557622052476,265,270,3.0,3.1,"(0.8, 0.85]"
"(275, 280]","(2.8, 2.9]",0.00033211557622052476,275,280,2.8,2.9,"(0.8, 0.85]"
"(275, 280]","(2.9, 3.0]",0.00033211557622052476,275,280,2.9,3.0,"(0.8, 0.85]"
"(280, 285]","(2.5, 2.6]",0.00033211557622052476,280,285,2.5,2.6,"(0.8, 0.85]"
"(350, 355]","(3.0, 3.1]",0.00033211557622052476,350,355,3.0,3.1,"(0.8, 0.85]"
"(400, 405]","(2.5, 2.6]",0.00033211557622052476,400,405,2.5,2.6,"(0.8, 0.85]"
"(40, 45]","(-3.8, -3.7]",0.00019436345966958212,40,45,-3.8,-3.7,"(0.85, 0.9]"
"(55, 60]","(-3.1, -3.0]",0.00019436345966958212,55,60,-3.1,-3.0,"(0.85, 0.9]"
"(55, 60]","(-2.8, -2.7]",0.00038872691933916425,55,60,-2.8,-2.7,"(0.85, 0.9]"
"(55, 60]","(-2.7, -2.6]",0.00019436345966958212,55,60,-2.7,-2.6,"(0.85, 0.9]"
"(55, 60]","(-2.6, -2.5]",0.00019436345966958212,55,60,-2.6,-2.5,"(0.85, 0.9]"
"(55, 60]","(-2.5, -2.4]",0.00019436345966958212,55,60,-2.5,-2.4,"(0.85, 0.9]"
"(60, 65]","(-2.7, -2.6]",0.0005830903790087463,60,65,-2.7,-2.6,"(0.85, 0.9]"
"(60, 65]","(-2.6, -2.5]",0.0011661807580174927,60,65,-2.6,-2.5,"(0.85, 0.9]"
"(60, 65]","(-2.5, -2.4]",0.0005830903790087463,60,65,-2.5,-2.4,"(0.85, 0.9]"
"(60, 65]","(-2.3, -2.2]",0.00019436345966958212,60,65,-2.3,-2.2,"(0.85, 0.9]"
"(65, 70]","(-2.5, -2.4]",0.00019436345966958212,65,70,-2.5,-2.4,"(0.85, 0.9]"
"(65, 70]","(-2.3, -2.2]",0.00019436345966958212,65,70,-2.3,-2.2,"(0.85, 0.9]"
"(65, 70]","(-2.2, -2.1]",0.0005830903790087463,65,70,-2.2,-2.1,"(0.85, 0.9]"
"(65, 70]","(-2.1, -2.0]",0.00038872691933916425,65,70,-2.1,-2.0,"(0.85, 0.9]"
"(65, 70]","(-2.0, -1.9]",0.0009718172983479105,65,70,-2.0,-1.9,"(0.85, 0.9]"
"(65, 70]","(-1.8, -1.7]",0.0005830903790087463,65,70,-1.8,-1.7,"(0.85, 0.9]"
"(65, 70]","(-1.7, -1.6]",0.0005830903790087463,65,70,-1.7,-1.6,"(0.85, 0.9]"
"(70, 75]","(-2.1, -2.0]",0.00019436345966958212,70,75,-2.1,-2.0,"(0.85, 0.9]"
"(70, 75]","(-2.0, -1.9]",0.0005830903790087463,70,75,-2.0,-1.9,"(0.85, 0.9]"
"(70, 75]","(-1.9, -1.8]",0.0007774538386783285,70,75,-1.9,-1.8,"(0.85, 0.9]"
"(70, 75]","(-1.8, -1.7]",0.005053449951409135,70,75,-1.8,-1.7,"(0.85, 0.9]"
"(70, 75]","(-1.7, -1.6]",0.010495626822157435,70,75,-1.7,-1.6,"(0.85, 0.9]"
"(70, 75]","(-1.6, -1.5]",0.003109815354713314,70,75,-1.6,-1.5,"(0.85, 0.9]"
"(70, 75]","(-1.4, -1.3]",0.0005830903790087463,70,75,-1.4,-1.3,"(0.85, 0.9]"
"(70, 75]","(-1.3, -1.2]",0.00019436345966958212,70,75,-1.3,-1.2,"(0.85, 0.9]"
"(70, 75]","(-1.2, -1.1]",0.00019436345966958212,70,75,-1.2,-1.1,"(0.85, 0.9]"
"(70, 75]","(-1.0, -0.9]",0.00019436345966958212,70,75,-1.0,-0.9,"(0.85, 0.9]"
"(70, 75]","(-0.8, -0.7]",0.00019436345966958212,70,75,-0.8,-0.7,"(0.85, 0.9]"
"(75, 80]","(-1.8, -1.7]",0.0007774538386783285,75,80,-1.8,-1.7,"(0.85, 0.9]"
"(75, 80]","(-1.7, -1.6]",0.0007774538386783285,75,80,-1.7,-1.6,"(0.85, 0.9]"
"(75, 80]","(-1.6, -1.5]",0.0005830903790087463,75,80,-1.6,-1.5,"(0.85, 0.9]"
"(75, 80]","(-1.3, -1.2]",0.00019436345966958212,75,80,-1.3,-1.2,"(0.85, 0.9]"
"(75, 80]","(-1.2, -1.1]",0.00038872691933916425,75,80,-1.2,-1.1,"(0.85, 0.9]"
"(75, 80]","(-1.1, -1.0]",0.00038872691933916425,75,80,-1.1,-1.0,"(0.85, 0.9]"
"(75, 80]","(-1.0, -0.9]",0.00019436345966958212,75,80,-1.0,-0.9,"(0.85, 0.9]"
"(75, 80]","(-0.9, -0.8]",0.00038872691933916425,75,80,-0.9,-0.8,"(0.85, 0.9]"
"(75, 80]","(-0.8, -0.7]",0.0005830903790087463,75,80,-0.8,-0.7,"(0.85, 0.9]"
"(75, 80]","(-0.7, -0.6]",0.0005830903790087463,75,80,-0.7,-0.6,"(0.85, 0.9]"
"(75, 80]","(-0.6, -0.5]",0.0009718172983479105,75,80,-0.6,-0.5,"(0.85, 0.9]"
"(75, 80]","(-0.5, -0.4]",0.00038872691933916425,75,80,-0.5,-0.4,"(0.85, 0.9]"
"(75, 80]","(-0.4, -0.3]",0.00019436345966958212,75,80,-0.4,-0.3,"(0.85, 0.9]"
"(75, 80]","(-0.3, -0.2]",0.00019436345966958212,75,80,-0.3,-0.2,"(0.85, 0.9]"
"(80, 85]","(-0.8, -0.7]",0.0007774538386783285,80,85,-0.8,-0.7,"(0.85, 0.9]"
"(80, 85]","(-0.7, -0.6]",0.0025267249757045676,80,85,-0.7,-0.6,"(0.85, 0.9]"
"(80, 85]","(-0.6, -0.5]",0.0023323615160349854,80,85,-0.6,-0.5,"(0.85, 0.9]"
"(80, 85]","(-0.5, -0.4]",0.001749271137026239,80,85,-0.5,-0.4,"(0.85, 0.9]"
"(80, 85]","(-0.4, -0.3]",0.0027210884353741495,80,85,-0.4,-0.3,"(0.85, 0.9]"
"(80, 85]","(-0.3, -0.2]",0.003109815354713314,80,85,-0.3,-0.2,"(0.85, 0.9]"
"(80, 85]","(-0.2, -0.1]",0.004275996112730806,80,85,-0.2,-0.1,"(0.85, 0.9]"
"(80, 85]","(-0.1, 0.0]",0.007968901846452867,80,85,-0.1,0.0,"(0.85, 0.9]"
"(80, 85]","(0.0, 0.1]",0.014577259475218658,80,85,0.0,0.1,"(0.85, 0.9]"
"(80, 85]","(0.1, 0.2]",0.025267249757045675,80,85,0.1,0.2,"(0.85, 0.9]"
"(80, 85]","(0.2, 0.3]",0.0013605442176870747,80,85,0.2,0.3,"(0.85, 0.9]"
"(80, 85]","(0.3, 0.4]",0.0005830903790087463,80,85,0.3,0.4,"(0.85, 0.9]"
"(80, 85]","(0.4, 0.5]",0.00019436345966958212,80,85,0.4,0.5,"(0.85, 0.9]"
"(80, 85]","(0.5, 0.6]",0.0009718172983479105,80,85,0.5,0.6,"(0.85, 0.9]"
"(85, 90]","(-0.5, -0.4]",0.00019436345966958212,85,90,-0.5,-0.4,"(0.85, 0.9]"
"(85, 90]","(-0.4, -0.3]",0.0011661807580174927,85,90,-0.4,-0.3,"(0.85, 0.9]"
"(85, 90]","(-0.3, -0.2]",0.0005830903790087463,85,90,-0.3,-0.2,"(0.85, 0.9]"
"(85, 90]","(-0.2, -0.1]",0.0036929057337220603,85,90,-0.2,-0.1,"(0.85, 0.9]"
"(85, 90]","(-0.1, 0.0]",0.007968901846452867,85,90,-0.1,0.0,"(0.85, 0.9]"
"(85, 90]","(0.0, 0.1]",0.035568513119533525,85,90,0.0,0.1,"(0.85, 0.9]"
"(85, 90]","(0.1, 0.2]",0.14732750242954323,85,90,0.1,0.2,"(0.85, 0.9]"
"(85, 90]","(0.2, 0.3]",0.008551992225461613,85,90,0.2,0.3,"(0.85, 0.9]"
"(85, 90]","(0.3, 0.4]",0.003887269193391642,85,90,0.3,0.4,"(0.85, 0.9]"
"(85, 90]","(0.4, 0.5]",0.004664723032069971,85,90,0.4,0.5,"(0.85, 0.9]"
"(85, 90]","(0.5, 0.6]",0.012050534499514091,85,90,0.5,0.6,"(0.85, 0.9]"
"(85, 90]","(0.6, 0.7]",0.00816326530612245,85,90,0.6,0.7,"(0.85, 0.9]"
"(85, 90]","(0.7, 0.8]",0.0036929057337220603,85,90,0.7,0.8,"(0.85, 0.9]"
"(85, 90]","(0.8, 0.9]",0.003304178814382896,85,90,0.8,0.9,"(0.85, 0.9]"
"(85, 90]","(0.9, 1.0]",0.0009718172983479105,85,90,0.9,1.0,"(0.85, 0.9]"
"(85, 90]","(1.0, 1.1]",0.00019436345966958212,85,90,1.0,1.1,"(0.85, 0.9]"
"(90, 95]","(-0.4, -0.3]",0.00019436345966958212,90,95,-0.4,-0.3,"(0.85, 0.9]"
"(90, 95]","(-0.1, 0.0]",0.0005830903790087463,90,95,-0.1,0.0,"(0.85, 0.9]"
"(90, 95]","(0.0, 0.1]",0.001749271137026239,90,95,0.0,0.1,"(0.85, 0.9]"
"(90, 95]","(0.1, 0.2]",0.014771622934888241,90,95,0.1,0.2,"(0.85, 0.9]"
"(90, 95]","(0.2, 0.3]",0.001943634596695821,90,95,0.2,0.3,"(0.85, 0.9]"
"(90, 95]","(0.3, 0.4]",0.0007774538386783285,90,95,0.3,0.4,"(0.85, 0.9]"
"(90, 95]","(0.4, 0.5]",0.001943634596695821,90,95,0.4,0.5,"(0.85, 0.9]"
"(90, 95]","(0.5, 0.6]",0.003887269193391642,90,95,0.5,0.6,"(0.85, 0.9]"
"(90, 95]","(0.6, 0.7]",0.01010689990281827,90,95,0.6,0.7,"(0.85, 0.9]"
"(90, 95]","(0.7, 0.8]",0.0044703595724003885,90,95,0.7,0.8,"(0.85, 0.9]"
"(90, 95]","(0.8, 0.9]",0.010301263362487852,90,95,0.8,0.9,"(0.85, 0.9]"
"(90, 95]","(0.9, 1.0]",0.006219630709426628,90,95,0.9,1.0,"(0.85, 0.9]"
"(90, 95]","(1.0, 1.1]",0.0058309037900874635,90,95,1.0,1.1,"(0.85, 0.9]"
"(90, 95]","(1.1, 1.2]",0.011273080660835762,90,95,1.1,1.2,"(0.85, 0.9]"
"(90, 95]","(1.2, 1.3]",0.004664723032069971,90,95,1.2,1.3,"(0.85, 0.9]"
"(90, 95]","(1.3, 1.4]",0.006219630709426628,90,95,1.3,1.4,"(0.85, 0.9]"
"(90, 95]","(1.4, 1.5]",0.0013605442176870747,90,95,1.4,1.5,"(0.85, 0.9]"
"(90, 95]","(1.5, 1.6]",0.0005830903790087463,90,95,1.5,1.6,"(0.85, 0.9]"
"(90, 95]","(1.6, 1.7]",0.0009718172983479105,90,95,1.6,1.7,"(0.85, 0.9]"
"(90, 95]","(1.7, 1.8]",0.0011661807580174927,90,95,1.7,1.8,"(0.85, 0.9]"
"(90, 95]","(1.9, 2.0]",0.00038872691933916425,90,95,1.9,2.0,"(0.85, 0.9]"
"(90, 95]","(2.0, 2.1]",0.001554907677356657,90,95,2.0,2.1,"(0.85, 0.9]"
"(90, 95]","(2.2, 2.3]",0.00019436345966958212,90,95,2.2,2.3,"(0.85, 0.9]"
"(95, 100]","(0.0, 0.1]",0.00019436345966958212,95,100,0.0,0.1,"(0.85, 0.9]"
"(95, 100]","(0.1, 0.2]",0.001554907677356657,95,100,0.1,0.2,"(0.85, 0.9]"
"(95, 100]","(0.5, 0.6]",0.0007774538386783285,95,100,0.5,0.6,"(0.85, 0.9]"
"(95, 100]","(0.6, 0.7]",0.0007774538386783285,95,100,0.6,0.7,"(0.85, 0.9]"
"(95, 100]","(0.7, 0.8]",0.00019436345966958212,95,100,0.7,0.8,"(0.85, 0.9]"
"(95, 100]","(0.8, 0.9]",0.001554907677356657,95,100,0.8,0.9,"(0.85, 0.9]"
"(95, 100]","(0.9, 1.0]",0.0023323615160349854,95,100,0.9,1.0,"(0.85, 0.9]"
"(95, 100]","(1.0, 1.1]",0.0044703595724003885,95,100,1.0,1.1,"(0.85, 0.9]"
"(95, 100]","(1.1, 1.2]",0.014382896015549077,95,100,1.1,1.2,"(0.85, 0.9]"
"(95, 100]","(1.2, 1.3]",0.008551992225461613,95,100,1.2,1.3,"(0.85, 0.9]"
"(95, 100]","(1.3, 1.4]",0.008940719144800777,95,100,1.3,1.4,"(0.85, 0.9]"
"(95, 100]","(1.4, 1.5]",0.001943634596695821,95,100,1.4,1.5,"(0.85, 0.9]"
"(95, 100]","(1.5, 1.6]",0.0009718172983479105,95,100,1.5,1.6,"(0.85, 0.9]"
"(95, 100]","(1.6, 1.7]",0.0027210884353741495,95,100,1.6,1.7,"(0.85, 0.9]"
"(95, 100]","(1.7, 1.8]",0.001554907677356657,95,100,1.7,1.8,"(0.85, 0.9]"
"(95, 100]","(1.8, 1.9]",0.0023323615160349854,95,100,1.8,1.9,"(0.85, 0.9]"
"(95, 100]","(1.9, 2.0]",0.004081632653061225,95,100,1.9,2.0,"(0.85, 0.9]"
"(95, 100]","(2.0, 2.1]",0.08901846452866861,95,100,2.0,2.1,"(0.85, 0.9]"
"(95, 100]","(2.1, 2.2]",0.003304178814382896,95,100,2.1,2.2,"(0.85, 0.9]"
"(95, 100]","(2.2, 2.3]",0.01749271137026239,95,100,2.2,2.3,"(0.85, 0.9]"
"(95, 100]","(2.3, 2.4]",0.004664723032069971,95,100,2.3,2.4,"(0.85, 0.9]"
"(95, 100]","(2.4, 2.5]",0.0023323615160349854,95,100,2.4,2.5,"(0.85, 0.9]"
"(95, 100]","(2.5, 2.6]",0.0005830903790087463,95,100,2.5,2.6,"(0.85, 0.9]"
"(95, 100]","(2.6, 2.7]",0.0005830903790087463,95,100,2.6,2.7,"(0.85, 0.9]"
"(95, 100]","(2.7, 2.8]",0.00038872691933916425,95,100,2.7,2.8,"(0.85, 0.9]"
"(100, 105]","(0.5, 0.6]",0.00038872691933916425,100,105,0.5,0.6,"(0.85, 0.9]"
"(100, 105]","(0.6, 0.7]",0.00019436345966958212,100,105,0.6,0.7,"(0.85, 0.9]"
"(100, 105]","(0.8, 0.9]",0.0009718172983479105,100,105,0.8,0.9,"(0.85, 0.9]"
"(100, 105]","(0.9, 1.0]",0.00038872691933916425,100,105,0.9,1.0,"(0.85, 0.9]"
"(100, 105]","(1.0, 1.1]",0.00019436345966958212,100,105,1.0,1.1,"(0.85, 0.9]"
"(100, 105]","(1.1, 1.2]",0.004081632653061225,100,105,1.1,1.2,"(0.85, 0.9]"
"(100, 105]","(1.2, 1.3]",0.0011661807580174927,100,105,1.2,1.3,"(0.85, 0.9]"
"(100, 105]","(1.3, 1.4]",0.0007774538386783285,100,105,1.3,1.4,"(0.85, 0.9]"
"(100, 105]","(1.5, 1.6]",0.0007774538386783285,100,105,1.5,1.6,"(0.85, 0.9]"
"(100, 105]","(1.6, 1.7]",0.0005830903790087463,100,105,1.6,1.7,"(0.85, 0.9]"
"(100, 105]","(1.8, 1.9]",0.00038872691933916425,100,105,1.8,1.9,"(0.85, 0.9]"
"(100, 105]","(1.9, 2.0]",0.0007774538386783285,100,105,1.9,2.0,"(0.85, 0.9]"
"(100, 105]","(2.0, 2.1]",0.03012633624878523,100,105,2.0,2.1,"(0.85, 0.9]"
"(100, 105]","(2.1, 2.2]",0.0023323615160349854,100,105,2.1,2.2,"(0.85, 0.9]"
"(100, 105]","(2.2, 2.3]",0.012244897959183673,100,105,2.2,2.3,"(0.85, 0.9]"
"(100, 105]","(2.3, 2.4]",0.003887269193391642,100,105,2.3,2.4,"(0.85, 0.9]"
"(100, 105]","(2.4, 2.5]",0.004275996112730806,100,105,2.4,2.5,"(0.85, 0.9]"
"(100, 105]","(2.5, 2.6]",0.003887269193391642,100,105,2.5,2.6,"(0.85, 0.9]"
"(100, 105]","(2.6, 2.7]",0.004664723032069971,100,105,2.6,2.7,"(0.85, 0.9]"
"(100, 105]","(2.7, 2.8]",0.008551992225461613,100,105,2.7,2.8,"(0.85, 0.9]"
"(100, 105]","(2.8, 2.9]",0.015160349854227406,100,105,2.8,2.9,"(0.85, 0.9]"
"(100, 105]","(2.9, 3.0]",0.0011661807580174927,100,105,2.9,3.0,"(0.85, 0.9]"
"(100, 105]","(3.0, 3.1]",0.00019436345966958212,100,105,3.0,3.1,"(0.85, 0.9]"
"(105, 110]","(0.2, 0.3]",0.00019436345966958212,105,110,0.2,0.3,"(0.85, 0.9]"
"(105, 110]","(0.3, 0.4]",0.00038872691933916425,105,110,0.3,0.4,"(0.85, 0.9]"
"(105, 110]","(0.6, 0.7]",0.0005830903790087463,105,110,0.6,0.7,"(0.85, 0.9]"
"(105, 110]","(0.8, 0.9]",0.0009718172983479105,105,110,0.8,0.9,"(0.85, 0.9]"
"(105, 110]","(0.9, 1.0]",0.00038872691933916425,105,110,0.9,1.0,"(0.85, 0.9]"
"(105, 110]","(1.0, 1.1]",0.0013605442176870747,105,110,1.0,1.1,"(0.85, 0.9]"
"(105, 110]","(1.1, 1.2]",0.0023323615160349854,105,110,1.1,1.2,"(0.85, 0.9]"
"(105, 110]","(1.2, 1.3]",0.00019436345966958212,105,110,1.2,1.3,"(0.85, 0.9]"
"(105, 110]","(1.3, 1.4]",0.00019436345966958212,105,110,1.3,1.4,"(0.85, 0.9]"
"(105, 110]","(2.0, 2.1]",0.0009718172983479105,105,110,2.0,2.1,"(0.85, 0.9]"
"(105, 110]","(2.1, 2.2]",0.0029154518950437317,105,110,2.1,2.2,"(0.85, 0.9]"
"(105, 110]","(2.2, 2.3]",0.0011661807580174927,105,110,2.2,2.3,"(0.85, 0.9]"
"(105, 110]","(2.3, 2.4]",0.00019436345966958212,105,110,2.3,2.4,"(0.85, 0.9]"
"(105, 110]","(2.4, 2.5]",0.00038872691933916425,105,110,2.4,2.5,"(0.85, 0.9]"
"(105, 110]","(2.5, 2.6]",0.0011661807580174927,105,110,2.5,2.6,"(0.85, 0.9]"
"(105, 110]","(2.6, 2.7]",0.0007774538386783285,105,110,2.6,2.7,"(0.85, 0.9]"
"(105, 110]","(2.7, 2.8]",0.0027210884353741495,105,110,2.7,2.8,"(0.85, 0.9]"
"(105, 110]","(2.8, 2.9]",0.00816326530612245,105,110,2.8,2.9,"(0.85, 0.9]"
"(105, 110]","(2.9, 3.0]",0.0027210884353741495,105,110,2.9,3.0,"(0.85, 0.9]"
"(105, 110]","(3.2, 3.3]",0.00019436345966958212,105,110,3.2,3.3,"(0.85, 0.9]"
"(105, 110]","(3.3, 3.4]",0.00019436345966958212,105,110,3.3,3.4,"(0.85, 0.9]"
"(110, 115]","(0.2, 0.3]",0.00019436345966958212,110,115,0.2,0.3,"(0.85, 0.9]"
"(110, 115]","(0.5, 0.6]",0.00019436345966958212,110,115,0.5,0.6,"(0.85, 0.9]"
"(110, 115]","(0.6, 0.7]",0.0011661807580174927,110,115,0.6,0.7,"(0.85, 0.9]"
"(110, 115]","(0.8, 0.9]",0.00019436345966958212,110,115,0.8,0.9,"(0.85, 0.9]"
"(110, 115]","(0.9, 1.0]",0.0009718172983479105,110,115,0.9,1.0,"(0.85, 0.9]"
"(110, 115]","(1.0, 1.1]",0.0005830903790087463,110,115,1.0,1.1,"(0.85, 0.9]"
"(110, 115]","(1.2, 1.3]",0.00019436345966958212,110,115,1.2,1.3,"(0.85, 0.9]"
"(110, 115]","(1.3, 1.4]",0.0011661807580174927,110,115,1.3,1.4,"(0.85, 0.9]"
"(110, 115]","(1.4, 1.5]",0.00038872691933916425,110,115,1.4,1.5,"(0.85, 0.9]"
"(110, 115]","(1.6, 1.7]",0.00038872691933916425,110,115,1.6,1.7,"(0.85, 0.9]"
"(110, 115]","(1.7, 1.8]",0.00038872691933916425,110,115,1.7,1.8,"(0.85, 0.9]"
"(110, 115]","(1.8, 1.9]",0.00038872691933916425,110,115,1.8,1.9,"(0.85, 0.9]"
"(110, 115]","(1.9, 2.0]",0.0005830903790087463,110,115,1.9,2.0,"(0.85, 0.9]"
"(110, 115]","(2.0, 2.1]",0.01010689990281827,110,115,2.0,2.1,"(0.85, 0.9]"
"(110, 115]","(2.1, 2.2]",0.012244897959183673,110,115,2.1,2.2,"(0.85, 0.9]"
"(110, 115]","(2.2, 2.3]",0.0058309037900874635,110,115,2.2,2.3,"(0.85, 0.9]"
"(110, 115]","(2.3, 2.4]",0.001554907677356657,110,115,2.3,2.4,"(0.85, 0.9]"
"(110, 115]","(2.4, 2.5]",0.001554907677356657,110,115,2.4,2.5,"(0.85, 0.9]"
"(110, 115]","(2.5, 2.6]",0.0011661807580174927,110,115,2.5,2.6,"(0.85, 0.9]"
"(110, 115]","(2.6, 2.7]",0.0007774538386783285,110,115,2.6,2.7,"(0.85, 0.9]"
"(110, 115]","(2.7, 2.8]",0.001749271137026239,110,115,2.7,2.8,"(0.85, 0.9]"
"(110, 115]","(2.8, 2.9]",0.003887269193391642,110,115,2.8,2.9,"(0.85, 0.9]"
"(110, 115]","(2.9, 3.0]",0.0013605442176870747,110,115,2.9,3.0,"(0.85, 0.9]"
"(110, 115]","(3.0, 3.1]",0.00019436345966958212,110,115,3.0,3.1,"(0.85, 0.9]"
"(110, 115]","(3.1, 3.2]",0.00019436345966958212,110,115,3.1,3.2,"(0.85, 0.9]"
"(115, 120]","(0.8, 0.9]",0.00019436345966958212,115,120,0.8,0.9,"(0.85, 0.9]"
"(115, 120]","(1.0, 1.1]",0.0005830903790087463,115,120,1.0,1.1,"(0.85, 0.9]"
"(115, 120]","(1.1, 1.2]",0.00038872691933916425,115,120,1.1,1.2,"(0.85, 0.9]"
"(115, 120]","(1.2, 1.3]",0.00038872691933916425,115,120,1.2,1.3,"(0.85, 0.9]"
"(115, 120]","(1.3, 1.4]",0.0011661807580174927,115,120,1.3,1.4,"(0.85, 0.9]"
"(115, 120]","(1.4, 1.5]",0.0009718172983479105,115,120,1.4,1.5,"(0.85, 0.9]"
"(115, 120]","(1.5, 1.6]",0.0025267249757045676,115,120,1.5,1.6,"(0.85, 0.9]"
"(115, 120]","(1.6, 1.7]",0.0009718172983479105,115,120,1.6,1.7,"(0.85, 0.9]"
"(115, 120]","(1.7, 1.8]",0.0013605442176870747,115,120,1.7,1.8,"(0.85, 0.9]"
"(115, 120]","(1.8, 1.9]",0.0013605442176870747,115,120,1.8,1.9,"(0.85, 0.9]"
"(115, 120]","(1.9, 2.0]",0.001749271137026239,115,120,1.9,2.0,"(0.85, 0.9]"
"(115, 120]","(2.0, 2.1]",0.007968901846452867,115,120,2.0,2.1,"(0.85, 0.9]"
"(115, 120]","(2.1, 2.2]",0.01652089407191448,115,120,2.1,2.2,"(0.85, 0.9]"
"(115, 120]","(2.2, 2.3]",0.006025267249757046,115,120,2.2,2.3,"(0.85, 0.9]"
"(115, 120]","(2.3, 2.4]",0.0029154518950437317,115,120,2.3,2.4,"(0.85, 0.9]"
"(115, 120]","(2.4, 2.5]",0.001943634596695821,115,120,2.4,2.5,"(0.85, 0.9]"
"(115, 120]","(2.5, 2.6]",0.0007774538386783285,115,120,2.5,2.6,"(0.85, 0.9]"
"(115, 120]","(2.6, 2.7]",0.0011661807580174927,115,120,2.6,2.7,"(0.85, 0.9]"
"(115, 120]","(2.7, 2.8]",0.0007774538386783285,115,120,2.7,2.8,"(0.85, 0.9]"
"(115, 120]","(2.8, 2.9]",0.004859086491739553,115,120,2.8,2.9,"(0.85, 0.9]"
"(115, 120]","(2.9, 3.0]",0.005636540330417881,115,120,2.9,3.0,"(0.85, 0.9]"
"(115, 120]","(3.0, 3.1]",0.0013605442176870747,115,120,3.0,3.1,"(0.85, 0.9]"
"(120, 125]","(0.6, 0.7]",0.00019436345966958212,120,125,0.6,0.7,"(0.85, 0.9]"
"(120, 125]","(1.0, 1.1]",0.00038872691933916425,120,125,1.0,1.1,"(0.85, 0.9]"
"(120, 125]","(1.1, 1.2]",0.0005830903790087463,120,125,1.1,1.2,"(0.85, 0.9]"
"(120, 125]","(1.2, 1.3]",0.0013605442176870747,120,125,1.2,1.3,"(0.85, 0.9]"
"(120, 125]","(1.5, 1.6]",0.0007774538386783285,120,125,1.5,1.6,"(0.85, 0.9]"
"(120, 125]","(1.6, 1.7]",0.0011661807580174927,120,125,1.6,1.7,"(0.85, 0.9]"
"(120, 125]","(1.7, 1.8]",0.0011661807580174927,120,125,1.7,1.8,"(0.85, 0.9]"
"(120, 125]","(1.8, 1.9]",0.0005830903790087463,120,125,1.8,1.9,"(0.85, 0.9]"
"(120, 125]","(1.9, 2.0]",0.0009718172983479105,120,125,1.9,2.0,"(0.85, 0.9]"
"(120, 125]","(2.0, 2.1]",0.004275996112730806,120,125,2.0,2.1,"(0.85, 0.9]"
"(120, 125]","(2.1, 2.2]",0.004081632653061225,120,125,2.1,2.2,"(0.85, 0.9]"
"(120, 125]","(2.2, 2.3]",0.001749271137026239,120,125,2.2,2.3,"(0.85, 0.9]"
"(120, 125]","(2.3, 2.4]",0.0025267249757045676,120,125,2.3,2.4,"(0.85, 0.9]"
"(120, 125]","(2.4, 2.5]",0.0011661807580174927,120,125,2.4,2.5,"(0.85, 0.9]"
"(120, 125]","(2.5, 2.6]",0.002137998056365403,120,125,2.5,2.6,"(0.85, 0.9]"
"(120, 125]","(2.6, 2.7]",0.0007774538386783285,120,125,2.6,2.7,"(0.85, 0.9]"
"(120, 125]","(2.7, 2.8]",0.001554907677356657,120,125,2.7,2.8,"(0.85, 0.9]"
"(120, 125]","(2.8, 2.9]",0.0011661807580174927,120,125,2.8,2.9,"(0.85, 0.9]"
"(120, 125]","(2.9, 3.0]",0.003109815354713314,120,125,2.9,3.0,"(0.85, 0.9]"
"(120, 125]","(3.0, 3.1]",0.001943634596695821,120,125,3.0,3.1,"(0.85, 0.9]"
"(120, 125]","(3.1, 3.2]",0.00038872691933916425,120,125,3.1,3.2,"(0.85, 0.9]"
"(120, 125]","(3.3, 3.4]",0.00019436345966958212,120,125,3.3,3.4,"(0.85, 0.9]"
"(125, 130]","(1.1, 1.2]",0.0005830903790087463,125,130,1.1,1.2,"(0.85, 0.9]"
"(125, 130]","(1.2, 1.3]",0.00038872691933916425,125,130,1.2,1.3,"(0.85, 0.9]"
"(125, 130]","(1.3, 1.4]",0.0005830903790087463,125,130,1.3,1.4,"(0.85, 0.9]"
"(125, 130]","(1.5, 1.6]",0.00019436345966958212,125,130,1.5,1.6,"(0.85, 0.9]"
"(125, 130]","(1.6, 1.7]",0.00019436345966958212,125,130,1.6,1.7,"(0.85, 0.9]"
"(125, 130]","(1.7, 1.8]",0.00019436345966958212,125,130,1.7,1.8,"(0.85, 0.9]"
"(125, 130]","(1.9, 2.0]",0.00038872691933916425,125,130,1.9,2.0,"(0.85, 0.9]"
"(125, 130]","(2.0, 2.1]",0.008940719144800777,125,130,2.0,2.1,"(0.85, 0.9]"
"(125, 130]","(2.1, 2.2]",0.004859086491739553,125,130,2.1,2.2,"(0.85, 0.9]"
"(125, 130]","(2.2, 2.3]",0.0052478134110787176,125,130,2.2,2.3,"(0.85, 0.9]"
"(125, 130]","(2.3, 2.4]",0.001943634596695821,125,130,2.3,2.4,"(0.85, 0.9]"
"(125, 130]","(2.4, 2.5]",0.0007774538386783285,125,130,2.4,2.5,"(0.85, 0.9]"
"(125, 130]","(2.6, 2.7]",0.0009718172983479105,125,130,2.6,2.7,"(0.85, 0.9]"
"(125, 130]","(2.7, 2.8]",0.00038872691933916425,125,130,2.7,2.8,"(0.85, 0.9]"
"(125, 130]","(2.8, 2.9]",0.00038872691933916425,125,130,2.8,2.9,"(0.85, 0.9]"
"(125, 130]","(3.0, 3.1]",0.00019436345966958212,125,130,3.0,3.1,"(0.85, 0.9]"
"(125, 130]","(3.1, 3.2]",0.00019436345966958212,125,130,3.1,3.2,"(0.85, 0.9]"
"(130, 135]","(1.0, 1.1]",0.00019436345966958212,130,135,1.0,1.1,"(0.85, 0.9]"
"(130, 135]","(1.1, 1.2]",0.00038872691933916425,130,135,1.1,1.2,"(0.85, 0.9]"
"(130, 135]","(1.3, 1.4]",0.00019436345966958212,130,135,1.3,1.4,"(0.85, 0.9]"
"(130, 135]","(1.4, 1.5]",0.00038872691933916425,130,135,1.4,1.5,"(0.85, 0.9]"
"(130, 135]","(1.6, 1.7]",0.0005830903790087463,130,135,1.6,1.7,"(0.85, 0.9]"
"(130, 135]","(1.7, 1.8]",0.00019436345966958212,130,135,1.7,1.8,"(0.85, 0.9]"
"(130, 135]","(1.9, 2.0]",0.0007774538386783285,130,135,1.9,2.0,"(0.85, 0.9]"
"(130, 135]","(2.0, 2.1]",0.005053449951409135,130,135,2.0,2.1,"(0.85, 0.9]"
"(130, 135]","(2.1, 2.2]",0.002137998056365403,130,135,2.1,2.2,"(0.85, 0.9]"
"(130, 135]","(2.2, 2.3]",0.003887269193391642,130,135,2.2,2.3,"(0.85, 0.9]"
"(130, 135]","(2.3, 2.4]",0.0011661807580174927,130,135,2.3,2.4,"(0.85, 0.9]"
"(130, 135]","(2.4, 2.5]",0.00038872691933916425,130,135,2.4,2.5,"(0.85, 0.9]"
"(130, 135]","(2.5, 2.6]",0.00019436345966958212,130,135,2.5,2.6,"(0.85, 0.9]"
"(130, 135]","(2.6, 2.7]",0.00019436345966958212,130,135,2.6,2.7,"(0.85, 0.9]"
"(130, 135]","(2.7, 2.8]",0.0009718172983479105,130,135,2.7,2.8,"(0.85, 0.9]"
"(130, 135]","(2.9, 3.0]",0.00019436345966958212,130,135,2.9,3.0,"(0.85, 0.9]"
"(130, 135]","(3.0, 3.1]",0.00038872691933916425,130,135,3.0,3.1,"(0.85, 0.9]"
"(135, 140]","(1.3, 1.4]",0.00019436345966958212,135,140,1.3,1.4,"(0.85, 0.9]"
"(135, 140]","(1.4, 1.5]",0.00019436345966958212,135,140,1.4,1.5,"(0.85, 0.9]"
"(135, 140]","(1.5, 1.6]",0.0005830903790087463,135,140,1.5,1.6,"(0.85, 0.9]"
"(135, 140]","(1.6, 1.7]",0.00019436345966958212,135,140,1.6,1.7,"(0.85, 0.9]"
"(135, 140]","(1.7, 1.8]",0.00038872691933916425,135,140,1.7,1.8,"(0.85, 0.9]"
"(135, 140]","(1.8, 1.9]",0.00038872691933916425,135,140,1.8,1.9,"(0.85, 0.9]"
"(135, 140]","(1.9, 2.0]",0.00019436345966958212,135,140,1.9,2.0,"(0.85, 0.9]"
"(135, 140]","(2.0, 2.1]",0.0013605442176870747,135,140,2.0,2.1,"(0.85, 0.9]"
"(135, 140]","(2.1, 2.2]",0.0013605442176870747,135,140,2.1,2.2,"(0.85, 0.9]"
"(135, 140]","(2.2, 2.3]",0.0013605442176870747,135,140,2.2,2.3,"(0.85, 0.9]"
"(135, 140]","(2.3, 2.4]",0.0009718172983479105,135,140,2.3,2.4,"(0.85, 0.9]"
"(135, 140]","(2.4, 2.5]",0.00038872691933916425,135,140,2.4,2.5,"(0.85, 0.9]"
"(135, 140]","(2.5, 2.6]",0.0005830903790087463,135,140,2.5,2.6,"(0.85, 0.9]"
"(135, 140]","(2.7, 2.8]",0.0005830903790087463,135,140,2.7,2.8,"(0.85, 0.9]"
"(135, 140]","(2.8, 2.9]",0.0005830903790087463,135,140,2.8,2.9,"(0.85, 0.9]"
"(135, 140]","(2.9, 3.0]",0.0007774538386783285,135,140,2.9,3.0,"(0.85, 0.9]"
"(140, 145]","(1.2, 1.3]",0.00019436345966958212,140,145,1.2,1.3,"(0.85, 0.9]"
"(140, 145]","(1.5, 1.6]",0.00019436345966958212,140,145,1.5,1.6,"(0.85, 0.9]"
"(140, 145]","(1.6, 1.7]",0.00038872691933916425,140,145,1.6,1.7,"(0.85, 0.9]"
"(140, 145]","(2.0, 2.1]",0.00038872691933916425,140,145,2.0,2.1,"(0.85, 0.9]"
"(140, 145]","(2.1, 2.2]",0.001554907677356657,140,145,2.1,2.2,"(0.85, 0.9]"
"(140, 145]","(2.2, 2.3]",0.00019436345966958212,140,145,2.2,2.3,"(0.85, 0.9]"
"(140, 145]","(2.3, 2.4]",0.0009718172983479105,140,145,2.3,2.4,"(0.85, 0.9]"
"(140, 145]","(2.4, 2.5]",0.00019436345966958212,140,145,2.4,2.5,"(0.85, 0.9]"
"(140, 145]","(2.5, 2.6]",0.00019436345966958212,140,145,2.5,2.6,"(0.85, 0.9]"
"(140, 145]","(2.7, 2.8]",0.00038872691933916425,140,145,2.7,2.8,"(0.85, 0.9]"
"(140, 145]","(2.9, 3.0]",0.0005830903790087463,140,145,2.9,3.0,"(0.85, 0.9]"
"(140, 145]","(3.0, 3.1]",0.0007774538386783285,140,145,3.0,3.1,"(0.85, 0.9]"
"(140, 145]","(3.1, 3.2]",0.00019436345966958212,140,145,3.1,3.2,"(0.85, 0.9]"
"(145, 150]","(1.7, 1.8]",0.00038872691933916425,145,150,1.7,1.8,"(0.85, 0.9]"
"(145, 150]","(1.8, 1.9]",0.00019436345966958212,145,150,1.8,1.9,"(0.85, 0.9]"
"(145, 150]","(1.9, 2.0]",0.00038872691933916425,145,150,1.9,2.0,"(0.85, 0.9]"
"(145, 150]","(2.1, 2.2]",0.0011661807580174927,145,150,2.1,2.2,"(0.85, 0.9]"
"(145, 150]","(2.2, 2.3]",0.00038872691933916425,145,150,2.2,2.3,"(0.85, 0.9]"
"(145, 150]","(2.3, 2.4]",0.00038872691933916425,145,150,2.3,2.4,"(0.85, 0.9]"
"(145, 150]","(2.4, 2.5]",0.00038872691933916425,145,150,2.4,2.5,"(0.85, 0.9]"
"(145, 150]","(2.5, 2.6]",0.0011661807580174927,145,150,2.5,2.6,"(0.85, 0.9]"
"(145, 150]","(2.6, 2.7]",0.00019436345966958212,145,150,2.6,2.7,"(0.85, 0.9]"
"(145, 150]","(2.7, 2.8]",0.00019436345966958212,145,150,2.7,2.8,"(0.85, 0.9]"
"(145, 150]","(2.8, 2.9]",0.0007774538386783285,145,150,2.8,2.9,"(0.85, 0.9]"
"(145, 150]","(2.9, 3.0]",0.0009718172983479105,145,150,2.9,3.0,"(0.85, 0.9]"
"(145, 150]","(3.0, 3.1]",0.00038872691933916425,145,150,3.0,3.1,"(0.85, 0.9]"
"(150, 155]","(1.6, 1.7]",0.00019436345966958212,150,155,1.6,1.7,"(0.85, 0.9]"
"(150, 155]","(1.7, 1.8]",0.00019436345966958212,150,155,1.7,1.8,"(0.85, 0.9]"
"(150, 155]","(1.8, 1.9]",0.00019436345966958212,150,155,1.8,1.9,"(0.85, 0.9]"
"(150, 155]","(1.9, 2.0]",0.00019436345966958212,150,155,1.9,2.0,"(0.85, 0.9]"
"(150, 155]","(2.0, 2.1]",0.00038872691933916425,150,155,2.0,2.1,"(0.85, 0.9]"
"(150, 155]","(2.1, 2.2]",0.001749271137026239,150,155,2.1,2.2,"(0.85, 0.9]"
"(150, 155]","(2.2, 2.3]",0.00038872691933916425,150,155,2.2,2.3,"(0.85, 0.9]"
"(150, 155]","(2.3, 2.4]",0.001554907677356657,150,155,2.3,2.4,"(0.85, 0.9]"
"(150, 155]","(2.4, 2.5]",0.00038872691933916425,150,155,2.4,2.5,"(0.85, 0.9]"
"(150, 155]","(2.5, 2.6]",0.00019436345966958212,150,155,2.5,2.6,"(0.85, 0.9]"
"(150, 155]","(2.6, 2.7]",0.00019436345966958212,150,155,2.6,2.7,"(0.85, 0.9]"
"(150, 155]","(2.7, 2.8]",0.0009718172983479105,150,155,2.7,2.8,"(0.85, 0.9]"
"(150, 155]","(2.8, 2.9]",0.00019436345966958212,150,155,2.8,2.9,"(0.85, 0.9]"
"(150, 155]","(2.9, 3.0]",0.0005830903790087463,150,155,2.9,3.0,"(0.85, 0.9]"
"(150, 155]","(3.0, 3.1]",0.00038872691933916425,150,155,3.0,3.1,"(0.85, 0.9]"
"(155, 160]","(0.1, 0.2]",0.00019436345966958212,155,160,0.1,0.2,"(0.85, 0.9]"
"(155, 160]","(1.6, 1.7]",0.00019436345966958212,155,160,1.6,1.7,"(0.85, 0.9]"
"(155, 160]","(1.7, 1.8]",0.00019436345966958212,155,160,1.7,1.8,"(0.85, 0.9]"
"(155, 160]","(1.8, 1.9]",0.00038872691933916425,155,160,1.8,1.9,"(0.85, 0.9]"
"(155, 160]","(1.9, 2.0]",0.00019436345966958212,155,160,1.9,2.0,"(0.85, 0.9]"
"(155, 160]","(2.0, 2.1]",0.0009718172983479105,155,160,2.0,2.1,"(0.85, 0.9]"
"(155, 160]","(2.1, 2.2]",0.003887269193391642,155,160,2.1,2.2,"(0.85, 0.9]"
"(155, 160]","(2.2, 2.3]",0.001749271137026239,155,160,2.2,2.3,"(0.85, 0.9]"
"(155, 160]","(2.3, 2.4]",0.0009718172983479105,155,160,2.3,2.4,"(0.85, 0.9]"
"(155, 160]","(2.5, 2.6]",0.00038872691933916425,155,160,2.5,2.6,"(0.85, 0.9]"
"(155, 160]","(2.6, 2.7]",0.00038872691933916425,155,160,2.6,2.7,"(0.85, 0.9]"
"(155, 160]","(2.9, 3.0]",0.00038872691933916425,155,160,2.9,3.0,"(0.85, 0.9]"
"(155, 160]","(3.0, 3.1]",0.00019436345966958212,155,160,3.0,3.1,"(0.85, 0.9]"
"(155, 160]","(3.1, 3.2]",0.00019436345966958212,155,160,3.1,3.2,"(0.85, 0.9]"
"(160, 165]","(1.6, 1.7]",0.00038872691933916425,160,165,1.6,1.7,"(0.85, 0.9]"
"(160, 165]","(1.7, 1.8]",0.00019436345966958212,160,165,1.7,1.8,"(0.85, 0.9]"
"(160, 165]","(1.8, 1.9]",0.00038872691933916425,160,165,1.8,1.9,"(0.85, 0.9]"
"(160, 165]","(1.9, 2.0]",0.0005830903790087463,160,165,1.9,2.0,"(0.85, 0.9]"
"(160, 165]","(2.0, 2.1]",0.0005830903790087463,160,165,2.0,2.1,"(0.85, 0.9]"
"(160, 165]","(2.1, 2.2]",0.0029154518950437317,160,165,2.1,2.2,"(0.85, 0.9]"
"(160, 165]","(2.2, 2.3]",0.0009718172983479105,160,165,2.2,2.3,"(0.85, 0.9]"
"(160, 165]","(2.3, 2.4]",0.0011661807580174927,160,165,2.3,2.4,"(0.85, 0.9]"
"(160, 165]","(2.5, 2.6]",0.00038872691933916425,160,165,2.5,2.6,"(0.85, 0.9]"
"(160, 165]","(2.9, 3.0]",0.00019436345966958212,160,165,2.9,3.0,"(0.85, 0.9]"
"(160, 165]","(3.0, 3.1]",0.00019436345966958212,160,165,3.0,3.1,"(0.85, 0.9]"
"(160, 165]","(3.1, 3.2]",0.00019436345966958212,160,165,3.1,3.2,"(0.85, 0.9]"
"(165, 170]","(0.3, 0.4]",0.00019436345966958212,165,170,0.3,0.4,"(0.85, 0.9]"
"(165, 170]","(1.1, 1.2]",0.00019436345966958212,165,170,1.1,1.2,"(0.85, 0.9]"
"(165, 170]","(1.3, 1.4]",0.00019436345966958212,165,170,1.3,1.4,"(0.85, 0.9]"
"(165, 170]","(1.6, 1.7]",0.00019436345966958212,165,170,1.6,1.7,"(0.85, 0.9]"
"(165, 170]","(1.8, 1.9]",0.00019436345966958212,165,170,1.8,1.9,"(0.85, 0.9]"
"(165, 170]","(1.9, 2.0]",0.00019436345966958212,165,170,1.9,2.0,"(0.85, 0.9]"
"(165, 170]","(2.1, 2.2]",0.0005830903790087463,165,170,2.1,2.2,"(0.85, 0.9]"
"(165, 170]","(2.2, 2.3]",0.00038872691933916425,165,170,2.2,2.3,"(0.85, 0.9]"
"(165, 170]","(2.4, 2.5]",0.00019436345966958212,165,170,2.4,2.5,"(0.85, 0.9]"
"(165, 170]","(2.7, 2.8]",0.00038872691933916425,165,170,2.7,2.8,"(0.85, 0.9]"
"(165, 170]","(2.8, 2.9]",0.00019436345966958212,165,170,2.8,2.9,"(0.85, 0.9]"
"(165, 170]","(2.9, 3.0]",0.00019436345966958212,165,170,2.9,3.0,"(0.85, 0.9]"
"(165, 170]","(3.0, 3.1]",0.00019436345966958212,165,170,3.0,3.1,"(0.85, 0.9]"
"(165, 170]","(3.2, 3.3]",0.00019436345966958212,165,170,3.2,3.3,"(0.85, 0.9]"
"(170, 175]","(0.1, 0.2]",0.00019436345966958212,170,175,0.1,0.2,"(0.85, 0.9]"
"(170, 175]","(0.3, 0.4]",0.00019436345966958212,170,175,0.3,0.4,"(0.85, 0.9]"
"(170, 175]","(0.4, 0.5]",0.00038872691933916425,170,175,0.4,0.5,"(0.85, 0.9]"
"(170, 175]","(1.6, 1.7]",0.00019436345966958212,170,175,1.6,1.7,"(0.85, 0.9]"
"(170, 175]","(2.0, 2.1]",0.00038872691933916425,170,175,2.0,2.1,"(0.85, 0.9]"
"(170, 175]","(2.1, 2.2]",0.00019436345966958212,170,175,2.1,2.2,"(0.85, 0.9]"
"(170, 175]","(2.2, 2.3]",0.00019436345966958212,170,175,2.2,2.3,"(0.85, 0.9]"
"(170, 175]","(2.3, 2.4]",0.00019436345966958212,170,175,2.3,2.4,"(0.85, 0.9]"
"(170, 175]","(2.6, 2.7]",0.00019436345966958212,170,175,2.6,2.7,"(0.85, 0.9]"
"(170, 175]","(2.7, 2.8]",0.00019436345966958212,170,175,2.7,2.8,"(0.85, 0.9]"
"(170, 175]","(3.0, 3.1]",0.00038872691933916425,170,175,3.0,3.1,"(0.85, 0.9]"
"(170, 175]","(3.1, 3.2]",0.00019436345966958212,170,175,3.1,3.2,"(0.85, 0.9]"
"(175, 180]","(0.3, 0.4]",0.00019436345966958212,175,180,0.3,0.4,"(0.85, 0.9]"
"(175, 180]","(0.4, 0.5]",0.00038872691933916425,175,180,0.4,0.5,"(0.85, 0.9]"
"(175, 180]","(0.6, 0.7]",0.00019436345966958212,175,180,0.6,0.7,"(0.85, 0.9]"
"(175, 180]","(0.8, 0.9]",0.00019436345966958212,175,180,0.8,0.9,"(0.85, 0.9]"
"(175, 180]","(2.0, 2.1]",0.00019436345966958212,175,180,2.0,2.1,"(0.85, 0.9]"
"(175, 180]","(2.1, 2.2]",0.0005830903790087463,175,180,2.1,2.2,"(0.85, 0.9]"
"(175, 180]","(2.2, 2.3]",0.00038872691933916425,175,180,2.2,2.3,"(0.85, 0.9]"
"(175, 180]","(2.4, 2.5]",0.00019436345966958212,175,180,2.4,2.5,"(0.85, 0.9]"
"(175, 180]","(2.5, 2.6]",0.00019436345966958212,175,180,2.5,2.6,"(0.85, 0.9]"
"(175, 180]","(3.0, 3.1]",0.00019436345966958212,175,180,3.0,3.1,"(0.85, 0.9]"
"(175, 180]","(3.2, 3.3]",0.00019436345966958212,175,180,3.2,3.3,"(0.85, 0.9]"
"(180, 185]","(1.2, 1.3]",0.00019436345966958212,180,185,1.2,1.3,"(0.85, 0.9]"
"(180, 185]","(1.7, 1.8]",0.00019436345966958212,180,185,1.7,1.8,"(0.85, 0.9]"
"(180, 185]","(2.0, 2.1]",0.00038872691933916425,180,185,2.0,2.1,"(0.85, 0.9]"
"(180, 185]","(2.1, 2.2]",0.00038872691933916425,180,185,2.1,2.2,"(0.85, 0.9]"
"(180, 185]","(2.3, 2.4]",0.00019436345966958212,180,185,2.3,2.4,"(0.85, 0.9]"
"(180, 185]","(2.7, 2.8]",0.00019436345966958212,180,185,2.7,2.8,"(0.85, 0.9]"
"(180, 185]","(2.8, 2.9]",0.00038872691933916425,180,185,2.8,2.9,"(0.85, 0.9]"
"(180, 185]","(2.9, 3.0]",0.00019436345966958212,180,185,2.9,3.0,"(0.85, 0.9]"
"(185, 190]","(1.2, 1.3]",0.00019436345966958212,185,190,1.2,1.3,"(0.85, 0.9]"
"(185, 190]","(1.5, 1.6]",0.00019436345966958212,185,190,1.5,1.6,"(0.85, 0.9]"
"(185, 190]","(1.7, 1.8]",0.00019436345966958212,185,190,1.7,1.8,"(0.85, 0.9]"
"(185, 190]","(2.0, 2.1]",0.00038872691933916425,185,190,2.0,2.1,"(0.85, 0.9]"
"(185, 190]","(2.1, 2.2]",0.00038872691933916425,185,190,2.1,2.2,"(0.85, 0.9]"
"(185, 190]","(2.2, 2.3]",0.00038872691933916425,185,190,2.2,2.3,"(0.85, 0.9]"
"(185, 190]","(2.3, 2.4]",0.00038872691933916425,185,190,2.3,2.4,"(0.85, 0.9]"
"(185, 190]","(2.6, 2.7]",0.00019436345966958212,185,190,2.6,2.7,"(0.85, 0.9]"
"(185, 190]","(2.7, 2.8]",0.00038872691933916425,185,190,2.7,2.8,"(0.85, 0.9]"
"(190, 195]","(2.1, 2.2]",0.0005830903790087463,190,195,2.1,2.2,"(0.85, 0.9]"
"(190, 195]","(2.3, 2.4]",0.00019436345966958212,190,195,2.3,2.4,"(0.85, 0.9]"
"(190, 195]","(2.5, 2.6]",0.00019436345966958212,190,195,2.5,2.6,"(0.85, 0.9]"
"(195, 200]","(2.0, 2.1]",0.00038872691933916425,195,200,2.0,2.1,"(0.85, 0.9]"
"(195, 200]","(2.1, 2.2]",0.0005830903790087463,195,200,2.1,2.2,"(0.85, 0.9]"
"(195, 200]","(2.4, 2.5]",0.00038872691933916425,195,200,2.4,2.5,"(0.85, 0.9]"
"(195, 200]","(2.5, 2.6]",0.00019436345966958212,195,200,2.5,2.6,"(0.85, 0.9]"
"(195, 200]","(2.8, 2.9]",0.0005830903790087463,195,200,2.8,2.9,"(0.85, 0.9]"
"(195, 200]","(2.9, 3.0]",0.00019436345966958212,195,200,2.9,3.0,"(0.85, 0.9]"
"(195, 200]","(3.0, 3.1]",0.00019436345966958212,195,200,3.0,3.1,"(0.85, 0.9]"
"(200, 205]","(1.3, 1.4]",0.00019436345966958212,200,205,1.3,1.4,"(0.85, 0.9]"
"(200, 205]","(2.0, 2.1]",0.00019436345966958212,200,205,2.0,2.1,"(0.85, 0.9]"
"(200, 205]","(2.1, 2.2]",0.00019436345966958212,200,205,2.1,2.2,"(0.85, 0.9]"
"(200, 205]","(2.4, 2.5]",0.00019436345966958212,200,205,2.4,2.5,"(0.85, 0.9]"
"(200, 205]","(2.5, 2.6]",0.00019436345966958212,200,205,2.5,2.6,"(0.85, 0.9]"
"(200, 205]","(2.7, 2.8]",0.00019436345966958212,200,205,2.7,2.8,"(0.85, 0.9]"
"(200, 205]","(3.1, 3.2]",0.00019436345966958212,200,205,3.1,3.2,"(0.85, 0.9]"
"(205, 210]","(1.7, 1.8]",0.00019436345966958212,205,210,1.7,1.8,"(0.85, 0.9]"
"(205, 210]","(1.9, 2.0]",0.00019436345966958212,205,210,1.9,2.0,"(0.85, 0.9]"
"(205, 210]","(2.1, 2.2]",0.00019436345966958212,205,210,2.1,2.2,"(0.85, 0.9]"
"(205, 210]","(2.2, 2.3]",0.00019436345966958212,205,210,2.2,2.3,"(0.85, 0.9]"
"(205, 210]","(2.5, 2.6]",0.00019436345966958212,205,210,2.5,2.6,"(0.85, 0.9]"
"(205, 210]","(2.6, 2.7]",0.00019436345966958212,205,210,2.6,2.7,"(0.85, 0.9]"
"(205, 210]","(2.7, 2.8]",0.0005830903790087463,205,210,2.7,2.8,"(0.85, 0.9]"
"(205, 210]","(2.9, 3.0]",0.00038872691933916425,205,210,2.9,3.0,"(0.85, 0.9]"
"(210, 215]","(2.1, 2.2]",0.00019436345966958212,210,215,2.1,2.2,"(0.85, 0.9]"
"(210, 215]","(2.2, 2.3]",0.00019436345966958212,210,215,2.2,2.3,"(0.85, 0.9]"
"(210, 215]","(2.5, 2.6]",0.00038872691933916425,210,215,2.5,2.6,"(0.85, 0.9]"
"(215, 220]","(2.1, 2.2]",0.00038872691933916425,215,220,2.1,2.2,"(0.85, 0.9]"
"(215, 220]","(2.7, 2.8]",0.00019436345966958212,215,220,2.7,2.8,"(0.85, 0.9]"
"(215, 220]","(2.9, 3.0]",0.00019436345966958212,215,220,2.9,3.0,"(0.85, 0.9]"
"(220, 225]","(1.9, 2.0]",0.00019436345966958212,220,225,1.9,2.0,"(0.85, 0.9]"
"(220, 225]","(2.2, 2.3]",0.00019436345966958212,220,225,2.2,2.3,"(0.85, 0.9]"
"(220, 225]","(2.4, 2.5]",0.00019436345966958212,220,225,2.4,2.5,"(0.85, 0.9]"
"(220, 225]","(2.9, 3.0]",0.00019436345966958212,220,225,2.9,3.0,"(0.85, 0.9]"
"(225, 230]","(1.3, 1.4]",0.00019436345966958212,225,230,1.3,1.4,"(0.85, 0.9]"
"(225, 230]","(2.0, 2.1]",0.00019436345966958212,225,230,2.0,2.1,"(0.85, 0.9]"
"(225, 230]","(2.3, 2.4]",0.00019436345966958212,225,230,2.3,2.4,"(0.85, 0.9]"
"(230, 235]","(1.6, 1.7]",0.00019436345966958212,230,235,1.6,1.7,"(0.85, 0.9]"
"(230, 235]","(2.5, 2.6]",0.00019436345966958212,230,235,2.5,2.6,"(0.85, 0.9]"
"(230, 235]","(2.8, 2.9]",0.00019436345966958212,230,235,2.8,2.9,"(0.85, 0.9]"
"(235, 240]","(2.6, 2.7]",0.00019436345966958212,235,240,2.6,2.7,"(0.85, 0.9]"
"(240, 245]","(1.9, 2.0]",0.00019436345966958212,240,245,1.9,2.0,"(0.85, 0.9]"
"(240, 245]","(2.1, 2.2]",0.00019436345966958212,240,245,2.1,2.2,"(0.85, 0.9]"
"(240, 245]","(2.7, 2.8]",0.00019436345966958212,240,245,2.7,2.8,"(0.85, 0.9]"
"(245, 250]","(1.6, 1.7]",0.00019436345966958212,245,250,1.6,1.7,"(0.85, 0.9]"
"(250, 255]","(0.4, 0.5]",0.00019436345966958212,250,255,0.4,0.5,"(0.85, 0.9]"
"(250, 255]","(3.1, 3.2]",0.00019436345966958212,250,255,3.1,3.2,"(0.85, 0.9]"
"(255, 260]","(2.4, 2.5]",0.00019436345966958212,255,260,2.4,2.5,"(0.85, 0.9]"
"(260, 265]","(2.6, 2.7]",0.00019436345966958212,260,265,2.6,2.7,"(0.85, 0.9]"
"(265, 270]","(2.8, 2.9]",0.00019436345966958212,265,270,2.8,2.9,"(0.85, 0.9]"
"(270, 275]","(3.1, 3.2]",0.00019436345966958212,270,275,3.1,3.2,"(0.85, 0.9]"
"(275, 280]","(2.4, 2.5]",0.00019436345966958212,275,280,2.4,2.5,"(0.85, 0.9]"
"(290, 295]","(3.0, 3.1]",0.00019436345966958212,290,295,3.0,3.1,"(0.85, 0.9]"
"(40, 45]","(-3.7, -3.6]",9.924573243350536e-05,40,45,-3.7,-3.6,"(0.9, 0.95]"
"(40, 45]","(-3.6, -3.5]",9.924573243350536e-05,40,45,-3.6,-3.5,"(0.9, 0.95]"
"(45, 50]","(-3.6, -3.5]",9.924573243350536e-05,45,50,-3.6,-3.5,"(0.9, 0.95]"
"(55, 60]","(-3.2, -3.1]",0.0001984914648670107,55,60,-3.2,-3.1,"(0.9, 0.95]"
"(55, 60]","(-3.1, -3.0]",0.00029773719730051605,55,60,-3.1,-3.0,"(0.9, 0.95]"
"(55, 60]","(-3.0, -2.9]",9.924573243350536e-05,55,60,-3.0,-2.9,"(0.9, 0.95]"
"(55, 60]","(-2.9, -2.8]",9.924573243350536e-05,55,60,-2.9,-2.8,"(0.9, 0.95]"
"(55, 60]","(-2.8, -2.7]",9.924573243350536e-05,55,60,-2.8,-2.7,"(0.9, 0.95]"
"(55, 60]","(-2.7, -2.6]",9.924573243350536e-05,55,60,-2.7,-2.6,"(0.9, 0.95]"
"(55, 60]","(-2.6, -2.5]",0.0001984914648670107,55,60,-2.6,-2.5,"(0.9, 0.95]"
"(55, 60]","(-2.5, -2.4]",0.0001984914648670107,55,60,-2.5,-2.4,"(0.9, 0.95]"
"(55, 60]","(-2.4, -2.3]",9.924573243350536e-05,55,60,-2.4,-2.3,"(0.9, 0.95]"
"(60, 65]","(-2.9, -2.8]",9.924573243350536e-05,60,65,-2.9,-2.8,"(0.9, 0.95]"
"(60, 65]","(-2.8, -2.7]",9.924573243350536e-05,60,65,-2.8,-2.7,"(0.9, 0.95]"
"(60, 65]","(-2.7, -2.6]",0.0004962286621675268,60,65,-2.7,-2.6,"(0.9, 0.95]"
"(60, 65]","(-2.6, -2.5]",0.002183406113537118,60,65,-2.6,-2.5,"(0.9, 0.95]"
"(60, 65]","(-2.5, -2.4]",0.0011909487892020642,60,65,-2.5,-2.4,"(0.9, 0.95]"
"(60, 65]","(-2.4, -2.3]",0.0001984914648670107,60,65,-2.4,-2.3,"(0.9, 0.95]"
"(60, 65]","(-2.3, -2.2]",9.924573243350536e-05,60,65,-2.3,-2.2,"(0.9, 0.95]"
"(65, 70]","(-2.6, -2.5]",0.00029773719730051605,65,70,-2.6,-2.5,"(0.9, 0.95]"
"(65, 70]","(-2.5, -2.4]",0.0001984914648670107,65,70,-2.5,-2.4,"(0.9, 0.95]"
"(65, 70]","(-2.4, -2.3]",9.924573243350536e-05,65,70,-2.4,-2.3,"(0.9, 0.95]"
"(65, 70]","(-2.1, -2.0]",0.0003969829297340214,65,70,-2.1,-2.0,"(0.9, 0.95]"
"(65, 70]","(-2.0, -1.9]",9.924573243350536e-05,65,70,-2.0,-1.9,"(0.9, 0.95]"
"(65, 70]","(-1.9, -1.8]",0.0005954743946010321,65,70,-1.9,-1.8,"(0.9, 0.95]"
"(65, 70]","(-1.8, -1.7]",0.0007939658594680428,65,70,-1.8,-1.7,"(0.9, 0.95]"
"(65, 70]","(-1.7, -1.6]",0.0004962286621675268,65,70,-1.7,-1.6,"(0.9, 0.95]"
"(65, 70]","(-1.6, -1.5]",0.0001984914648670107,65,70,-1.6,-1.5,"(0.9, 0.95]"
"(70, 75]","(-2.3, -2.2]",9.924573243350536e-05,70,75,-2.3,-2.2,"(0.9, 0.95]"
"(70, 75]","(-2.0, -1.9]",0.0004962286621675268,70,75,-2.0,-1.9,"(0.9, 0.95]"
"(70, 75]","(-1.9, -1.8]",0.0012901945216355697,70,75,-1.9,-1.8,"(0.9, 0.95]"
"(70, 75]","(-1.8, -1.7]",0.007840412862246923,70,75,-1.8,-1.7,"(0.9, 0.95]"
"(70, 75]","(-1.7, -1.6]",0.011909487892020643,70,75,-1.7,-1.6,"(0.9, 0.95]"
"(70, 75]","(-1.6, -1.5]",0.004267566494640731,70,75,-1.6,-1.5,"(0.9, 0.95]"
"(70, 75]","(-1.5, -1.4]",9.924573243350536e-05,70,75,-1.5,-1.4,"(0.9, 0.95]"
"(70, 75]","(-1.4, -1.3]",0.00029773719730051605,70,75,-1.4,-1.3,"(0.9, 0.95]"
"(70, 75]","(-1.3, -1.2]",0.0001984914648670107,70,75,-1.3,-1.2,"(0.9, 0.95]"
"(70, 75]","(-1.2, -1.1]",9.924573243350536e-05,70,75,-1.2,-1.1,"(0.9, 0.95]"
"(75, 80]","(-1.8, -1.7]",0.0009924573243350536,75,80,-1.8,-1.7,"(0.9, 0.95]"
"(75, 80]","(-1.7, -1.6]",0.001091703056768559,75,80,-1.7,-1.6,"(0.9, 0.95]"
"(75, 80]","(-1.6, -1.5]",0.0004962286621675268,75,80,-1.6,-1.5,"(0.9, 0.95]"
"(75, 80]","(-1.4, -1.3]",9.924573243350536e-05,75,80,-1.4,-1.3,"(0.9, 0.95]"
"(75, 80]","(-1.3, -1.2]",0.0001984914648670107,75,80,-1.3,-1.2,"(0.9, 0.95]"
"(75, 80]","(-1.2, -1.1]",0.00029773719730051605,75,80,-1.2,-1.1,"(0.9, 0.95]"
"(75, 80]","(-1.1, -1.0]",0.0003969829297340214,75,80,-1.1,-1.0,"(0.9, 0.95]"
"(75, 80]","(-1.0, -0.9]",0.0003969829297340214,75,80,-1.0,-0.9,"(0.9, 0.95]"
"(75, 80]","(-0.9, -0.8]",0.0001984914648670107,75,80,-0.9,-0.8,"(0.9, 0.95]"
"(75, 80]","(-0.8, -0.7]",0.0003969829297340214,75,80,-0.8,-0.7,"(0.9, 0.95]"
"(75, 80]","(-0.7, -0.6]",0.0005954743946010321,75,80,-0.7,-0.6,"(0.9, 0.95]"
"(75, 80]","(-0.6, -0.5]",0.0015879317189360857,75,80,-0.6,-0.5,"(0.9, 0.95]"
"(75, 80]","(-0.5, -0.4]",0.0014886859865025804,75,80,-0.5,-0.4,"(0.9, 0.95]"
"(75, 80]","(-0.4, -0.3]",0.00029773719730051605,75,80,-0.4,-0.3,"(0.9, 0.95]"
"(75, 80]","(-0.3, -0.2]",0.0005954743946010321,75,80,-0.3,-0.2,"(0.9, 0.95]"
"(75, 80]","(-0.2, -0.1]",0.0001984914648670107,75,80,-0.2,-0.1,"(0.9, 0.95]"
"(80, 85]","(-1.0, -0.9]",9.924573243350536e-05,80,85,-1.0,-0.9,"(0.9, 0.95]"
"(80, 85]","(-0.9, -0.8]",9.924573243350536e-05,80,85,-0.9,-0.8,"(0.9, 0.95]"
"(80, 85]","(-0.8, -0.7]",9.924573243350536e-05,80,85,-0.8,-0.7,"(0.9, 0.95]"
"(80, 85]","(-0.7, -0.6]",0.0014886859865025804,80,85,-0.7,-0.6,"(0.9, 0.95]"
"(80, 85]","(-0.6, -0.5]",0.003870583564906709,80,85,-0.6,-0.5,"(0.9, 0.95]"
"(80, 85]","(-0.5, -0.4]",0.003572846367606193,80,85,-0.5,-0.4,"(0.9, 0.95]"
"(80, 85]","(-0.4, -0.3]",0.003870583564906709,80,85,-0.4,-0.3,"(0.9, 0.95]"
"(80, 85]","(-0.3, -0.2]",0.004962286621675268,80,85,-0.3,-0.2,"(0.9, 0.95]"
"(80, 85]","(-0.2, -0.1]",0.004168320762207225,80,85,-0.2,-0.1,"(0.9, 0.95]"
"(80, 85]","(-0.1, 0.0]",0.009329098848749504,80,85,-0.1,0.0,"(0.9, 0.95]"
"(80, 85]","(0.0, 0.1]",0.018955934894799523,80,85,0.0,0.1,"(0.9, 0.95]"
"(80, 85]","(0.1, 0.2]",0.046149265581579994,80,85,0.1,0.2,"(0.9, 0.95]"
"(80, 85]","(0.2, 0.3]",0.0009924573243350536,80,85,0.2,0.3,"(0.9, 0.95]"
"(80, 85]","(0.3, 0.4]",0.00029773719730051605,80,85,0.3,0.4,"(0.9, 0.95]"
"(80, 85]","(0.4, 0.5]",0.0005954743946010321,80,85,0.4,0.5,"(0.9, 0.95]"
"(80, 85]","(0.5, 0.6]",9.924573243350536e-05,80,85,0.5,0.6,"(0.9, 0.95]"
"(85, 90]","(-0.6, -0.5]",0.0001984914648670107,85,90,-0.6,-0.5,"(0.9, 0.95]"
"(85, 90]","(-0.5, -0.4]",0.0001984914648670107,85,90,-0.5,-0.4,"(0.9, 0.95]"
"(85, 90]","(-0.4, -0.3]",0.0004962286621675268,85,90,-0.4,-0.3,"(0.9, 0.95]"
"(85, 90]","(-0.3, -0.2]",0.0014886859865025804,85,90,-0.3,-0.2,"(0.9, 0.95]"
"(85, 90]","(-0.2, -0.1]",0.0017864231838030965,85,90,-0.2,-0.1,"(0.9, 0.95]"
"(85, 90]","(-0.1, 0.0]",0.0111155220325526,85,90,-0.1,0.0,"(0.9, 0.95]"
"(85, 90]","(0.0, 0.1]",0.04972211194918619,85,90,0.0,0.1,"(0.9, 0.95]"
"(85, 90]","(0.1, 0.2]",0.25674870980547837,85,90,0.1,0.2,"(0.9, 0.95]"
"(85, 90]","(0.2, 0.3]",0.015482334259626836,85,90,0.2,0.3,"(0.9, 0.95]"
"(85, 90]","(0.3, 0.4]",0.003969829297340214,85,90,0.3,0.4,"(0.9, 0.95]"
"(85, 90]","(0.4, 0.5]",0.004466057959507741,85,90,0.4,0.5,"(0.9, 0.95]"
"(85, 90]","(0.5, 0.6]",0.011016276300119095,85,90,0.5,0.6,"(0.9, 0.95]"
"(85, 90]","(0.6, 0.7]",0.007641921397379912,85,90,0.6,0.7,"(0.9, 0.95]"
"(85, 90]","(0.7, 0.8]",0.003969829297340214,85,90,0.7,0.8,"(0.9, 0.95]"
"(85, 90]","(0.8, 0.9]",0.004168320762207225,85,90,0.8,0.9,"(0.9, 0.95]"
"(85, 90]","(0.9, 1.0]",0.0014886859865025804,85,90,0.9,1.0,"(0.9, 0.95]"
"(85, 90]","(1.0, 1.1]",0.0001984914648670107,85,90,1.0,1.1,"(0.9, 0.95]"
"(85, 90]","(1.1, 1.2]",9.924573243350536e-05,85,90,1.1,1.2,"(0.9, 0.95]"
"(90, 95]","(-0.6, -0.5]",9.924573243350536e-05,90,95,-0.6,-0.5,"(0.9, 0.95]"
"(90, 95]","(-0.2, -0.1]",0.0001984914648670107,90,95,-0.2,-0.1,"(0.9, 0.95]"
"(90, 95]","(-0.1, 0.0]",0.0004962286621675268,90,95,-0.1,0.0,"(0.9, 0.95]"
"(90, 95]","(0.0, 0.1]",0.004267566494640731,90,95,0.0,0.1,"(0.9, 0.95]"
"(90, 95]","(0.1, 0.2]",0.03165938864628821,90,95,0.1,0.2,"(0.9, 0.95]"
"(90, 95]","(0.2, 0.3]",0.002282651845970623,90,95,0.2,0.3,"(0.9, 0.95]"
"(90, 95]","(0.3, 0.4]",0.0001984914648670107,90,95,0.3,0.4,"(0.9, 0.95]"
"(90, 95]","(0.4, 0.5]",0.0011909487892020642,90,95,0.4,0.5,"(0.9, 0.95]"
"(90, 95]","(0.5, 0.6]",0.004466057959507741,90,95,0.5,0.6,"(0.9, 0.95]"
"(90, 95]","(0.6, 0.7]",0.012504962286621676,90,95,0.6,0.7,"(0.9, 0.95]"
"(90, 95]","(0.7, 0.8]",0.005657006748709805,90,95,0.7,0.8,"(0.9, 0.95]"
"(90, 95]","(0.8, 0.9]",0.011016276300119095,90,95,0.8,0.9,"(0.9, 0.95]"
"(90, 95]","(0.9, 1.0]",0.0055577610162763,90,95,0.9,1.0,"(0.9, 0.95]"
"(90, 95]","(1.0, 1.1]",0.0054585152838427945,90,95,1.0,1.1,"(0.9, 0.95]"
"(90, 95]","(1.1, 1.2]",0.00833664152441445,90,95,1.1,1.2,"(0.9, 0.95]"
"(90, 95]","(1.2, 1.3]",0.0020841603811036125,90,95,1.2,1.3,"(0.9, 0.95]"
"(90, 95]","(1.3, 1.4]",0.0029773719730051607,90,95,1.3,1.4,"(0.9, 0.95]"
"(90, 95]","(1.4, 1.5]",0.0012901945216355697,90,95,1.4,1.5,"(0.9, 0.95]"
"(90, 95]","(1.5, 1.6]",0.00029773719730051605,90,95,1.5,1.6,"(0.9, 0.95]"
"(90, 95]","(1.6, 1.7]",0.0006947201270345375,90,95,1.6,1.7,"(0.9, 0.95]"
"(90, 95]","(1.7, 1.8]",0.0004962286621675268,90,95,1.7,1.8,"(0.9, 0.95]"
"(90, 95]","(1.8, 1.9]",0.0007939658594680428,90,95,1.8,1.9,"(0.9, 0.95]"
"(90, 95]","(1.9, 2.0]",0.0001984914648670107,90,95,1.9,2.0,"(0.9, 0.95]"
"(90, 95]","(2.0, 2.1]",0.0014886859865025804,90,95,2.0,2.1,"(0.9, 0.95]"
"(95, 100]","(0.0, 0.1]",0.0011909487892020642,95,100,0.0,0.1,"(0.9, 0.95]"
"(95, 100]","(0.1, 0.2]",0.0036720921000396984,95,100,0.1,0.2,"(0.9, 0.95]"
"(95, 100]","(0.2, 0.3]",0.0003969829297340214,95,100,0.2,0.3,"(0.9, 0.95]"
"(95, 100]","(0.4, 0.5]",0.0001984914648670107,95,100,0.4,0.5,"(0.9, 0.95]"
"(95, 100]","(0.5, 0.6]",0.00029773719730051605,95,100,0.5,0.6,"(0.9, 0.95]"
"(95, 100]","(0.6, 0.7]",0.001389440254069075,95,100,0.6,0.7,"(0.9, 0.95]"
"(95, 100]","(0.7, 0.8]",0.0003969829297340214,95,100,0.7,0.8,"(0.9, 0.95]"
"(95, 100]","(0.8, 0.9]",0.002282651845970623,95,100,0.8,0.9,"(0.9, 0.95]"
"(95, 100]","(0.9, 1.0]",0.001091703056768559,95,100,0.9,1.0,"(0.9, 0.95]"
"(95, 100]","(1.0, 1.1]",0.0020841603811036125,95,100,1.0,1.1,"(0.9, 0.95]"
"(95, 100]","(1.1, 1.2]",0.010520047637951568,95,100,1.1,1.2,"(0.9, 0.95]"
"(95, 100]","(1.2, 1.3]",0.0054585152838427945,95,100,1.2,1.3,"(0.9, 0.95]"
"(95, 100]","(1.3, 1.4]",0.007145692735212386,95,100,1.3,1.4,"(0.9, 0.95]"
"(95, 100]","(1.4, 1.5]",0.0014886859865025804,95,100,1.4,1.5,"(0.9, 0.95]"
"(95, 100]","(1.5, 1.6]",0.0005954743946010321,95,100,1.5,1.6,"(0.9, 0.95]"
"(95, 100]","(1.6, 1.7]",0.0006947201270345375,95,100,1.6,1.7,"(0.9, 0.95]"
"(95, 100]","(1.7, 1.8]",0.0009924573243350536,95,100,1.7,1.8,"(0.9, 0.95]"
"(95, 100]","(1.8, 1.9]",0.00277888050813815,95,100,1.8,1.9,"(0.9, 0.95]"
"(95, 100]","(1.9, 2.0]",0.0028781262405716554,95,100,1.9,2.0,"(0.9, 0.95]"
"(95, 100]","(2.0, 2.1]",0.10837633981738785,95,100,2.0,2.1,"(0.9, 0.95]"
"(95, 100]","(2.1, 2.2]",0.0028781262405716554,95,100,2.1,2.2,"(0.9, 0.95]"
"(95, 100]","(2.2, 2.3]",0.012306470821754664,95,100,2.2,2.3,"(0.9, 0.95]"
"(95, 100]","(2.3, 2.4]",0.00277888050813815,95,100,2.3,2.4,"(0.9, 0.95]"
"(95, 100]","(2.4, 2.5]",0.0014886859865025804,95,100,2.4,2.5,"(0.9, 0.95]"
"(95, 100]","(2.5, 2.6]",0.001091703056768559,95,100,2.5,2.6,"(0.9, 0.95]"
"(95, 100]","(2.6, 2.7]",0.00029773719730051605,95,100,2.6,2.7,"(0.9, 0.95]"
"(95, 100]","(2.7, 2.8]",9.924573243350536e-05,95,100,2.7,2.8,"(0.9, 0.95]"
"(100, 105]","(0.1, 0.2]",0.0003969829297340214,100,105,0.1,0.2,"(0.9, 0.95]"
"(100, 105]","(0.3, 0.4]",9.924573243350536e-05,100,105,0.3,0.4,"(0.9, 0.95]"
"(100, 105]","(0.4, 0.5]",0.00029773719730051605,100,105,0.4,0.5,"(0.9, 0.95]"
"(100, 105]","(0.5, 0.6]",0.00029773719730051605,100,105,0.5,0.6,"(0.9, 0.95]"
"(100, 105]","(0.6, 0.7]",9.924573243350536e-05,100,105,0.6,0.7,"(0.9, 0.95]"
"(100, 105]","(0.7, 0.8]",9.924573243350536e-05,100,105,0.7,0.8,"(0.9, 0.95]"
"(100, 105]","(0.8, 0.9]",0.0004962286621675268,100,105,0.8,0.9,"(0.9, 0.95]"
"(100, 105]","(0.9, 1.0]",0.0005954743946010321,100,105,0.9,1.0,"(0.9, 0.95]"
"(100, 105]","(1.0, 1.1]",0.0006947201270345375,100,105,1.0,1.1,"(0.9, 0.95]"
"(100, 105]","(1.1, 1.2]",0.002282651845970623,100,105,1.1,1.2,"(0.9, 0.95]"
"(100, 105]","(1.2, 1.3]",0.0005954743946010321,100,105,1.2,1.3,"(0.9, 0.95]"
"(100, 105]","(1.3, 1.4]",0.0007939658594680428,100,105,1.3,1.4,"(0.9, 0.95]"
"(100, 105]","(1.5, 1.6]",0.0001984914648670107,100,105,1.5,1.6,"(0.9, 0.95]"
"(100, 105]","(1.6, 1.7]",0.00029773719730051605,100,105,1.6,1.7,"(0.9, 0.95]"
"(100, 105]","(1.8, 1.9]",0.00029773719730051605,100,105,1.8,1.9,"(0.9, 0.95]"
"(100, 105]","(1.9, 2.0]",0.0003969829297340214,100,105,1.9,2.0,"(0.9, 0.95]"
"(100, 105]","(2.0, 2.1]",0.02828503374354903,100,105,2.0,2.1,"(0.9, 0.95]"
"(100, 105]","(2.1, 2.2]",0.001687177451369591,100,105,2.1,2.2,"(0.9, 0.95]"
"(100, 105]","(2.2, 2.3]",0.007145692735212386,100,105,2.2,2.3,"(0.9, 0.95]"
"(100, 105]","(2.3, 2.4]",0.002183406113537118,100,105,2.3,2.4,"(0.9, 0.95]"
"(100, 105]","(2.4, 2.5]",0.00277888050813815,100,105,2.4,2.5,"(0.9, 0.95]"
"(100, 105]","(2.5, 2.6]",0.0018856689162366018,100,105,2.5,2.6,"(0.9, 0.95]"
"(100, 105]","(2.6, 2.7]",0.0020841603811036125,100,105,2.6,2.7,"(0.9, 0.95]"
"(100, 105]","(2.7, 2.8]",0.0023818975784041284,100,105,2.7,2.8,"(0.9, 0.95]"
"(100, 105]","(2.8, 2.9]",0.006748709805478364,100,105,2.8,2.9,"(0.9, 0.95]"
"(100, 105]","(2.9, 3.0]",0.0003969829297340214,100,105,2.9,3.0,"(0.9, 0.95]"
"(105, 110]","(0.1, 0.2]",0.0001984914648670107,105,110,0.1,0.2,"(0.9, 0.95]"
"(105, 110]","(0.3, 0.4]",0.0001984914648670107,105,110,0.3,0.4,"(0.9, 0.95]"
"(105, 110]","(0.5, 0.6]",9.924573243350536e-05,105,110,0.5,0.6,"(0.9, 0.95]"
"(105, 110]","(0.6, 0.7]",0.0004962286621675268,105,110,0.6,0.7,"(0.9, 0.95]"
"(105, 110]","(0.7, 0.8]",0.0001984914648670107,105,110,0.7,0.8,"(0.9, 0.95]"
"(105, 110]","(0.8, 0.9]",0.0006947201270345375,105,110,0.8,0.9,"(0.9, 0.95]"
"(105, 110]","(0.9, 1.0]",0.0012901945216355697,105,110,0.9,1.0,"(0.9, 0.95]"
"(105, 110]","(1.0, 1.1]",0.0012901945216355697,105,110,1.0,1.1,"(0.9, 0.95]"
"(105, 110]","(1.1, 1.2]",0.0017864231838030965,105,110,1.1,1.2,"(0.9, 0.95]"
"(105, 110]","(1.4, 1.5]",9.924573243350536e-05,105,110,1.4,1.5,"(0.9, 0.95]"
"(105, 110]","(1.8, 1.9]",9.924573243350536e-05,105,110,1.8,1.9,"(0.9, 0.95]"
"(105, 110]","(2.0, 2.1]",0.0015879317189360857,105,110,2.0,2.1,"(0.9, 0.95]"
"(105, 110]","(2.1, 2.2]",0.001984914648670107,105,110,2.1,2.2,"(0.9, 0.95]"
"(105, 110]","(2.2, 2.3]",9.924573243350536e-05,105,110,2.2,2.3,"(0.9, 0.95]"
"(105, 110]","(2.3, 2.4]",0.00029773719730051605,105,110,2.3,2.4,"(0.9, 0.95]"
"(105, 110]","(2.4, 2.5]",0.0004962286621675268,105,110,2.4,2.5,"(0.9, 0.95]"
"(105, 110]","(2.5, 2.6]",0.0005954743946010321,105,110,2.5,2.6,"(0.9, 0.95]"
"(105, 110]","(2.6, 2.7]",0.0004962286621675268,105,110,2.6,2.7,"(0.9, 0.95]"
"(105, 110]","(2.7, 2.8]",0.001389440254069075,105,110,2.7,2.8,"(0.9, 0.95]"
"(105, 110]","(2.8, 2.9]",0.0031758634378721714,105,110,2.8,2.9,"(0.9, 0.95]"
"(105, 110]","(2.9, 3.0]",0.0005954743946010321,105,110,2.9,3.0,"(0.9, 0.95]"
"(105, 110]","(3.0, 3.1]",9.924573243350536e-05,105,110,3.0,3.1,"(0.9, 0.95]"
"(105, 110]","(3.1, 3.2]",9.924573243350536e-05,105,110,3.1,3.2,"(0.9, 0.95]"
"(110, 115]","(0.2, 0.3]",0.0001984914648670107,110,115,0.2,0.3,"(0.9, 0.95]"
"(110, 115]","(0.3, 0.4]",0.0001984914648670107,110,115,0.3,0.4,"(0.9, 0.95]"
"(110, 115]","(0.5, 0.6]",0.0001984914648670107,110,115,0.5,0.6,"(0.9, 0.95]"
"(110, 115]","(0.7, 0.8]",0.0001984914648670107,110,115,0.7,0.8,"(0.9, 0.95]"
"(110, 115]","(0.8, 0.9]",0.0003969829297340214,110,115,0.8,0.9,"(0.9, 0.95]"
"(110, 115]","(0.9, 1.0]",0.0005954743946010321,110,115,0.9,1.0,"(0.9, 0.95]"
"(110, 115]","(1.0, 1.1]",0.0003969829297340214,110,115,1.0,1.1,"(0.9, 0.95]"
"(110, 115]","(1.1, 1.2]",0.0004962286621675268,110,115,1.1,1.2,"(0.9, 0.95]"
"(110, 115]","(1.2, 1.3]",0.0001984914648670107,110,115,1.2,1.3,"(0.9, 0.95]"
"(110, 115]","(1.3, 1.4]",0.0001984914648670107,110,115,1.3,1.4,"(0.9, 0.95]"
"(110, 115]","(1.4, 1.5]",0.0001984914648670107,110,115,1.4,1.5,"(0.9, 0.95]"
"(110, 115]","(1.5, 1.6]",9.924573243350536e-05,110,115,1.5,1.6,"(0.9, 0.95]"
"(110, 115]","(1.6, 1.7]",0.0001984914648670107,110,115,1.6,1.7,"(0.9, 0.95]"
"(110, 115]","(1.7, 1.8]",0.00029773719730051605,110,115,1.7,1.8,"(0.9, 0.95]"
"(110, 115]","(1.8, 1.9]",9.924573243350536e-05,110,115,1.8,1.9,"(0.9, 0.95]"
"(110, 115]","(1.9, 2.0]",0.0005954743946010321,110,115,1.9,2.0,"(0.9, 0.95]"
"(110, 115]","(2.0, 2.1]",0.0055577610162763,110,115,2.0,2.1,"(0.9, 0.95]"
"(110, 115]","(2.1, 2.2]",0.010321556173084558,110,115,2.1,2.2,"(0.9, 0.95]"
"(110, 115]","(2.2, 2.3]",0.00277888050813815,110,115,2.2,2.3,"(0.9, 0.95]"
"(110, 115]","(2.3, 2.4]",0.0007939658594680428,110,115,2.3,2.4,"(0.9, 0.95]"
"(110, 115]","(2.4, 2.5]",0.001091703056768559,110,115,2.4,2.5,"(0.9, 0.95]"
"(110, 115]","(2.5, 2.6]",0.0004962286621675268,110,115,2.5,2.6,"(0.9, 0.95]"
"(110, 115]","(2.6, 2.7]",0.0004962286621675268,110,115,2.6,2.7,"(0.9, 0.95]"
"(110, 115]","(2.7, 2.8]",0.0006947201270345375,110,115,2.7,2.8,"(0.9, 0.95]"
"(110, 115]","(2.8, 2.9]",0.0014886859865025804,110,115,2.8,2.9,"(0.9, 0.95]"
"(110, 115]","(2.9, 3.0]",0.0001984914648670107,110,115,2.9,3.0,"(0.9, 0.95]"
"(110, 115]","(3.0, 3.1]",9.924573243350536e-05,110,115,3.0,3.1,"(0.9, 0.95]"
"(115, 120]","(0.5, 0.6]",9.924573243350536e-05,115,120,0.5,0.6,"(0.9, 0.95]"
"(115, 120]","(1.1, 1.2]",0.0003969829297340214,115,120,1.1,1.2,"(0.9, 0.95]"
"(115, 120]","(1.2, 1.3]",0.0004962286621675268,115,120,1.2,1.3,"(0.9, 0.95]"
"(115, 120]","(1.3, 1.4]",0.0005954743946010321,115,120,1.3,1.4,"(0.9, 0.95]"
"(115, 120]","(1.4, 1.5]",0.0001984914648670107,115,120,1.4,1.5,"(0.9, 0.95]"
"(115, 120]","(1.5, 1.6]",0.00029773719730051605,115,120,1.5,1.6,"(0.9, 0.95]"
"(115, 120]","(1.6, 1.7]",0.0005954743946010321,115,120,1.6,1.7,"(0.9, 0.95]"
"(115, 120]","(1.7, 1.8]",9.924573243350536e-05,115,120,1.7,1.8,"(0.9, 0.95]"
"(115, 120]","(1.8, 1.9]",0.0003969829297340214,115,120,1.8,1.9,"(0.9, 0.95]"
"(115, 120]","(1.9, 2.0]",0.0007939658594680428,115,120,1.9,2.0,"(0.9, 0.95]"
"(115, 120]","(2.0, 2.1]",0.0055577610162763,115,120,2.0,2.1,"(0.9, 0.95]"
"(115, 120]","(2.1, 2.2]",0.009130607383882492,115,120,2.1,2.2,"(0.9, 0.95]"
"(115, 120]","(2.2, 2.3]",0.0028781262405716554,115,120,2.2,2.3,"(0.9, 0.95]"
"(115, 120]","(2.3, 2.4]",0.0004962286621675268,115,120,2.3,2.4,"(0.9, 0.95]"
"(115, 120]","(2.4, 2.5]",0.0004962286621675268,115,120,2.4,2.5,"(0.9, 0.95]"
"(115, 120]","(2.5, 2.6]",0.00029773719730051605,115,120,2.5,2.6,"(0.9, 0.95]"
"(115, 120]","(2.6, 2.7]",0.00029773719730051605,115,120,2.6,2.7,"(0.9, 0.95]"
"(115, 120]","(2.7, 2.8]",0.0005954743946010321,115,120,2.7,2.8,"(0.9, 0.95]"
"(115, 120]","(2.8, 2.9]",0.0014886859865025804,115,120,2.8,2.9,"(0.9, 0.95]"
"(115, 120]","(2.9, 3.0]",0.001091703056768559,115,120,2.9,3.0,"(0.9, 0.95]"
"(115, 120]","(3.0, 3.1]",9.924573243350536e-05,115,120,3.0,3.1,"(0.9, 0.95]"
"(120, 125]","(0.9, 1.0]",9.924573243350536e-05,120,125,0.9,1.0,"(0.9, 0.95]"
"(120, 125]","(1.1, 1.2]",9.924573243350536e-05,120,125,1.1,1.2,"(0.9, 0.95]"
"(120, 125]","(1.2, 1.3]",0.0006947201270345375,120,125,1.2,1.3,"(0.9, 0.95]"
"(120, 125]","(1.3, 1.4]",0.0001984914648670107,120,125,1.3,1.4,"(0.9, 0.95]"
"(120, 125]","(1.5, 1.6]",0.0001984914648670107,120,125,1.5,1.6,"(0.9, 0.95]"
"(120, 125]","(1.6, 1.7]",0.0003969829297340214,120,125,1.6,1.7,"(0.9, 0.95]"
"(120, 125]","(1.7, 1.8]",0.0001984914648670107,120,125,1.7,1.8,"(0.9, 0.95]"
"(120, 125]","(1.8, 1.9]",0.0005954743946010321,120,125,1.8,1.9,"(0.9, 0.95]"
"(120, 125]","(1.9, 2.0]",0.001091703056768559,120,125,1.9,2.0,"(0.9, 0.95]"
"(120, 125]","(2.0, 2.1]",0.003374354902739182,120,125,2.0,2.1,"(0.9, 0.95]"
"(120, 125]","(2.1, 2.2]",0.002679634775704645,120,125,2.1,2.2,"(0.9, 0.95]"
"(120, 125]","(2.2, 2.3]",0.001091703056768559,120,125,2.2,2.3,"(0.9, 0.95]"
"(120, 125]","(2.3, 2.4]",0.0005954743946010321,120,125,2.3,2.4,"(0.9, 0.95]"
"(120, 125]","(2.4, 2.5]",0.0007939658594680428,120,125,2.4,2.5,"(0.9, 0.95]"
"(120, 125]","(2.5, 2.6]",0.0011909487892020642,120,125,2.5,2.6,"(0.9, 0.95]"
"(120, 125]","(2.6, 2.7]",0.0001984914648670107,120,125,2.6,2.7,"(0.9, 0.95]"
"(120, 125]","(2.7, 2.8]",0.0004962286621675268,120,125,2.7,2.8,"(0.9, 0.95]"
"(120, 125]","(2.8, 2.9]",0.0007939658594680428,120,125,2.8,2.9,"(0.9, 0.95]"
"(120, 125]","(2.9, 3.0]",0.0011909487892020642,120,125,2.9,3.0,"(0.9, 0.95]"
"(120, 125]","(3.0, 3.1]",0.0001984914648670107,120,125,3.0,3.1,"(0.9, 0.95]"
"(120, 125]","(3.1, 3.2]",9.924573243350536e-05,120,125,3.1,3.2,"(0.9, 0.95]"
"(125, 130]","(0.7, 0.8]",9.924573243350536e-05,125,130,0.7,0.8,"(0.9, 0.95]"
"(125, 130]","(1.1, 1.2]",0.0005954743946010321,125,130,1.1,1.2,"(0.9, 0.95]"
"(125, 130]","(1.2, 1.3]",0.0004962286621675268,125,130,1.2,1.3,"(0.9, 0.95]"
"(125, 130]","(1.3, 1.4]",0.00029773719730051605,125,130,1.3,1.4,"(0.9, 0.95]"
"(125, 130]","(1.5, 1.6]",0.0001984914648670107,125,130,1.5,1.6,"(0.9, 0.95]"
"(125, 130]","(1.6, 1.7]",0.00029773719730051605,125,130,1.6,1.7,"(0.9, 0.95]"
"(125, 130]","(1.7, 1.8]",9.924573243350536e-05,125,130,1.7,1.8,"(0.9, 0.95]"
"(125, 130]","(1.8, 1.9]",0.0001984914648670107,125,130,1.8,1.9,"(0.9, 0.95]"
"(125, 130]","(1.9, 2.0]",9.924573243350536e-05,125,130,1.9,2.0,"(0.9, 0.95]"
"(125, 130]","(2.0, 2.1]",0.00406907502977372,125,130,2.0,2.1,"(0.9, 0.95]"
"(125, 130]","(2.1, 2.2]",0.0020841603811036125,125,130,2.1,2.2,"(0.9, 0.95]"
"(125, 130]","(2.2, 2.3]",0.001687177451369591,125,130,2.2,2.3,"(0.9, 0.95]"
"(125, 130]","(2.3, 2.4]",0.0004962286621675268,125,130,2.3,2.4,"(0.9, 0.95]"
"(125, 130]","(2.4, 2.5]",0.0005954743946010321,125,130,2.4,2.5,"(0.9, 0.95]"
"(125, 130]","(2.5, 2.6]",0.00029773719730051605,125,130,2.5,2.6,"(0.9, 0.95]"
"(125, 130]","(2.6, 2.7]",9.924573243350536e-05,125,130,2.6,2.7,"(0.9, 0.95]"
"(125, 130]","(2.8, 2.9]",9.924573243350536e-05,125,130,2.8,2.9,"(0.9, 0.95]"
"(130, 135]","(1.0, 1.1]",0.00029773719730051605,130,135,1.0,1.1,"(0.9, 0.95]"
"(130, 135]","(1.1, 1.2]",9.924573243350536e-05,130,135,1.1,1.2,"(0.9, 0.95]"
"(130, 135]","(1.2, 1.3]",0.0001984914648670107,130,135,1.2,1.3,"(0.9, 0.95]"
"(130, 135]","(1.3, 1.4]",0.00029773719730051605,130,135,1.3,1.4,"(0.9, 0.95]"
"(130, 135]","(1.4, 1.5]",0.0001984914648670107,130,135,1.4,1.5,"(0.9, 0.95]"
"(130, 135]","(1.5, 1.6]",9.924573243350536e-05,130,135,1.5,1.6,"(0.9, 0.95]"
"(130, 135]","(1.6, 1.7]",9.924573243350536e-05,130,135,1.6,1.7,"(0.9, 0.95]"
"(130, 135]","(1.7, 1.8]",9.924573243350536e-05,130,135,1.7,1.8,"(0.9, 0.95]"
"(130, 135]","(1.9, 2.0]",0.00029773719730051605,130,135,1.9,2.0,"(0.9, 0.95]"
"(130, 135]","(2.0, 2.1]",0.002679634775704645,130,135,2.0,2.1,"(0.9, 0.95]"
"(130, 135]","(2.1, 2.2]",0.0009924573243350536,130,135,2.1,2.2,"(0.9, 0.95]"
"(130, 135]","(2.2, 2.3]",0.0014886859865025804,130,135,2.2,2.3,"(0.9, 0.95]"
"(130, 135]","(2.3, 2.4]",0.0001984914648670107,130,135,2.3,2.4,"(0.9, 0.95]"
"(130, 135]","(2.4, 2.5]",0.00029773719730051605,130,135,2.4,2.5,"(0.9, 0.95]"
"(130, 135]","(2.5, 2.6]",9.924573243350536e-05,130,135,2.5,2.6,"(0.9, 0.95]"
"(130, 135]","(2.6, 2.7]",9.924573243350536e-05,130,135,2.6,2.7,"(0.9, 0.95]"
"(130, 135]","(2.7, 2.8]",0.00029773719730051605,130,135,2.7,2.8,"(0.9, 0.95]"
"(130, 135]","(3.1, 3.2]",9.924573243350536e-05,130,135,3.1,3.2,"(0.9, 0.95]"
"(135, 140]","(1.3, 1.4]",0.0003969829297340214,135,140,1.3,1.4,"(0.9, 0.95]"
"(135, 140]","(1.4, 1.5]",0.0001984914648670107,135,140,1.4,1.5,"(0.9, 0.95]"
"(135, 140]","(1.6, 1.7]",0.0001984914648670107,135,140,1.6,1.7,"(0.9, 0.95]"
"(135, 140]","(1.9, 2.0]",9.924573243350536e-05,135,140,1.9,2.0,"(0.9, 0.95]"
"(135, 140]","(2.0, 2.1]",0.0006947201270345375,135,140,2.0,2.1,"(0.9, 0.95]"
"(135, 140]","(2.1, 2.2]",0.00029773719730051605,135,140,2.1,2.2,"(0.9, 0.95]"
"(135, 140]","(2.2, 2.3]",0.0004962286621675268,135,140,2.2,2.3,"(0.9, 0.95]"
"(135, 140]","(2.4, 2.5]",9.924573243350536e-05,135,140,2.4,2.5,"(0.9, 0.95]"
"(135, 140]","(2.5, 2.6]",0.0003969829297340214,135,140,2.5,2.6,"(0.9, 0.95]"
"(135, 140]","(2.9, 3.0]",0.0003969829297340214,135,140,2.9,3.0,"(0.9, 0.95]"
"(135, 140]","(3.0, 3.1]",9.924573243350536e-05,135,140,3.0,3.1,"(0.9, 0.95]"
"(140, 145]","(1.3, 1.4]",0.0001984914648670107,140,145,1.3,1.4,"(0.9, 0.95]"
"(140, 145]","(1.4, 1.5]",0.0001984914648670107,140,145,1.4,1.5,"(0.9, 0.95]"
"(140, 145]","(1.5, 1.6]",0.0001984914648670107,140,145,1.5,1.6,"(0.9, 0.95]"
"(140, 145]","(1.7, 1.8]",0.0001984914648670107,140,145,1.7,1.8,"(0.9, 0.95]"
"(140, 145]","(1.8, 1.9]",9.924573243350536e-05,140,145,1.8,1.9,"(0.9, 0.95]"
"(140, 145]","(1.9, 2.0]",0.00029773719730051605,140,145,1.9,2.0,"(0.9, 0.95]"
"(140, 145]","(2.1, 2.2]",0.00029773719730051605,140,145,2.1,2.2,"(0.9, 0.95]"
"(140, 145]","(2.2, 2.3]",0.0001984914648670107,140,145,2.2,2.3,"(0.9, 0.95]"
"(140, 145]","(2.3, 2.4]",0.00029773719730051605,140,145,2.3,2.4,"(0.9, 0.95]"
"(140, 145]","(2.4, 2.5]",9.924573243350536e-05,140,145,2.4,2.5,"(0.9, 0.95]"
"(140, 145]","(2.5, 2.6]",0.0001984914648670107,140,145,2.5,2.6,"(0.9, 0.95]"
"(140, 145]","(2.6, 2.7]",9.924573243350536e-05,140,145,2.6,2.7,"(0.9, 0.95]"
"(140, 145]","(2.7, 2.8]",9.924573243350536e-05,140,145,2.7,2.8,"(0.9, 0.95]"
"(140, 145]","(2.8, 2.9]",9.924573243350536e-05,140,145,2.8,2.9,"(0.9, 0.95]"
"(140, 145]","(2.9, 3.0]",9.924573243350536e-05,140,145,2.9,3.0,"(0.9, 0.95]"
"(140, 145]","(3.0, 3.1]",9.924573243350536e-05,140,145,3.0,3.1,"(0.9, 0.95]"
"(145, 150]","(0.1, 0.2]",9.924573243350536e-05,145,150,0.1,0.2,"(0.9, 0.95]"
"(145, 150]","(1.5, 1.6]",9.924573243350536e-05,145,150,1.5,1.6,"(0.9, 0.95]"
"(145, 150]","(1.7, 1.8]",0.0001984914648670107,145,150,1.7,1.8,"(0.9, 0.95]"
"(145, 150]","(2.2, 2.3]",0.00029773719730051605,145,150,2.2,2.3,"(0.9, 0.95]"
"(145, 150]","(2.3, 2.4]",0.00029773719730051605,145,150,2.3,2.4,"(0.9, 0.95]"
"(145, 150]","(2.4, 2.5]",0.0006947201270345375,145,150,2.4,2.5,"(0.9, 0.95]"
"(145, 150]","(2.8, 2.9]",9.924573243350536e-05,145,150,2.8,2.9,"(0.9, 0.95]"
"(145, 150]","(2.9, 3.0]",9.924573243350536e-05,145,150,2.9,3.0,"(0.9, 0.95]"
"(150, 155]","(-0.4, -0.3]",9.924573243350536e-05,150,155,-0.4,-0.3,"(0.9, 0.95]"
"(150, 155]","(0.1, 0.2]",9.924573243350536e-05,150,155,0.1,0.2,"(0.9, 0.95]"
"(150, 155]","(1.1, 1.2]",9.924573243350536e-05,150,155,1.1,1.2,"(0.9, 0.95]"
"(150, 155]","(2.0, 2.1]",0.0001984914648670107,150,155,2.0,2.1,"(0.9, 0.95]"
"(150, 155]","(2.1, 2.2]",0.0006947201270345375,150,155,2.1,2.2,"(0.9, 0.95]"
"(150, 155]","(2.2, 2.3]",0.0001984914648670107,150,155,2.2,2.3,"(0.9, 0.95]"
"(150, 155]","(2.3, 2.4]",9.924573243350536e-05,150,155,2.3,2.4,"(0.9, 0.95]"
"(150, 155]","(2.4, 2.5]",0.0003969829297340214,150,155,2.4,2.5,"(0.9, 0.95]"
"(150, 155]","(2.6, 2.7]",0.0001984914648670107,150,155,2.6,2.7,"(0.9, 0.95]"
"(150, 155]","(2.7, 2.8]",0.0001984914648670107,150,155,2.7,2.8,"(0.9, 0.95]"
"(150, 155]","(2.8, 2.9]",9.924573243350536e-05,150,155,2.8,2.9,"(0.9, 0.95]"
"(150, 155]","(2.9, 3.0]",9.924573243350536e-05,150,155,2.9,3.0,"(0.9, 0.95]"
"(155, 160]","(-0.6, -0.5]",9.924573243350536e-05,155,160,-0.6,-0.5,"(0.9, 0.95]"
"(155, 160]","(0.1, 0.2]",0.0004962286621675268,155,160,0.1,0.2,"(0.9, 0.95]"
"(155, 160]","(1.2, 1.3]",9.924573243350536e-05,155,160,1.2,1.3,"(0.9, 0.95]"
"(155, 160]","(1.5, 1.6]",9.924573243350536e-05,155,160,1.5,1.6,"(0.9, 0.95]"
"(155, 160]","(1.6, 1.7]",0.0001984914648670107,155,160,1.6,1.7,"(0.9, 0.95]"
"(155, 160]","(1.8, 1.9]",9.924573243350536e-05,155,160,1.8,1.9,"(0.9, 0.95]"
"(155, 160]","(2.0, 2.1]",9.924573243350536e-05,155,160,2.0,2.1,"(0.9, 0.95]"
"(155, 160]","(2.1, 2.2]",0.0015879317189360857,155,160,2.1,2.2,"(0.9, 0.95]"
"(155, 160]","(2.2, 2.3]",0.0004962286621675268,155,160,2.2,2.3,"(0.9, 0.95]"
"(155, 160]","(2.3, 2.4]",9.924573243350536e-05,155,160,2.3,2.4,"(0.9, 0.95]"
"(155, 160]","(2.4, 2.5]",9.924573243350536e-05,155,160,2.4,2.5,"(0.9, 0.95]"
"(155, 160]","(2.6, 2.7]",9.924573243350536e-05,155,160,2.6,2.7,"(0.9, 0.95]"
"(155, 160]","(2.7, 2.8]",9.924573243350536e-05,155,160,2.7,2.8,"(0.9, 0.95]"
"(155, 160]","(3.0, 3.1]",9.924573243350536e-05,155,160,3.0,3.1,"(0.9, 0.95]"
"(160, 165]","(0.0, 0.1]",9.924573243350536e-05,160,165,0.0,0.1,"(0.9, 0.95]"
"(160, 165]","(0.1, 0.2]",9.924573243350536e-05,160,165,0.1,0.2,"(0.9, 0.95]"
"(160, 165]","(0.9, 1.0]",9.924573243350536e-05,160,165,0.9,1.0,"(0.9, 0.95]"
"(160, 165]","(1.2, 1.3]",9.924573243350536e-05,160,165,1.2,1.3,"(0.9, 0.95]"
"(160, 165]","(1.3, 1.4]",9.924573243350536e-05,160,165,1.3,1.4,"(0.9, 0.95]"
"(160, 165]","(1.5, 1.6]",0.0001984914648670107,160,165,1.5,1.6,"(0.9, 0.95]"
"(160, 165]","(1.6, 1.7]",9.924573243350536e-05,160,165,1.6,1.7,"(0.9, 0.95]"
"(160, 165]","(1.9, 2.0]",9.924573243350536e-05,160,165,1.9,2.0,"(0.9, 0.95]"
"(160, 165]","(2.0, 2.1]",0.0003969829297340214,160,165,2.0,2.1,"(0.9, 0.95]"
"(160, 165]","(2.1, 2.2]",0.0011909487892020642,160,165,2.1,2.2,"(0.9, 0.95]"
"(160, 165]","(2.2, 2.3]",0.0004962286621675268,160,165,2.2,2.3,"(0.9, 0.95]"
"(160, 165]","(2.3, 2.4]",9.924573243350536e-05,160,165,2.3,2.4,"(0.9, 0.95]"
"(160, 165]","(2.4, 2.5]",9.924573243350536e-05,160,165,2.4,2.5,"(0.9, 0.95]"
"(160, 165]","(2.6, 2.7]",9.924573243350536e-05,160,165,2.6,2.7,"(0.9, 0.95]"
"(160, 165]","(2.7, 2.8]",9.924573243350536e-05,160,165,2.7,2.8,"(0.9, 0.95]"
"(160, 165]","(3.0, 3.1]",9.924573243350536e-05,160,165,3.0,3.1,"(0.9, 0.95]"
"(165, 170]","(0.1, 0.2]",9.924573243350536e-05,165,170,0.1,0.2,"(0.9, 0.95]"
"(165, 170]","(0.3, 0.4]",9.924573243350536e-05,165,170,0.3,0.4,"(0.9, 0.95]"
"(165, 170]","(0.4, 0.5]",0.0003969829297340214,165,170,0.4,0.5,"(0.9, 0.95]"
"(165, 170]","(1.1, 1.2]",0.00029773719730051605,165,170,1.1,1.2,"(0.9, 0.95]"
"(165, 170]","(1.2, 1.3]",9.924573243350536e-05,165,170,1.2,1.3,"(0.9, 0.95]"
"(165, 170]","(2.0, 2.1]",9.924573243350536e-05,165,170,2.0,2.1,"(0.9, 0.95]"
"(165, 170]","(2.1, 2.2]",0.0003969829297340214,165,170,2.1,2.2,"(0.9, 0.95]"
"(165, 170]","(2.3, 2.4]",9.924573243350536e-05,165,170,2.3,2.4,"(0.9, 0.95]"
"(165, 170]","(3.0, 3.1]",9.924573243350536e-05,165,170,3.0,3.1,"(0.9, 0.95]"
"(170, 175]","(0.2, 0.3]",9.924573243350536e-05,170,175,0.2,0.3,"(0.9, 0.95]"
"(170, 175]","(0.3, 0.4]",0.0001984914648670107,170,175,0.3,0.4,"(0.9, 0.95]"
"(170, 175]","(0.4, 0.5]",0.0012901945216355697,170,175,0.4,0.5,"(0.9, 0.95]"
"(170, 175]","(0.5, 0.6]",0.0001984914648670107,170,175,0.5,0.6,"(0.9, 0.95]"
"(170, 175]","(0.7, 0.8]",9.924573243350536e-05,170,175,0.7,0.8,"(0.9, 0.95]"
"(170, 175]","(0.9, 1.0]",9.924573243350536e-05,170,175,0.9,1.0,"(0.9, 0.95]"
"(170, 175]","(1.6, 1.7]",9.924573243350536e-05,170,175,1.6,1.7,"(0.9, 0.95]"
"(170, 175]","(2.2, 2.3]",9.924573243350536e-05,170,175,2.2,2.3,"(0.9, 0.95]"
"(170, 175]","(2.5, 2.6]",0.0001984914648670107,170,175,2.5,2.6,"(0.9, 0.95]"
"(175, 180]","(0.3, 0.4]",9.924573243350536e-05,175,180,0.3,0.4,"(0.9, 0.95]"
"(175, 180]","(0.4, 0.5]",0.0007939658594680428,175,180,0.4,0.5,"(0.9, 0.95]"
"(175, 180]","(1.0, 1.1]",9.924573243350536e-05,175,180,1.0,1.1,"(0.9, 0.95]"
"(175, 180]","(1.1, 1.2]",0.0001984914648670107,175,180,1.1,1.2,"(0.9, 0.95]"
"(175, 180]","(2.5, 2.6]",9.924573243350536e-05,175,180,2.5,2.6,"(0.9, 0.95]"
"(175, 180]","(2.7, 2.8]",9.924573243350536e-05,175,180,2.7,2.8,"(0.9, 0.95]"
"(175, 180]","(3.1, 3.2]",9.924573243350536e-05,175,180,3.1,3.2,"(0.9, 0.95]"
"(180, 185]","(0.4, 0.5]",0.0001984914648670107,180,185,0.4,0.5,"(0.9, 0.95]"
"(180, 185]","(1.0, 1.1]",9.924573243350536e-05,180,185,1.0,1.1,"(0.9, 0.95]"
"(180, 185]","(1.1, 1.2]",0.0001984914648670107,180,185,1.1,1.2,"(0.9, 0.95]"
"(180, 185]","(1.2, 1.3]",0.0001984914648670107,180,185,1.2,1.3,"(0.9, 0.95]"
"(180, 185]","(1.8, 1.9]",9.924573243350536e-05,180,185,1.8,1.9,"(0.9, 0.95]"
"(180, 185]","(2.0, 2.1]",0.0004962286621675268,180,185,2.0,2.1,"(0.9, 0.95]"
"(180, 185]","(2.2, 2.3]",9.924573243350536e-05,180,185,2.2,2.3,"(0.9, 0.95]"
"(185, 190]","(1.2, 1.3]",9.924573243350536e-05,185,190,1.2,1.3,"(0.9, 0.95]"
"(185, 190]","(1.4, 1.5]",9.924573243350536e-05,185,190,1.4,1.5,"(0.9, 0.95]"
"(185, 190]","(2.0, 2.1]",0.001389440254069075,185,190,2.0,2.1,"(0.9, 0.95]"
"(185, 190]","(2.1, 2.2]",9.924573243350536e-05,185,190,2.1,2.2,"(0.9, 0.95]"
"(185, 190]","(2.2, 2.3]",0.0001984914648670107,185,190,2.2,2.3,"(0.9, 0.95]"
"(185, 190]","(2.3, 2.4]",9.924573243350536e-05,185,190,2.3,2.4,"(0.9, 0.95]"
"(185, 190]","(2.4, 2.5]",0.0001984914648670107,185,190,2.4,2.5,"(0.9, 0.95]"
"(185, 190]","(2.8, 2.9]",9.924573243350536e-05,185,190,2.8,2.9,"(0.9, 0.95]"
"(190, 195]","(1.5, 1.6]",0.0001984914648670107,190,195,1.5,1.6,"(0.9, 0.95]"
"(190, 195]","(1.6, 1.7]",9.924573243350536e-05,190,195,1.6,1.7,"(0.9, 0.95]"
"(190, 195]","(2.0, 2.1]",0.0001984914648670107,190,195,2.0,2.1,"(0.9, 0.95]"
"(190, 195]","(2.1, 2.2]",0.0001984914648670107,190,195,2.1,2.2,"(0.9, 0.95]"
"(190, 195]","(2.3, 2.4]",0.0001984914648670107,190,195,2.3,2.4,"(0.9, 0.95]"
"(190, 195]","(2.8, 2.9]",0.0001984914648670107,190,195,2.8,2.9,"(0.9, 0.95]"
"(195, 200]","(1.2, 1.3]",0.0001984914648670107,195,200,1.2,1.3,"(0.9, 0.95]"
"(195, 200]","(2.2, 2.3]",9.924573243350536e-05,195,200,2.2,2.3,"(0.9, 0.95]"
"(195, 200]","(2.3, 2.4]",9.924573243350536e-05,195,200,2.3,2.4,"(0.9, 0.95]"
"(195, 200]","(2.8, 2.9]",0.0001984914648670107,195,200,2.8,2.9,"(0.9, 0.95]"
"(200, 205]","(2.1, 2.2]",9.924573243350536e-05,200,205,2.1,2.2,"(0.9, 0.95]"
"(200, 205]","(2.3, 2.4]",0.0001984914648670107,200,205,2.3,2.4,"(0.9, 0.95]"
"(200, 205]","(2.6, 2.7]",9.924573243350536e-05,200,205,2.6,2.7,"(0.9, 0.95]"
"(205, 210]","(1.2, 1.3]",9.924573243350536e-05,205,210,1.2,1.3,"(0.9, 0.95]"
"(205, 210]","(2.1, 2.2]",0.0003969829297340214,205,210,2.1,2.2,"(0.9, 0.95]"
"(205, 210]","(2.5, 2.6]",9.924573243350536e-05,205,210,2.5,2.6,"(0.9, 0.95]"
"(205, 210]","(2.7, 2.8]",9.924573243350536e-05,205,210,2.7,2.8,"(0.9, 0.95]"
"(205, 210]","(2.8, 2.9]",9.924573243350536e-05,205,210,2.8,2.9,"(0.9, 0.95]"
"(210, 215]","(1.9, 2.0]",9.924573243350536e-05,210,215,1.9,2.0,"(0.9, 0.95]"
"(210, 215]","(2.0, 2.1]",9.924573243350536e-05,210,215,2.0,2.1,"(0.9, 0.95]"
"(210, 215]","(2.1, 2.2]",0.0001984914648670107,210,215,2.1,2.2,"(0.9, 0.95]"
"(215, 220]","(1.4, 1.5]",9.924573243350536e-05,215,220,1.4,1.5,"(0.9, 0.95]"
"(215, 220]","(1.6, 1.7]",9.924573243350536e-05,215,220,1.6,1.7,"(0.9, 0.95]"
"(215, 220]","(2.3, 2.4]",9.924573243350536e-05,215,220,2.3,2.4,"(0.9, 0.95]"
"(220, 225]","(2.9, 3.0]",9.924573243350536e-05,220,225,2.9,3.0,"(0.9, 0.95]"
"(225, 230]","(1.7, 1.8]",9.924573243350536e-05,225,230,1.7,1.8,"(0.9, 0.95]"
"(230, 235]","(2.5, 2.6]",9.924573243350536e-05,230,235,2.5,2.6,"(0.9, 0.95]"
"(240, 245]","(2.4, 2.5]",9.924573243350536e-05,240,245,2.4,2.5,"(0.9, 0.95]"
"(260, 265]","(2.3, 2.4]",9.924573243350536e-05,260,265,2.3,2.4,"(0.9, 0.95]"
"(260, 265]","(2.6, 2.7]",9.924573243350536e-05,260,265,2.6,2.7,"(0.9, 0.95]"
"(280, 285]","(2.7, 2.8]",9.924573243350536e-05,280,285,2.7,2.8,"(0.9, 0.95]"
"(285, 290]","(1.4, 1.5]",9.924573243350536e-05,285,290,1.4,1.5,"(0.9, 0.95]"
"(290, 295]","(2.2, 2.3]",9.924573243350536e-05,290,295,2.2,2.3,"(0.9, 0.95]"
"(50, 55]","(-3.1, -3.0]",0.0003534817956875221,50,55,-3.1,-3.0,"(0.95, 1.0]"
"(55, 60]","(-3.1, -3.0]",0.0003534817956875221,55,60,-3.1,-3.0,"(0.95, 1.0]"
"(55, 60]","(-2.8, -2.7]",0.0003534817956875221,55,60,-2.8,-2.7,"(0.95, 1.0]"
"(55, 60]","(-2.5, -2.4]",0.0003534817956875221,55,60,-2.5,-2.4,"(0.95, 1.0]"
"(60, 65]","(-2.9, -2.8]",0.0003534817956875221,60,65,-2.9,-2.8,"(0.95, 1.0]"
"(60, 65]","(-2.8, -2.7]",0.0003534817956875221,60,65,-2.8,-2.7,"(0.95, 1.0]"
"(60, 65]","(-2.7, -2.6]",0.0007069635913750442,60,65,-2.7,-2.6,"(0.95, 1.0]"
"(60, 65]","(-2.6, -2.5]",0.0017674089784376105,60,65,-2.6,-2.5,"(0.95, 1.0]"
"(60, 65]","(-2.5, -2.4]",0.0003534817956875221,60,65,-2.5,-2.4,"(0.95, 1.0]"
"(60, 65]","(-2.0, -1.9]",0.0003534817956875221,60,65,-2.0,-1.9,"(0.95, 1.0]"
"(65, 70]","(-2.1, -2.0]",0.0003534817956875221,65,70,-2.1,-2.0,"(0.95, 1.0]"
"(65, 70]","(-2.0, -1.9]",0.0003534817956875221,65,70,-2.0,-1.9,"(0.95, 1.0]"
"(65, 70]","(-1.9, -1.8]",0.0010604453870625664,65,70,-1.9,-1.8,"(0.95, 1.0]"
"(65, 70]","(-1.8, -1.7]",0.0003534817956875221,65,70,-1.8,-1.7,"(0.95, 1.0]"
"(65, 70]","(-1.7, -1.6]",0.0007069635913750442,65,70,-1.7,-1.6,"(0.95, 1.0]"
"(70, 75]","(-2.4, -2.3]",0.0003534817956875221,70,75,-2.4,-2.3,"(0.95, 1.0]"
"(70, 75]","(-1.9, -1.8]",0.0007069635913750442,70,75,-1.9,-1.8,"(0.95, 1.0]"
"(70, 75]","(-1.8, -1.7]",0.00989749027925062,70,75,-1.8,-1.7,"(0.95, 1.0]"
"(70, 75]","(-1.7, -1.6]",0.01166489925768823,70,75,-1.7,-1.6,"(0.95, 1.0]"
"(70, 75]","(-1.6, -1.5]",0.006009190526687876,70,75,-1.6,-1.5,"(0.95, 1.0]"
"(75, 80]","(-1.7, -1.6]",0.0003534817956875221,75,80,-1.7,-1.6,"(0.95, 1.0]"
"(75, 80]","(-1.6, -1.5]",0.0007069635913750442,75,80,-1.6,-1.5,"(0.95, 1.0]"
"(75, 80]","(-1.2, -1.1]",0.0007069635913750442,75,80,-1.2,-1.1,"(0.95, 1.0]"
"(75, 80]","(-1.1, -1.0]",0.0003534817956875221,75,80,-1.1,-1.0,"(0.95, 1.0]"
"(75, 80]","(-0.9, -0.8]",0.0010604453870625664,75,80,-0.9,-0.8,"(0.95, 1.0]"
"(75, 80]","(-0.8, -0.7]",0.0007069635913750442,75,80,-0.8,-0.7,"(0.95, 1.0]"
"(75, 80]","(-0.6, -0.5]",0.0007069635913750442,75,80,-0.6,-0.5,"(0.95, 1.0]"
"(75, 80]","(-0.5, -0.4]",0.0010604453870625664,75,80,-0.5,-0.4,"(0.95, 1.0]"
"(75, 80]","(-0.4, -0.3]",0.0003534817956875221,75,80,-0.4,-0.3,"(0.95, 1.0]"
"(80, 85]","(-1.0, -0.9]",0.0003534817956875221,80,85,-1.0,-0.9,"(0.95, 1.0]"
"(80, 85]","(-0.7, -0.6]",0.0010604453870625664,80,85,-0.7,-0.6,"(0.95, 1.0]"
"(80, 85]","(-0.6, -0.5]",0.003534817956875221,80,85,-0.6,-0.5,"(0.95, 1.0]"
"(80, 85]","(-0.5, -0.4]",0.005302226935312832,80,85,-0.5,-0.4,"(0.95, 1.0]"
"(80, 85]","(-0.4, -0.3]",0.003534817956875221,80,85,-0.4,-0.3,"(0.95, 1.0]"
"(80, 85]","(-0.3, -0.2]",0.004595263343937788,80,85,-0.3,-0.2,"(0.95, 1.0]"
"(80, 85]","(-0.2, -0.1]",0.00494874513962531,80,85,-0.2,-0.1,"(0.95, 1.0]"
"(80, 85]","(-0.1, 0.0]",0.008483563096500531,80,85,-0.1,0.0,"(0.95, 1.0]"
"(80, 85]","(0.0, 0.1]",0.024390243902439025,80,85,0.0,0.1,"(0.95, 1.0]"
"(80, 85]","(0.1, 0.2]",0.051961823966065745,80,85,0.1,0.2,"(0.95, 1.0]"
"(80, 85]","(0.2, 0.3]",0.002474372569812655,80,85,0.2,0.3,"(0.95, 1.0]"
"(80, 85]","(0.3, 0.4]",0.0003534817956875221,80,85,0.3,0.4,"(0.95, 1.0]"
"(80, 85]","(0.4, 0.5]",0.0003534817956875221,80,85,0.4,0.5,"(0.95, 1.0]"
"(85, 90]","(-0.6, -0.5]",0.0003534817956875221,85,90,-0.6,-0.5,"(0.95, 1.0]"
"(85, 90]","(-0.3, -0.2]",0.0014139271827500884,85,90,-0.3,-0.2,"(0.95, 1.0]"
"(85, 90]","(-0.2, -0.1]",0.002474372569812655,85,90,-0.2,-0.1,"(0.95, 1.0]"
"(85, 90]","(-0.1, 0.0]",0.010604453870625663,85,90,-0.1,0.0,"(0.95, 1.0]"
"(85, 90]","(0.0, 0.1]",0.05514316012725345,85,90,0.0,0.1,"(0.95, 1.0]"
"(85, 90]","(0.1, 0.2]",0.3556026864616472,85,90,0.1,0.2,"(0.95, 1.0]"
"(85, 90]","(0.2, 0.3]",0.01661364439731354,85,90,0.2,0.3,"(0.95, 1.0]"
"(85, 90]","(0.3, 0.4]",0.0021208907741251328,85,90,0.3,0.4,"(0.95, 1.0]"
"(85, 90]","(0.4, 0.5]",0.003181336161187699,85,90,0.4,0.5,"(0.95, 1.0]"
"(85, 90]","(0.5, 0.6]",0.008483563096500531,85,90,0.5,0.6,"(0.95, 1.0]"
"(85, 90]","(0.6, 0.7]",0.008130081300813009,85,90,0.6,0.7,"(0.95, 1.0]"
"(85, 90]","(0.7, 0.8]",0.003181336161187699,85,90,0.7,0.8,"(0.95, 1.0]"
"(85, 90]","(0.8, 0.9]",0.002474372569812655,85,90,0.8,0.9,"(0.95, 1.0]"
"(85, 90]","(0.9, 1.0]",0.0007069635913750442,85,90,0.9,1.0,"(0.95, 1.0]"
"(90, 95]","(-0.1, 0.0]",0.0007069635913750442,90,95,-0.1,0.0,"(0.95, 1.0]"
"(90, 95]","(0.0, 0.1]",0.007423117709437964,90,95,0.0,0.1,"(0.95, 1.0]"
"(90, 95]","(0.1, 0.2]",0.04878048780487805,90,95,0.1,0.2,"(0.95, 1.0]"
"(90, 95]","(0.2, 0.3]",0.0017674089784376105,90,95,0.2,0.3,"(0.95, 1.0]"
"(90, 95]","(0.3, 0.4]",0.0010604453870625664,90,95,0.3,0.4,"(0.95, 1.0]"
"(90, 95]","(0.4, 0.5]",0.0010604453870625664,90,95,0.4,0.5,"(0.95, 1.0]"
"(90, 95]","(0.5, 0.6]",0.003888299752562743,90,95,0.5,0.6,"(0.95, 1.0]"
"(90, 95]","(0.6, 0.7]",0.008837044892188053,90,95,0.6,0.7,"(0.95, 1.0]"
"(90, 95]","(0.7, 0.8]",0.003888299752562743,90,95,0.7,0.8,"(0.95, 1.0]"
"(90, 95]","(0.8, 0.9]",0.01166489925768823,90,95,0.8,0.9,"(0.95, 1.0]"
"(90, 95]","(0.9, 1.0]",0.008837044892188053,90,95,0.9,1.0,"(0.95, 1.0]"
"(90, 95]","(1.0, 1.1]",0.005302226935312832,90,95,1.0,1.1,"(0.95, 1.0]"
"(90, 95]","(1.1, 1.2]",0.003534817956875221,90,95,1.1,1.2,"(0.95, 1.0]"
"(90, 95]","(1.2, 1.3]",0.0007069635913750442,90,95,1.2,1.3,"(0.95, 1.0]"
"(90, 95]","(1.3, 1.4]",0.0021208907741251328,90,95,1.3,1.4,"(0.95, 1.0]"
"(90, 95]","(1.4, 1.5]",0.0014139271827500884,90,95,1.4,1.5,"(0.95, 1.0]"
"(90, 95]","(1.6, 1.7]",0.0003534817956875221,90,95,1.6,1.7,"(0.95, 1.0]"
"(90, 95]","(1.7, 1.8]",0.0003534817956875221,90,95,1.7,1.8,"(0.95, 1.0]"
"(90, 95]","(1.8, 1.9]",0.0007069635913750442,90,95,1.8,1.9,"(0.95, 1.0]"
"(90, 95]","(1.9, 2.0]",0.0003534817956875221,90,95,1.9,2.0,"(0.95, 1.0]"
"(90, 95]","(2.0, 2.1]",0.0021208907741251328,90,95,2.0,2.1,"(0.95, 1.0]"
"(90, 95]","(2.2, 2.3]",0.0003534817956875221,90,95,2.2,2.3,"(0.95, 1.0]"
"(95, 100]","(0.0, 0.1]",0.0007069635913750442,95,100,0.0,0.1,"(0.95, 1.0]"
"(95, 100]","(0.1, 0.2]",0.003181336161187699,95,100,0.1,0.2,"(0.95, 1.0]"
"(95, 100]","(0.6, 0.7]",0.0014139271827500884,95,100,0.6,0.7,"(0.95, 1.0]"
"(95, 100]","(0.8, 0.9]",0.003181336161187699,95,100,0.8,0.9,"(0.95, 1.0]"
"(95, 100]","(0.9, 1.0]",0.0003534817956875221,95,100,0.9,1.0,"(0.95, 1.0]"
"(95, 100]","(1.0, 1.1]",0.003181336161187699,95,100,1.0,1.1,"(0.95, 1.0]"
"(95, 100]","(1.1, 1.2]",0.008837044892188053,95,100,1.1,1.2,"(0.95, 1.0]"
"(95, 100]","(1.2, 1.3]",0.005655708731000354,95,100,1.2,1.3,"(0.95, 1.0]"
"(95, 100]","(1.3, 1.4]",0.002827854365500177,95,100,1.3,1.4,"(0.95, 1.0]"
"(95, 100]","(1.4, 1.5]",0.0017674089784376105,95,100,1.4,1.5,"(0.95, 1.0]"
"(95, 100]","(1.5, 1.6]",0.0003534817956875221,95,100,1.5,1.6,"(0.95, 1.0]"
"(95, 100]","(1.6, 1.7]",0.0010604453870625664,95,100,1.6,1.7,"(0.95, 1.0]"
"(95, 100]","(1.7, 1.8]",0.0007069635913750442,95,100,1.7,1.8,"(0.95, 1.0]"
"(95, 100]","(1.8, 1.9]",0.002827854365500177,95,100,1.8,1.9,"(0.95, 1.0]"
"(95, 100]","(1.9, 2.0]",0.003888299752562743,95,100,1.9,2.0,"(0.95, 1.0]"
"(95, 100]","(2.0, 2.1]",0.08660303994344291,95,100,2.0,2.1,"(0.95, 1.0]"
"(95, 100]","(2.1, 2.2]",0.0021208907741251328,95,100,2.1,2.2,"(0.95, 1.0]"
"(95, 100]","(2.2, 2.3]",0.006362672322375398,95,100,2.2,2.3,"(0.95, 1.0]"
"(95, 100]","(2.3, 2.4]",0.0007069635913750442,95,100,2.3,2.4,"(0.95, 1.0]"
"(95, 100]","(2.4, 2.5]",0.0003534817956875221,95,100,2.4,2.5,"(0.95, 1.0]"
"(95, 100]","(2.5, 2.6]",0.0010604453870625664,95,100,2.5,2.6,"(0.95, 1.0]"
"(95, 100]","(2.6, 2.7]",0.0007069635913750442,95,100,2.6,2.7,"(0.95, 1.0]"
"(100, 105]","(0.4, 0.5]",0.0003534817956875221,100,105,0.4,0.5,"(0.95, 1.0]"
"(100, 105]","(0.5, 0.6]",0.0003534817956875221,100,105,0.5,0.6,"(0.95, 1.0]"
"(100, 105]","(0.6, 0.7]",0.0003534817956875221,100,105,0.6,0.7,"(0.95, 1.0]"
"(100, 105]","(0.8, 0.9]",0.0014139271827500884,100,105,0.8,0.9,"(0.95, 1.0]"
"(100, 105]","(0.9, 1.0]",0.0007069635913750442,100,105,0.9,1.0,"(0.95, 1.0]"
"(100, 105]","(1.0, 1.1]",0.0007069635913750442,100,105,1.0,1.1,"(0.95, 1.0]"
"(100, 105]","(1.1, 1.2]",0.002827854365500177,100,105,1.1,1.2,"(0.95, 1.0]"
"(100, 105]","(1.2, 1.3]",0.0003534817956875221,100,105,1.2,1.3,"(0.95, 1.0]"
"(100, 105]","(1.3, 1.4]",0.0003534817956875221,100,105,1.3,1.4,"(0.95, 1.0]"
"(100, 105]","(1.5, 1.6]",0.0003534817956875221,100,105,1.5,1.6,"(0.95, 1.0]"
"(100, 105]","(1.8, 1.9]",0.0003534817956875221,100,105,1.8,1.9,"(0.95, 1.0]"
"(100, 105]","(2.0, 2.1]",0.026157652880876636,100,105,2.0,2.1,"(0.95, 1.0]"
"(100, 105]","(2.1, 2.2]",0.0007069635913750442,100,105,2.1,2.2,"(0.95, 1.0]"
"(100, 105]","(2.2, 2.3]",0.0042417815482502655,100,105,2.2,2.3,"(0.95, 1.0]"
"(100, 105]","(2.3, 2.4]",0.0007069635913750442,100,105,2.3,2.4,"(0.95, 1.0]"
"(100, 105]","(2.4, 2.5]",0.0014139271827500884,100,105,2.4,2.5,"(0.95, 1.0]"
"(100, 105]","(2.5, 2.6]",0.0014139271827500884,100,105,2.5,2.6,"(0.95, 1.0]"
"(100, 105]","(2.6, 2.7]",0.002474372569812655,100,105,2.6,2.7,"(0.95, 1.0]"
"(100, 105]","(2.7, 2.8]",0.0007069635913750442,100,105,2.7,2.8,"(0.95, 1.0]"
"(100, 105]","(2.8, 2.9]",0.0010604453870625664,100,105,2.8,2.9,"(0.95, 1.0]"
"(105, 110]","(0.2, 0.3]",0.0003534817956875221,105,110,0.2,0.3,"(0.95, 1.0]"
"(105, 110]","(0.3, 0.4]",0.0007069635913750442,105,110,0.3,0.4,"(0.95, 1.0]"
"(105, 110]","(0.5, 0.6]",0.0003534817956875221,105,110,0.5,0.6,"(0.95, 1.0]"
"(105, 110]","(0.7, 0.8]",0.0007069635913750442,105,110,0.7,0.8,"(0.95, 1.0]"
"(105, 110]","(0.8, 0.9]",0.0007069635913750442,105,110,0.8,0.9,"(0.95, 1.0]"
"(105, 110]","(1.0, 1.1]",0.0007069635913750442,105,110,1.0,1.1,"(0.95, 1.0]"
"(105, 110]","(1.1, 1.2]",0.0014139271827500884,105,110,1.1,1.2,"(0.95, 1.0]"
"(105, 110]","(2.1, 2.2]",0.0007069635913750442,105,110,2.1,2.2,"(0.95, 1.0]"
"(105, 110]","(2.4, 2.5]",0.0007069635913750442,105,110,2.4,2.5,"(0.95, 1.0]"
"(105, 110]","(2.7, 2.8]",0.0003534817956875221,105,110,2.7,2.8,"(0.95, 1.0]"
"(105, 110]","(2.8, 2.9]",0.0010604453870625664,105,110,2.8,2.9,"(0.95, 1.0]"
"(110, 115]","(0.3, 0.4]",0.0003534817956875221,110,115,0.3,0.4,"(0.95, 1.0]"
"(110, 115]","(0.6, 0.7]",0.0007069635913750442,110,115,0.6,0.7,"(0.95, 1.0]"
"(110, 115]","(0.7, 0.8]",0.0007069635913750442,110,115,0.7,0.8,"(0.95, 1.0]"
"(110, 115]","(0.9, 1.0]",0.0003534817956875221,110,115,0.9,1.0,"(0.95, 1.0]"
"(110, 115]","(1.1, 1.2]",0.0003534817956875221,110,115,1.1,1.2,"(0.95, 1.0]"
"(110, 115]","(1.3, 1.4]",0.0003534817956875221,110,115,1.3,1.4,"(0.95, 1.0]"
"(110, 115]","(1.4, 1.5]",0.0003534817956875221,110,115,1.4,1.5,"(0.95, 1.0]"
"(110, 115]","(2.0, 2.1]",0.0042417815482502655,110,115,2.0,2.1,"(0.95, 1.0]"
"(110, 115]","(2.1, 2.2]",0.005655708731000354,110,115,2.1,2.2,"(0.95, 1.0]"
"(110, 115]","(2.2, 2.3]",0.0007069635913750442,110,115,2.2,2.3,"(0.95, 1.0]"
"(110, 115]","(2.3, 2.4]",0.0010604453870625664,110,115,2.3,2.4,"(0.95, 1.0]"
"(110, 115]","(2.6, 2.7]",0.0003534817956875221,110,115,2.6,2.7,"(0.95, 1.0]"
"(110, 115]","(2.8, 2.9]",0.0007069635913750442,110,115,2.8,2.9,"(0.95, 1.0]"
"(115, 120]","(0.3, 0.4]",0.0007069635913750442,115,120,0.3,0.4,"(0.95, 1.0]"
"(115, 120]","(0.8, 0.9]",0.0003534817956875221,115,120,0.8,0.9,"(0.95, 1.0]"
"(115, 120]","(1.2, 1.3]",0.0003534817956875221,115,120,1.2,1.3,"(0.95, 1.0]"
"(115, 120]","(1.3, 1.4]",0.0003534817956875221,115,120,1.3,1.4,"(0.95, 1.0]"
"(115, 120]","(1.6, 1.7]",0.0003534817956875221,115,120,1.6,1.7,"(0.95, 1.0]"
"(115, 120]","(1.9, 2.0]",0.0003534817956875221,115,120,1.9,2.0,"(0.95, 1.0]"
"(115, 120]","(2.0, 2.1]",0.005302226935312832,115,120,2.0,2.1,"(0.95, 1.0]"
"(115, 120]","(2.1, 2.2]",0.005655708731000354,115,120,2.1,2.2,"(0.95, 1.0]"
"(115, 120]","(2.2, 2.3]",0.0010604453870625664,115,120,2.2,2.3,"(0.95, 1.0]"
"(115, 120]","(2.5, 2.6]",0.0003534817956875221,115,120,2.5,2.6,"(0.95, 1.0]"
"(115, 120]","(2.7, 2.8]",0.0003534817956875221,115,120,2.7,2.8,"(0.95, 1.0]"
"(115, 120]","(2.8, 2.9]",0.0003534817956875221,115,120,2.8,2.9,"(0.95, 1.0]"
"(120, 125]","(1.2, 1.3]",0.0017674089784376105,120,125,1.2,1.3,"(0.95, 1.0]"
"(120, 125]","(1.3, 1.4]",0.0003534817956875221,120,125,1.3,1.4,"(0.95, 1.0]"
"(120, 125]","(1.8, 1.9]",0.0003534817956875221,120,125,1.8,1.9,"(0.95, 1.0]"
"(120, 125]","(2.0, 2.1]",0.0021208907741251328,120,125,2.0,2.1,"(0.95, 1.0]"
"(120, 125]","(2.1, 2.2]",0.0007069635913750442,120,125,2.1,2.2,"(0.95, 1.0]"
"(120, 125]","(2.2, 2.3]",0.0003534817956875221,120,125,2.2,2.3,"(0.95, 1.0]"
"(120, 125]","(2.6, 2.7]",0.0003534817956875221,120,125,2.6,2.7,"(0.95, 1.0]"
"(125, 130]","(1.0, 1.1]",0.0003534817956875221,125,130,1.0,1.1,"(0.95, 1.0]"
"(125, 130]","(1.2, 1.3]",0.0014139271827500884,125,130,1.2,1.3,"(0.95, 1.0]"
"(125, 130]","(1.8, 1.9]",0.0003534817956875221,125,130,1.8,1.9,"(0.95, 1.0]"
"(125, 130]","(1.9, 2.0]",0.0003534817956875221,125,130,1.9,2.0,"(0.95, 1.0]"
"(125, 130]","(2.0, 2.1]",0.0017674089784376105,125,130,2.0,2.1,"(0.95, 1.0]"
"(125, 130]","(2.1, 2.2]",0.0007069635913750442,125,130,2.1,2.2,"(0.95, 1.0]"
"(125, 130]","(2.2, 2.3]",0.0007069635913750442,125,130,2.2,2.3,"(0.95, 1.0]"
"(125, 130]","(2.4, 2.5]",0.0003534817956875221,125,130,2.4,2.5,"(0.95, 1.0]"
"(130, 135]","(0.7, 0.8]",0.0003534817956875221,130,135,0.7,0.8,"(0.95, 1.0]"
"(130, 135]","(2.0, 2.1]",0.002474372569812655,130,135,2.0,2.1,"(0.95, 1.0]"
"(130, 135]","(2.1, 2.2]",0.0003534817956875221,130,135,2.1,2.2,"(0.95, 1.0]"
"(130, 135]","(2.2, 2.3]",0.0007069635913750442,130,135,2.2,2.3,"(0.95, 1.0]"
"(135, 140]","(1.4, 1.5]",0.0003534817956875221,135,140,1.4,1.5,"(0.95, 1.0]"
"(135, 140]","(2.0, 2.1]",0.0003534817956875221,135,140,2.0,2.1,"(0.95, 1.0]"
"(135, 140]","(2.1, 2.2]",0.0003534817956875221,135,140,2.1,2.2,"(0.95, 1.0]"
"(155, 160]","(0.1, 0.2]",0.0003534817956875221,155,160,0.1,0.2,"(0.95, 1.0]"
"(155, 160]","(1.2, 1.3]",0.0003534817956875221,155,160,1.2,1.3,"(0.95, 1.0]"
"(155, 160]","(2.0, 2.1]",0.0003534817956875221,155,160,2.0,2.1,"(0.95, 1.0]"
"(155, 160]","(2.1, 2.2]",0.0003534817956875221,155,160,2.1,2.2,"(0.95, 1.0]"
"(160, 165]","(0.1, 0.2]",0.0007069635913750442,160,165,0.1,0.2,"(0.95, 1.0]"
"(160, 165]","(2.1, 2.2]",0.0003534817956875221,160,165,2.1,2.2,"(0.95, 1.0]"
"(165, 170]","(2.0, 2.1]",0.0003534817956875221,165,170,2.0,2.1,"(0.95, 1.0]"
"(165, 170]","(2.1, 2.2]",0.0003534817956875221,165,170,2.1,2.2,"(0.95, 1.0]"
"(170, 175]","(0.1, 0.2]",0.0003534817956875221,170,175,0.1,0.2,"(0.95, 1.0]"
"(170, 175]","(0.3, 0.4]",0.0007069635913750442,170,175,0.3,0.4,"(0.95, 1.0]"
"(170, 175]","(0.4, 0.5]",0.003181336161187699,170,175,0.4,0.5,"(0.95, 1.0]"
"(170, 175]","(2.3, 2.4]",0.0003534817956875221,170,175,2.3,2.4,"(0.95, 1.0]"
"(175, 180]","(0.4, 0.5]",0.0007069635913750442,175,180,0.4,0.5,"(0.95, 1.0]"
"(175, 180]","(0.6, 0.7]",0.0007069635913750442,175,180,0.6,0.7,"(0.95, 1.0]"
"(175, 180]","(0.7, 0.8]",0.0014139271827500884,175,180,0.7,0.8,"(0.95, 1.0]"
"(175, 180]","(0.8, 0.9]",0.0007069635913750442,175,180,0.8,0.9,"(0.95, 1.0]"
"(175, 180]","(1.0, 1.1]",0.0003534817956875221,175,180,1.0,1.1,"(0.95, 1.0]"
"(180, 185]","(1.8, 1.9]",0.0003534817956875221,180,185,1.8,1.9,"(0.95, 1.0]"
"(180, 185]","(2.0, 2.1]",0.0010604453870625664,180,185,2.0,2.1,"(0.95, 1.0]"
"(185, 190]","(1.2, 1.3]",0.0003534817956875221,185,190,1.2,1.3,"(0.95, 1.0]"
"(185, 190]","(2.0, 2.1]",0.0010604453870625664,185,190,2.0,2.1,"(0.95, 1.0]"
"(185, 190]","(2.2, 2.3]",0.0003534817956875221,185,190,2.2,2.3,"(0.95, 1.0]"
"(185, 190]","(2.4, 2.5]",0.0003534817956875221,185,190,2.4,2.5,"(0.95, 1.0]"
"(185, 190]","(2.6, 2.7]",0.0003534817956875221,185,190,2.6,2.7,"(0.95, 1.0]"
"(190, 195]","(0.8, 0.9]",0.0003534817956875221,190,195,0.8,0.9,"(0.95, 1.0]"
"(190, 195]","(2.1, 2.2]",0.0003534817956875221,190,195,2.1,2.2,"(0.95, 1.0]"
"(195, 200]","(1.1, 1.2]",0.0003534817956875221,195,200,1.1,1.2,"(0.95, 1.0]"
"(195, 200]","(2.0, 2.1]",0.0003534817956875221,195,200,2.0,2.1,"(0.95, 1.0]"
"(195, 200]","(2.1, 2.2]",0.0003534817956875221,195,200,2.1,2.2,"(0.95, 1.0]"
"(195, 200]","(2.4, 2.5]",0.0003534817956875221,195,200,2.4,2.5,"(0.95, 1.0]"
"(200, 205]","(1.3, 1.4]",0.0003534817956875221,200,205,1.3,1.4,"(0.95, 1.0]"
"(200, 205]","(2.3, 2.4]",0.0007069635913750442,200,205,2.3,2.4,"(0.95, 1.0]"
"(270, 275]","(0.6, 0.7]",0.0003534817956875221,270,275,0.6,0.7,"(0.95, 1.0]"
